ISO-10303-21;
HEADER;

/* File generated by Shapr3D Version 5.930.9346.0 */

FILE_DESCRIPTION(('HOOPS Exchange Step'),'2;1');

FILE_NAME('C:\\Users\\ggllxx\\AppData\\Local\\Packages\\Shapr3D.Shapr3D_j403pzjkqtqbj\\TempState\\export\\temp_export',
'2025-09-09T03:40:56-16:00',
('ggllxx'),
('Shapr3D Limited'),
'HOOPS Exchange 2025.5',
'Shapr3D',
'Authorized');

FILE_SCHEMA( ('AUTOMOTIVE_DESIGN { 1 0 10303 214 1 1 1 1 }') );

ENDSEC;

DATA;
#3=(NAMED_UNIT(*)PLANE_ANGLE_UNIT()SI_UNIT($,.RADIAN.));
#4=PLANE_ANGLE_MEASURE_WITH_UNIT(PLANE_ANGLE_MEASURE(0.0174532925),#3);
#5=(CONVERSION_BASED_UNIT('DEGREE',#4)NAMED_UNIT(#6)PLANE_ANGLE_UNIT());
#6=DIMENSIONAL_EXPONENTS(0.,0.,0.,0.,0.,0.,0.);
#7=(NAMED_UNIT(*)SI_UNIT($,.STERADIAN.)SOLID_ANGLE_UNIT());
#8=(LENGTH_UNIT()NAMED_UNIT(*)SI_UNIT(.MILLI.,.METRE.));
#9=UNCERTAINTY_MEASURE_WITH_UNIT(LENGTH_MEASURE(1.000000E-03),#8,'DISTANCE_ACCURACY_VALUE','Maximum Tolerance applied to model');
#10=(GEOMETRIC_REPRESENTATION_CONTEXT(3)GLOBAL_UNCERTAINTY_ASSIGNED_CONTEXT((#9))GLOBAL_UNIT_ASSIGNED_CONTEXT((#8,#5,#7))REPRESENTATION_CONTEXT('','root'));
#12=CARTESIAN_POINT('',(0.,0.,0.));
#13=DIRECTION('',(0.,0.,1.));
#14=DIRECTION('',(1.,0.,0.));
#15=AXIS2_PLACEMENT_3D('',#12,#13,#14);
#26=(NAMED_UNIT(*)PLANE_ANGLE_UNIT()SI_UNIT($,.RADIAN.));
#27=PLANE_ANGLE_MEASURE_WITH_UNIT(PLANE_ANGLE_MEASURE(0.0174532925),#26);
#28=(CONVERSION_BASED_UNIT('DEGREE',#27)NAMED_UNIT(#29)PLANE_ANGLE_UNIT());
#29=DIMENSIONAL_EXPONENTS(0.,0.,0.,0.,0.,0.,0.);
#30=(NAMED_UNIT(*)SI_UNIT($,.STERADIAN.)SOLID_ANGLE_UNIT());
#31=(LENGTH_UNIT()NAMED_UNIT(*)SI_UNIT(.MILLI.,.METRE.));
#32=UNCERTAINTY_MEASURE_WITH_UNIT(LENGTH_MEASURE(1.000000E-03),#31,'DISTANCE_ACCURACY_VALUE','Maximum Tolerance applied to model');
#33=(GEOMETRIC_REPRESENTATION_CONTEXT(3)GLOBAL_UNCERTAINTY_ASSIGNED_CONTEXT((#32))GLOBAL_UNIT_ASSIGNED_CONTEXT((#31,#28,#30))REPRESENTATION_CONTEXT('','\X2\4E9153F0603B88C5\X0\.STEP'));
#45=CARTESIAN_POINT('',(0.,0.,0.));
#46=DIRECTION('',(0.,0.,1.));
#47=DIRECTION('',(1.,0.,-0.));
#48=AXIS2_PLACEMENT_3D('',#45,#46,#47);
#49=ITEM_DEFINED_TRANSFORMATION('','',#48,#15);
#50=(REPRESENTATION_RELATIONSHIP('','',#35,#16)REPRESENTATION_RELATIONSHIP_WITH_TRANSFORMATION(#49)SHAPE_REPRESENTATION_RELATIONSHIP());
#51=NEXT_ASSEMBLY_USAGE_OCCURRENCE('\X2\4E9153F0603B88C5\X0\.STEP_1','\X2\4E9153F0603B88C5\X0\.STEP','\X2\4E9153F0603B88C5\X0\.STEP',#25,#44,$);
#52=PRODUCT_DEFINITION_SHAPE('','',#51);
#53=CONTEXT_DEPENDENT_SHAPE_REPRESENTATION(#50,#52);
#54=(NAMED_UNIT(*)PLANE_ANGLE_UNIT()SI_UNIT($,.RADIAN.));
#55=PLANE_ANGLE_MEASURE_WITH_UNIT(PLANE_ANGLE_MEASURE(0.0174532925),#54);
#56=(CONVERSION_BASED_UNIT('DEGREE',#55)NAMED_UNIT(#57)PLANE_ANGLE_UNIT());
#57=DIMENSIONAL_EXPONENTS(0.,0.,0.,0.,0.,0.,0.);
#58=(NAMED_UNIT(*)SI_UNIT($,.STERADIAN.)SOLID_ANGLE_UNIT());
#59=(LENGTH_UNIT()NAMED_UNIT(*)SI_UNIT(.MILLI.,.METRE.));
#60=UNCERTAINTY_MEASURE_WITH_UNIT(LENGTH_MEASURE(1.000000E-05),#59,'DISTANCE_ACCURACY_VALUE','Maximum Tolerance applied to model');
#61=(GEOMETRIC_REPRESENTATION_CONTEXT(3)GLOBAL_UNCERTAINTY_ASSIGNED_CONTEXT((#60))GLOBAL_UNIT_ASSIGNED_CONTEXT((#59,#56,#58))REPRESENTATION_CONTEXT('','pitch\X2\8F74\X0\'));
#73=CARTESIAN_POINT('',(0.,0.,0.));
#74=DIRECTION('',(0.,0.,1.));
#75=DIRECTION('',(1.,0.,-0.));
#76=AXIS2_PLACEMENT_3D('',#73,#74,#75);
#77=ITEM_DEFINED_TRANSFORMATION('','',#76,#15);
#78=(REPRESENTATION_RELATIONSHIP('','',#63,#35)REPRESENTATION_RELATIONSHIP_WITH_TRANSFORMATION(#77)SHAPE_REPRESENTATION_RELATIONSHIP());
#79=NEXT_ASSEMBLY_USAGE_OCCURRENCE('pitch\X2\8F74\X0\_2','pitch\X2\8F74\X0\','pitch\X2\8F74\X0\',#44,#72,$);
#80=PRODUCT_DEFINITION_SHAPE('','',#79);
#81=CONTEXT_DEPENDENT_SHAPE_REPRESENTATION(#78,#80);
#83=CARTESIAN_POINT('',(-20.72,96.187330554,132.938638218));
#84=DIRECTION('',(-0.,-1.,0.));
#85=DIRECTION('',(0.,-0.,-1.));
#86=AXIS2_PLACEMENT_3D('',#83,#84,#85);
#87=CYLINDRICAL_SURFACE('',#86,28.5);
#88=CARTESIAN_POINT('',(-44.655370063,71.187330554,148.409516019));
#89=VERTEX_POINT('',#88);
#90=CARTESIAN_POINT('',(3.215370064,71.187330554,148.409516019));
#91=VERTEX_POINT('',#90);
#92=CARTESIAN_POINT('',(-20.72,71.187330554,132.938638218));
#93=DIRECTION('',(0.,1.,-0.));
#94=DIRECTION('',(0.,-0.,-1.));
#95=AXIS2_PLACEMENT_3D('',#92,#93,#94);
#96=CIRCLE('',#95,28.5);
#97=EDGE_CURVE('',#89,#91,#96,.T.);
#98=ORIENTED_EDGE('',*,*,#97,.F.);
#99=CARTESIAN_POINT('',(-49.22,69.48320465,132.938638218));
#100=VERTEX_POINT('',#99);
#101=CARTESIAN_POINT('',(-44.655370063,71.187330554,148.409516019));
#102=CARTESIAN_POINT('',(-45.39343649,70.938788599,147.267635559));
#103=CARTESIAN_POINT('',(-46.043104934,70.707387019,146.084296849));
#104=CARTESIAN_POINT('',(-46.607081453,70.499977606,144.859586747));
#105=CARTESIAN_POINT('',(-47.171057972,70.292568193,143.634876644));
#106=CARTESIAN_POINT('',(-47.649347523,70.109111152,142.368803697));
#107=CARTESIAN_POINT('',(-48.038728861,69.956816938,141.058801604));
#108=CARTESIAN_POINT('',(-48.233419529,69.88066983,140.403800558));
#109=CARTESIAN_POINT('',(-48.406121914,69.812187046,139.73564669));
#110=CARTESIAN_POINT('',(-48.553610462,69.753242528,139.065638188));
#111=CARTESIAN_POINT('',(-48.70109901,69.694298011,138.395629687));
#112=CARTESIAN_POINT('',(-48.824044413,69.644633674,137.722042366));
#113=CARTESIAN_POINT('',(-48.922637595,69.604622571,137.044881347));
#114=CARTESIAN_POINT('',(-49.119823959,69.524600365,135.690559309));
#115=CARTESIAN_POINT('',(-49.22,69.48320465,134.321992213));
#116=CARTESIAN_POINT('',(-49.22,69.48320465,132.938638218));
#117=B_SPLINE_CURVE_WITH_KNOTS('',3,(#101,#102,#103,#104,#105,#106,#107,#108,#109,#110,#111,#112,#113,#114,#115,#116),.UNSPECIFIED.,.F.,.F.,(4,3,3,3,3,4),(0.,0.004091755,0.00818351,0.010229387,0.012275265,0.01636702),.UNSPECIFIED.);
#118=EDGE_CURVE('',#89,#100,#117,.T.);
#119=ORIENTED_EDGE('',*,*,#118,.T.);
#120=CARTESIAN_POINT('',(-49.22,66.187330554,132.938638218));
#121=VERTEX_POINT('',#120);
#122=CARTESIAN_POINT('',(-49.22,69.48320465,132.938638218));
#123=DIRECTION('',(-0.,-1.,0.));
#124=VECTOR('',#123,3.295874096);
#125=LINE('',#122,#124);
#126=EDGE_CURVE('',#100,#121,#125,.T.);
#127=ORIENTED_EDGE('',*,*,#126,.T.);
#128=CARTESIAN_POINT('',(7.779999998,66.187330554,132.938638211));
#129=VERTEX_POINT('',#128);
#130=CARTESIAN_POINT('',(-20.72,66.187330554,132.938638218));
#131=DIRECTION('',(-0.,-1.,0.));
#132=DIRECTION('',(0.,-0.,-1.));
#133=AXIS2_PLACEMENT_3D('',#130,#131,#132);
#134=CIRCLE('',#133,28.5);
#135=EDGE_CURVE('NONE',#129,#121,#134,.T.);
#136=ORIENTED_EDGE('',*,*,#135,.F.);
#137=CARTESIAN_POINT('',(7.78,69.48320465,132.938638216));
#138=VERTEX_POINT('',#137);
#139=CARTESIAN_POINT('',(7.779999996,69.48320465,132.938638216));
#140=DIRECTION('',(-0.,-1.,0.));
#141=VECTOR('',#140,3.295874096);
#142=LINE('',#139,#141);
#143=EDGE_CURVE('',#138,#129,#142,.T.);
#144=ORIENTED_EDGE('',*,*,#143,.F.);
#145=CARTESIAN_POINT('',(7.78,69.48320465,132.938638216));
#146=CARTESIAN_POINT('',(7.780000001,69.48320465,134.322385116));
#147=CARTESIAN_POINT('',(7.679785686,69.524610506,135.687033137));
#148=CARTESIAN_POINT('',(7.484275931,69.603957679,137.033613091));
#149=CARTESIAN_POINT('',(7.288766176,69.683304851,138.380193046));
#150=CARTESIAN_POINT('',(6.997930356,69.800605671,139.708699119));
#151=CARTESIAN_POINT('',(6.610481148,69.952219254,141.01915802));
#152=CARTESIAN_POINT('',(6.416756543,70.028026046,141.67438747));
#153=CARTESIAN_POINT('',(6.197943408,70.112720815,142.326948321));
#154=CARTESIAN_POINT('',(5.95775021,70.204136987,142.965983019));
#155=CARTESIAN_POINT('',(5.717557012,70.295553159,143.605017717));
#156=CARTESIAN_POINT('',(5.455591246,70.393850712,144.232360887));
#157=CARTESIAN_POINT('',(5.172245105,70.498078394,144.848367159));
#158=CARTESIAN_POINT('',(4.605552824,70.706533758,146.080379703));
#159=CARTESIAN_POINT('',(3.953703617,70.938698644,147.267222281));
#160=CARTESIAN_POINT('',(3.215370064,71.187330554,148.409516019));
#161=B_SPLINE_CURVE_WITH_KNOTS('',3,(#145,#146,#147,#148,#149,#150,#151,#152,#153,#154,#155,#156,#157,#158,#159,#160),.UNSPECIFIED.,.F.,.F.,(4,3,3,3,3,4),(0.,0.004088296,0.008176592,0.01022074,0.012264889,0.016353185),.UNSPECIFIED.);
#162=EDGE_CURVE('',#138,#91,#161,.T.);
#163=ORIENTED_EDGE('',*,*,#162,.T.);
#164=EDGE_LOOP('',(#98,#119,#127,#136,#144,#163));
#165=FACE_BOUND('',#164,.T.);
#166=ADVANCED_FACE('',(#165),#87,.T.);
#167=CARTESIAN_POINT('',(-52.47,96.187330554,125.15470899));
#168=DIRECTION('',(-0.922794839,0.,0.385291688));
#169=DIRECTION('',(0.385291688,0.,0.922794839));
#170=AXIS2_PLACEMENT_3D('',#167,#168,#169);
#171=PLANE('',#170);
#172=ORIENTED_EDGE('',*,*,#126,.F.);
#173=CARTESIAN_POINT('',(-55.230411425,66.69774198,118.543371397));
#174=VERTEX_POINT('',#173);
#175=CARTESIAN_POINT('',(-20.72,0.109218171,201.197709789));
#176=DIRECTION('',(-0.922794839,0.,0.385291688));
#177=DIRECTION('',(0.385291688,-0.,0.922794839));
#178=AXIS2_PLACEMENT_3D('',#175,#176,#177);
#179=ELLIPSE('',#178,194.657716026,75.);
#180=EDGE_CURVE('',#100,#174,#179,.T.);
#181=ORIENTED_EDGE('',*,*,#180,.T.);
#182=CARTESIAN_POINT('',(-54.72,66.187330554,119.765834909));
#183=VERTEX_POINT('',#182);
#184=CARTESIAN_POINT('',(-54.72,66.187330554,119.765834909));
#185=DIRECTION('',(-0.359528773,0.359528773,-0.861091239));
#186=VECTOR('',#185,1.419667807);
#187=LINE('',#184,#186);
#188=EDGE_CURVE('NONE',#183,#174,#187,.T.);
#189=ORIENTED_EDGE('',*,*,#188,.F.);
#190=CARTESIAN_POINT('',(-49.22,66.187330554,132.938638218));
#191=DIRECTION('',(-0.385291688,-0.,-0.922794839));
#192=VECTOR('',#191,14.274899195);
#193=LINE('',#190,#192);
#194=EDGE_CURVE('NONE',#121,#183,#193,.T.);
#195=ORIENTED_EDGE('',*,*,#194,.F.);
#196=EDGE_LOOP('',(#172,#181,#189,#195));
#197=FACE_BOUND('',#196,.T.);
#198=ADVANCED_FACE('',(#197),#171,.T.);
#199=CARTESIAN_POINT('',(11.03,96.187330554,125.15470899));
#200=DIRECTION('',(-0.922794839,0.,-0.385291688));
#201=DIRECTION('',(-0.,-1.,0.));
#202=AXIS2_PLACEMENT_3D('',#199,#200,#201);
#203=PLANE('',#202);
#204=CARTESIAN_POINT('',(13.79041143,66.69774198,118.543371399));
#205=VERTEX_POINT('',#204);
#206=CARTESIAN_POINT('',(-20.72,0.109218171,201.197709789));
#207=DIRECTION('',(-0.922794839,0.,-0.385291688));
#208=DIRECTION('',(-0.385291688,0.,0.922794839));
#209=AXIS2_PLACEMENT_3D('',#206,#207,#208);
#210=ELLIPSE('',#209,194.657716026,75.);
#211=EDGE_CURVE('',#138,#205,#210,.T.);
#212=ORIENTED_EDGE('',*,*,#211,.F.);
#213=ORIENTED_EDGE('',*,*,#143,.T.);
#214=CARTESIAN_POINT('',(13.280000002,66.187330554,119.765834914));
#215=VERTEX_POINT('',#214);
#216=CARTESIAN_POINT('',(7.779999998,66.187330554,132.938638211));
#217=DIRECTION('',(0.385291688,-0.,-0.922794839));
#218=VECTOR('',#217,14.274899185);
#219=LINE('',#216,#218);
#220=EDGE_CURVE('NONE',#129,#215,#219,.T.);
#221=ORIENTED_EDGE('',*,*,#220,.T.);
#222=CARTESIAN_POINT('',(13.280000002,66.187330553,119.765834914));
#223=DIRECTION('',(0.359528774,0.359528773,-0.861091239));
#224=VECTOR('',#223,1.419667811);
#225=LINE('',#222,#224);
#226=EDGE_CURVE('NONE',#215,#205,#225,.T.);
#227=ORIENTED_EDGE('',*,*,#226,.T.);
#228=EDGE_LOOP('',(#212,#213,#221,#227));
#229=FACE_BOUND('',#228,.T.);
#230=ADVANCED_FACE('',(#229),#203,.F.);
#231=CARTESIAN_POINT('',(-54.72,66.187330554,167.938638218));
#232=DIRECTION('',(-0.707106781,-0.707106781,0.));
#233=DIRECTION('',(0.707106781,-0.707106781,0.));
#234=AXIS2_PLACEMENT_3D('',#231,#232,#233);
#235=PLANE('',#234);
#236=ORIENTED_EDGE('',*,*,#188,.T.);
#237=CARTESIAN_POINT('',(-55.230411426,66.697741981,117.860368335));
#238=VERTEX_POINT('',#237);
#239=CARTESIAN_POINT('',(-55.230411426,66.697741981,118.543371397));
#240=DIRECTION('',(-0.,-0.,-1.));
#241=VECTOR('',#240,0.683003062);
#242=LINE('',#239,#241);
#243=EDGE_CURVE('',#174,#238,#242,.T.);
#244=ORIENTED_EDGE('',*,*,#243,.T.);
#245=CARTESIAN_POINT('',(-54.72,66.187330554,118.370779762));
#246=VERTEX_POINT('',#245);
#247=CARTESIAN_POINT('',(-55.230411426,66.697741981,117.860368335));
#248=DIRECTION('',(0.577350269,-0.577350269,0.577350269));
#249=VECTOR('',#248,0.884058524);
#250=LINE('',#247,#249);
#251=EDGE_CURVE('',#238,#246,#250,.T.);
#252=ORIENTED_EDGE('',*,*,#251,.T.);
#253=CARTESIAN_POINT('',(-54.72,66.187330554,119.765834909));
#254=DIRECTION('',(0.,-0.,-1.));
#255=VECTOR('',#254,1.395055147);
#256=LINE('',#253,#255);
#257=EDGE_CURVE('NONE',#183,#246,#256,.T.);
#258=ORIENTED_EDGE('',*,*,#257,.F.);
#259=EDGE_LOOP('',(#236,#244,#252,#258));
#260=FACE_BOUND('',#259,.T.);
#261=ADVANCED_FACE('',(#260),#235,.T.);
#262=CARTESIAN_POINT('',(-55.72,0.109218171,117.370779762));
#263=DIRECTION('',(0.707106781,-0.,-0.707106781));
#264=DIRECTION('',(0.,1.,-0.));
#265=AXIS2_PLACEMENT_3D('',#262,#263,#264);
#266=PLANE('',#265);
#267=CARTESIAN_POINT('',(-55.72,66.441713978,117.370779763));
#268=VERTEX_POINT('',#267);
#269=CARTESIAN_POINT('',(-20.72,0.109218171,152.370779762));
#270=DIRECTION('',(0.707106781,-0.,-0.707106781));
#271=DIRECTION('',(0.707106781,-0.,0.707106781));
#272=AXIS2_PLACEMENT_3D('',#269,#270,#271);
#273=ELLIPSE('',#272,106.066017178,75.);
#274=EDGE_CURVE('',#268,#238,#273,.T.);
#275=ORIENTED_EDGE('',*,*,#274,.F.);
#276=CARTESIAN_POINT('',(-55.72,42.450669065,117.370779762));
#277=VERTEX_POINT('',#276);
#278=CARTESIAN_POINT('',(-55.72,42.450669065,117.370779762));
#279=DIRECTION('',(0.,1.,-0.));
#280=VECTOR('',#279,23.991044913);
#281=LINE('',#278,#280);
#282=EDGE_CURVE('NONE',#277,#268,#281,.T.);
#283=ORIENTED_EDGE('',*,*,#282,.F.);
#284=CARTESIAN_POINT('',(-54.72,42.450669065,118.370779762));
#285=VERTEX_POINT('',#284);
#286=CARTESIAN_POINT('',(-55.72,42.450669065,117.370779762));
#287=DIRECTION('',(0.707106781,-0.,0.707106781));
#288=VECTOR('',#287,1.414213562);
#289=LINE('',#286,#288);
#290=EDGE_CURVE('NONE',#277,#285,#289,.T.);
#291=ORIENTED_EDGE('',*,*,#290,.T.);
#292=CARTESIAN_POINT('',(-54.72,66.187330554,118.370779762));
#293=DIRECTION('',(-0.,-1.,0.));
#294=VECTOR('',#293,23.736661489);
#295=LINE('',#292,#294);
#296=EDGE_CURVE('NONE',#246,#285,#295,.T.);
#297=ORIENTED_EDGE('',*,*,#296,.F.);
#298=ORIENTED_EDGE('',*,*,#251,.F.);
#299=EDGE_LOOP('',(#275,#283,#291,#297,#298));
#300=FACE_BOUND('',#299,.T.);
#301=ADVANCED_FACE('',(#300),#266,.F.);
#302=CARTESIAN_POINT('',(14.28,67.187330554,41.938638218));
#303=DIRECTION('',(-0.707106781,0.707106781,-0.));
#304=DIRECTION('',(-0.,0.,1.));
#305=AXIS2_PLACEMENT_3D('',#302,#303,#304);
#306=PLANE('',#305);
#307=CARTESIAN_POINT('',(13.790411427,66.697741981,117.860368335));
#308=VERTEX_POINT('',#307);
#309=CARTESIAN_POINT('',(13.790411427,66.697741981,118.543371399));
#310=DIRECTION('',(-0.,-0.,-1.));
#311=VECTOR('',#310,0.683003064);
#312=LINE('',#309,#311);
#313=EDGE_CURVE('',#205,#308,#312,.T.);
#314=ORIENTED_EDGE('',*,*,#313,.F.);
#315=ORIENTED_EDGE('',*,*,#226,.F.);
#316=CARTESIAN_POINT('',(13.28,66.187330554,118.370779762));
#317=VERTEX_POINT('',#316);
#318=CARTESIAN_POINT('',(13.28,66.187330554,118.370779762));
#319=DIRECTION('',(-0.,0.,1.));
#320=VECTOR('',#319,1.395055152);
#321=LINE('',#318,#320);
#322=EDGE_CURVE('NONE',#317,#215,#321,.T.);
#323=ORIENTED_EDGE('',*,*,#322,.F.);
#324=CARTESIAN_POINT('',(13.28,66.187330554,118.370779762));
#325=DIRECTION('',(0.577350269,0.577350269,-0.577350269));
#326=VECTOR('',#325,0.884058524);
#327=LINE('',#324,#326);
#328=EDGE_CURVE('NONE',#317,#308,#327,.T.);
#329=ORIENTED_EDGE('',*,*,#328,.T.);
#330=EDGE_LOOP('',(#314,#315,#323,#329));
#331=FACE_BOUND('',#330,.T.);
#332=ADVANCED_FACE('',(#331),#306,.F.);
#333=CARTESIAN_POINT('',(13.28,41.187330554,118.370779762));
#334=DIRECTION('',(0.707106781,-0.,0.707106781));
#335=DIRECTION('',(-0.,-1.,0.));
#336=AXIS2_PLACEMENT_3D('',#333,#334,#335);
#337=PLANE('',#336);
#338=CARTESIAN_POINT('',(14.28,66.441713978,117.370779768));
#339=VERTEX_POINT('',#338);
#340=CARTESIAN_POINT('',(14.280000001,42.450669065,117.370779762));
#341=VERTEX_POINT('',#340);
#342=CARTESIAN_POINT('',(14.28,66.441713978,117.370779762));
#343=DIRECTION('',(-0.,-1.,0.));
#344=VECTOR('',#343,23.991044913);
#345=LINE('',#342,#344);
#346=EDGE_CURVE('',#339,#341,#345,.T.);
#347=ORIENTED_EDGE('',*,*,#346,.F.);
#348=CARTESIAN_POINT('',(-20.72,0.109218171,152.370779762));
#349=DIRECTION('',(0.707106781,-0.,0.707106781));
#350=DIRECTION('',(-0.707106781,0.,0.707106781));
#351=AXIS2_PLACEMENT_3D('',#348,#349,#350);
#352=ELLIPSE('',#351,106.066017178,75.);
#353=EDGE_CURVE('',#339,#308,#352,.T.);
#354=ORIENTED_EDGE('',*,*,#353,.T.);
#355=ORIENTED_EDGE('',*,*,#328,.F.);
#356=CARTESIAN_POINT('',(13.28,42.450669065,118.370779762));
#357=VERTEX_POINT('',#356);
#358=CARTESIAN_POINT('',(13.28,42.450669065,118.370779762));
#359=DIRECTION('',(0.,1.,-0.));
#360=VECTOR('',#359,23.736661489);
#361=LINE('',#358,#360);
#362=EDGE_CURVE('NONE',#357,#317,#361,.T.);
#363=ORIENTED_EDGE('',*,*,#362,.F.);
#364=CARTESIAN_POINT('',(13.28,42.450669065,118.370779762));
#365=DIRECTION('',(0.707106781,-0.,-0.707106781));
#366=VECTOR('',#365,1.414213563);
#367=LINE('',#364,#366);
#368=EDGE_CURVE('NONE',#357,#341,#367,.T.);
#369=ORIENTED_EDGE('',*,*,#368,.T.);
#370=EDGE_LOOP('',(#347,#354,#355,#363,#369));
#371=FACE_BOUND('',#370,.T.);
#372=ADVANCED_FACE('',(#371),#337,.T.);
#373=CARTESIAN_POINT('',(-55.72,68.187330554,97.402739833));
#374=DIRECTION('',(1.,-0.,0.));
#375=DIRECTION('',(-0.,-0.,-1.));
#376=AXIS2_PLACEMENT_3D('',#373,#374,#375);
#377=CYLINDRICAL_SURFACE('',#376,3.);
#378=CARTESIAN_POINT('',(3.215370064,71.187330554,97.402739833));
#379=VERTEX_POINT('',#378);
#380=CARTESIAN_POINT('',(-44.655370063,71.187330554,97.402739833));
#381=VERTEX_POINT('',#380);
#382=CARTESIAN_POINT('',(3.215370064,71.187330554,97.402739833));
#383=DIRECTION('',(-1.,0.,-0.));
#384=VECTOR('',#383,47.870740127);
#385=LINE('',#382,#384);
#386=EDGE_CURVE('',#379,#381,#385,.T.);
#387=ORIENTED_EDGE('',*,*,#386,.F.);
#388=CARTESIAN_POINT('',(4.377337823,70.785406766,95.902739833));
#389=VERTEX_POINT('',#388);
#390=CARTESIAN_POINT('',(3.215370064,71.187330554,97.402739833));
#391=CARTESIAN_POINT('',(3.215370064,71.187330554,97.317096079));
#392=CARTESIAN_POINT('',(3.226220721,71.183678921,97.233647511));
#393=CARTESIAN_POINT('',(3.246492263,71.176842647,97.152105742));
#394=CARTESIAN_POINT('',(3.266763805,71.170006373,97.070563974));
#395=CARTESIAN_POINT('',(3.296909615,71.159830663,96.99039479));
#396=CARTESIAN_POINT('',(3.333400625,71.147474895,96.915353456));
#397=CARTESIAN_POINT('',(3.406382646,71.12276336,96.765270787));
#398=CARTESIAN_POINT('',(3.506129041,71.088851236,96.62984958));
#399=CARTESIAN_POINT('',(3.61663299,71.05094281,96.508466469));
#400=CARTESIAN_POINT('',(3.72713694,71.013034385,96.387083357));
#401=CARTESIAN_POINT('',(3.848586265,70.971076391,96.279019504));
#402=CARTESIAN_POINT('',(3.976625856,70.926424212,96.179070786));
#403=CARTESIAN_POINT('',(4.104665447,70.881772032,96.079122068));
#404=CARTESIAN_POINT('',(4.239415495,70.83438342,95.987569887));
#405=CARTESIAN_POINT('',(4.377337823,70.785406766,95.902739833));
#406=B_SPLINE_CURVE_WITH_KNOTS('',3,(#390,#391,#392,#393,#394,#395,#396,#397,#398,#399,#400,#401,#402,#403,#404,#405),.UNSPECIFIED.,.F.,.F.,(4,3,3,3,3,4),(0.,0.000252335,0.000504669,0.001009338,0.001514007,0.002018677),.UNSPECIFIED.);
#407=EDGE_CURVE('',#379,#389,#406,.T.);
#408=ORIENTED_EDGE('',*,*,#407,.T.);
#409=CARTESIAN_POINT('',(-45.817337822,70.785406766,95.902739833));
#410=VERTEX_POINT('',#409);
#411=CARTESIAN_POINT('',(-45.817337822,70.78540676,95.902739836));
#412=DIRECTION('',(1.,-0.,0.));
#413=VECTOR('',#412,50.194675645);
#414=LINE('',#411,#413);
#415=EDGE_CURVE('',#410,#389,#414,.T.);
#416=ORIENTED_EDGE('',*,*,#415,.F.);
#417=CARTESIAN_POINT('',(-45.817337822,70.785406766,95.902739833));
#418=CARTESIAN_POINT('',(-45.679555248,70.834333793,95.98748393));
#419=CARTESIAN_POINT('',(-45.54578595,70.881378672,96.078343775));
#420=CARTESIAN_POINT('',(-45.417923096,70.925971801,96.1780586));
#421=CARTESIAN_POINT('',(-45.290060242,70.97056493,96.277773425));
#422=CARTESIAN_POINT('',(-45.167055262,71.013062704,96.387136561));
#423=CARTESIAN_POINT('',(-45.05643267,71.051011529,96.50868655));
#424=CARTESIAN_POINT('',(-45.001121375,71.069985942,96.569461544));
#425=CARTESIAN_POINT('',(-44.949068853,71.087769626,96.633145236));
#426=CARTESIAN_POINT('',(-44.901343539,71.104025197,96.7006769));
#427=CARTESIAN_POINT('',(-44.853618226,71.120280768,96.768208564));
#428=CARTESIAN_POINT('',(-44.809920306,71.135109398,96.840260294));
#429=CARTESIAN_POINT('',(-44.77342671,71.147466063,96.915299815));
#430=CARTESIAN_POINT('',(-44.736933114,71.159822728,96.990339335));
#431=CARTESIAN_POINT('',(-44.707393233,71.169793993,97.068501149));
#432=CARTESIAN_POINT('',(-44.686844192,71.176723963,97.150694108));
#433=CARTESIAN_POINT('',(-44.666295151,71.183653933,97.232887066));
#434=CARTESIAN_POINT('',(-44.655370063,71.187330554,97.317378844));
#435=CARTESIAN_POINT('',(-44.655370063,71.187330554,97.402739833));
#436=B_SPLINE_CURVE_WITH_KNOTS('',3,(#417,#418,#419,#420,#421,#422,#423,#424,#425,#426,#427,#428,#429,#430,#431,#432,#433,#434,#435),.UNSPECIFIED.,.F.,.F.,(4,3,3,3,3,3,4),(0.,0.000504479,0.001008958,0.001261197,0.001513436,0.001765676,0.002017915),.UNSPECIFIED.);
#437=EDGE_CURVE('',#410,#381,#436,.T.);
#438=ORIENTED_EDGE('',*,*,#437,.T.);
#439=EDGE_LOOP('',(#387,#408,#416,#438));
#440=FACE_BOUND('',#439,.T.);
#441=ADVANCED_FACE('',(#440),#377,.T.);
#442=CARTESIAN_POINT('',(-55.72,39.629218171,41.938638218));
#443=DIRECTION('',(0.,0.866025404,-0.5));
#444=DIRECTION('',(-1.,0.,0.));
#445=AXIS2_PLACEMENT_3D('',#442,#443,#444);
#446=PLANE('',#445);
#447=CARTESIAN_POINT('',(-41.72,62.515969515,81.57965437));
#448=VERTEX_POINT('',#447);
#449=CARTESIAN_POINT('',(-41.72,47.515969517,55.598892257));
#450=VERTEX_POINT('',#449);
#451=CARTESIAN_POINT('',(-41.72,62.515969513,81.579654372));
#452=DIRECTION('',(-0.,-0.5,-0.866025404));
#453=VECTOR('',#452,30.);
#454=LINE('',#451,#453);
#455=EDGE_CURVE('NONE',#448,#450,#454,.T.);
#456=ORIENTED_EDGE('',*,*,#455,.T.);
#457=CARTESIAN_POINT('',(-35.72,44.515969518,50.402739833));
#458=VERTEX_POINT('',#457);
#459=CARTESIAN_POINT('',(-35.72,47.515969517,55.598892256));
#460=DIRECTION('',(-0.,-0.866025404,0.5));
#461=DIRECTION('',(-0.,-0.5,-0.866025404));
#462=AXIS2_PLACEMENT_3D('',#459,#460,#461);
#463=CIRCLE('',#462,6.);
#464=EDGE_CURVE('NONE',#450,#458,#463,.T.);
#465=ORIENTED_EDGE('',*,*,#464,.T.);
#466=CARTESIAN_POINT('',(-29.72,47.515969517,55.598892256));
#467=VERTEX_POINT('',#466);
#468=CARTESIAN_POINT('',(-35.72,47.515969517,55.598892256));
#469=DIRECTION('',(-0.,-0.866025404,0.5));
#470=DIRECTION('',(-0.,-0.5,-0.866025404));
#471=AXIS2_PLACEMENT_3D('',#468,#469,#470);
#472=CIRCLE('',#471,6.);
#473=EDGE_CURVE('NONE',#458,#467,#472,.T.);
#474=ORIENTED_EDGE('',*,*,#473,.T.);
#475=CARTESIAN_POINT('',(-29.72,62.515969515,81.57965437));
#476=VERTEX_POINT('',#475);
#477=CARTESIAN_POINT('',(-29.72,47.515969516,55.598892257));
#478=DIRECTION('',(0.,0.5,0.866025404));
#479=VECTOR('',#478,30.);
#480=LINE('',#477,#479);
#481=EDGE_CURVE('NONE',#467,#476,#480,.T.);
#482=ORIENTED_EDGE('',*,*,#481,.T.);
#483=CARTESIAN_POINT('',(-35.72,62.515969517,81.579654369));
#484=DIRECTION('',(-0.,-0.866025404,0.5));
#485=DIRECTION('',(-0.,-0.5,-0.866025404));
#486=AXIS2_PLACEMENT_3D('',#483,#484,#485);
#487=CIRCLE('',#486,6.);
#488=EDGE_CURVE('NONE',#476,#448,#487,.T.);
#489=ORIENTED_EDGE('',*,*,#488,.T.);
#490=EDGE_LOOP('',(#456,#465,#474,#482,#489));
#491=FACE_BOUND('',#490,.T.);
#492=CARTESIAN_POINT('',(-11.72,62.515969515,81.57965437));
#493=VERTEX_POINT('',#492);
#494=CARTESIAN_POINT('',(-11.72,47.515969517,55.598892257));
#495=VERTEX_POINT('',#494);
#496=CARTESIAN_POINT('',(-11.72,62.515969513,81.579654372));
#497=DIRECTION('',(-0.,-0.5,-0.866025404));
#498=VECTOR('',#497,30.);
#499=LINE('',#496,#498);
#500=EDGE_CURVE('NONE',#493,#495,#499,.T.);
#501=ORIENTED_EDGE('',*,*,#500,.T.);
#502=CARTESIAN_POINT('',(-5.72,44.515969518,50.402739833));
#503=VERTEX_POINT('',#502);
#504=CARTESIAN_POINT('',(-5.72,47.515969517,55.598892256));
#505=DIRECTION('',(-0.,-0.866025404,0.5));
#506=DIRECTION('',(-0.,-0.5,-0.866025404));
#507=AXIS2_PLACEMENT_3D('',#504,#505,#506);
#508=CIRCLE('',#507,6.);
#509=EDGE_CURVE('NONE',#495,#503,#508,.T.);
#510=ORIENTED_EDGE('',*,*,#509,.T.);
#511=CARTESIAN_POINT('',(0.28,47.515969517,55.598892256));
#512=VERTEX_POINT('',#511);
#513=CARTESIAN_POINT('',(-5.72,47.515969517,55.598892256));
#514=DIRECTION('',(-0.,-0.866025404,0.5));
#515=DIRECTION('',(-0.,-0.5,-0.866025404));
#516=AXIS2_PLACEMENT_3D('',#513,#514,#515);
#517=CIRCLE('',#516,6.);
#518=EDGE_CURVE('NONE',#503,#512,#517,.T.);
#519=ORIENTED_EDGE('',*,*,#518,.T.);
#520=CARTESIAN_POINT('',(0.28,62.515969515,81.57965437));
#521=VERTEX_POINT('',#520);
#522=CARTESIAN_POINT('',(0.28,47.515969516,55.598892257));
#523=DIRECTION('',(0.,0.5,0.866025404));
#524=VECTOR('',#523,30.);
#525=LINE('',#522,#524);
#526=EDGE_CURVE('NONE',#512,#521,#525,.T.);
#527=ORIENTED_EDGE('',*,*,#526,.T.);
#528=CARTESIAN_POINT('',(-5.72,62.515969517,81.579654369));
#529=DIRECTION('',(-0.,-0.866025404,0.5));
#530=DIRECTION('',(-0.,-0.5,-0.866025404));
#531=AXIS2_PLACEMENT_3D('',#528,#529,#530);
#532=CIRCLE('',#531,6.);
#533=EDGE_CURVE('NONE',#521,#493,#532,.T.);
#534=ORIENTED_EDGE('',*,*,#533,.T.);
#535=EDGE_LOOP('',(#501,#510,#519,#527,#534));
#536=FACE_BOUND('',#535,.T.);
#537=ORIENTED_EDGE('',*,*,#415,.T.);
#538=CARTESIAN_POINT('',(14.28,66.441713984,88.379243242));
#539=VERTEX_POINT('',#538);
#540=CARTESIAN_POINT('',(-20.72,0.109218171,-26.512009714));
#541=DIRECTION('',(0.,0.866025404,-0.5));
#542=DIRECTION('',(0.,0.5,0.866025404));
#543=AXIS2_PLACEMENT_3D('',#540,#541,#542);
#544=ELLIPSE('',#543,150.000000028,75.);
#545=EDGE_CURVE('',#389,#539,#544,.T.);
#546=ORIENTED_EDGE('',*,*,#545,.T.);
#547=CARTESIAN_POINT('',(14.28,40.495243575,43.438638218));
#548=VERTEX_POINT('',#547);
#549=CARTESIAN_POINT('',(14.28,40.495243575,43.438638218));
#550=DIRECTION('',(0.,0.5,0.866025404));
#551=VECTOR('',#550,51.892940817);
#552=LINE('',#549,#551);
#553=EDGE_CURVE('NONE',#548,#539,#552,.T.);
#554=ORIENTED_EDGE('',*,*,#553,.F.);
#555=CARTESIAN_POINT('',(-55.72,40.495243575,43.438638218));
#556=VERTEX_POINT('',#555);
#557=CARTESIAN_POINT('',(14.28,40.495243575,43.438638218));
#558=DIRECTION('',(-1.,0.,-0.));
#559=VECTOR('',#558,70.);
#560=LINE('',#557,#559);
#561=EDGE_CURVE('NONE',#548,#556,#560,.T.);
#562=ORIENTED_EDGE('',*,*,#561,.T.);
#563=CARTESIAN_POINT('',(-55.72,66.441713978,88.379243245));
#564=VERTEX_POINT('',#563);
#565=CARTESIAN_POINT('',(-55.72,40.495243575,43.438638218));
#566=DIRECTION('',(0.,0.5,0.866025404));
#567=VECTOR('',#566,51.892940817);
#568=LINE('',#565,#567);
#569=EDGE_CURVE('NONE',#556,#564,#568,.T.);
#570=ORIENTED_EDGE('',*,*,#569,.T.);
#571=CARTESIAN_POINT('',(-20.72,0.109218171,-26.512009714));
#572=DIRECTION('',(0.,0.866025404,-0.5));
#573=DIRECTION('',(0.,0.5,0.866025404));
#574=AXIS2_PLACEMENT_3D('',#571,#572,#573);
#575=ELLIPSE('',#574,150.000000028,75.);
#576=EDGE_CURVE('',#564,#410,#575,.T.);
#577=ORIENTED_EDGE('',*,*,#576,.T.);
#578=EDGE_LOOP('',(#537,#546,#554,#562,#570,#577));
#579=FACE_BOUND('',#578,.T.);
#580=ADVANCED_FACE('',(#491,#536,#579),#446,.T.);
#581=CARTESIAN_POINT('',(-55.72,0.109218171,41.938638218));
#582=DIRECTION('',(1.,-0.,0.));
#583=DIRECTION('',(0.,1.,-0.));
#584=AXIS2_PLACEMENT_3D('',#581,#582,#583);
#585=PLANE('',#584);
#586=CARTESIAN_POINT('',(-55.72,49.88811831,77.660575386));
#587=VERTEX_POINT('',#586);
#588=CARTESIAN_POINT('',(-55.72,53.179024057,75.407590439));
#589=VERTEX_POINT('',#588);
#590=CARTESIAN_POINT('',(-55.72,51.446973246,76.40759044));
#591=DIRECTION('',(-1.,0.,-0.));
#592=DIRECTION('',(-0.,-0.,-1.));
#593=AXIS2_PLACEMENT_3D('',#590,#591,#592);
#594=CIRCLE('',#593,2.);
#595=EDGE_CURVE('NONE',#587,#589,#594,.T.);
#596=ORIENTED_EDGE('',*,*,#595,.F.);
#597=CARTESIAN_POINT('',(-55.72,29.920110145,52.81811564));
#598=VERTEX_POINT('',#597);
#599=CARTESIAN_POINT('',(-55.72,49.888118308,77.660575388));
#600=DIRECTION('',(-0.,-0.626492474,-0.779427469));
#601=VECTOR('',#600,31.87270237);
#602=LINE('',#599,#601);
#603=EDGE_CURVE('NONE',#587,#598,#602,.T.);
#604=ORIENTED_EDGE('',*,*,#603,.T.);
#605=CARTESIAN_POINT('',(-55.72,32.258392551,47.938638218));
#606=VERTEX_POINT('',#605);
#607=CARTESIAN_POINT('',(-55.72,32.258392551,50.938638218));
#608=DIRECTION('',(1.,-0.,0.));
#609=DIRECTION('',(0.,0.,1.));
#610=AXIS2_PLACEMENT_3D('',#607,#608,#609);
#611=CIRCLE('',#610,3.);
#612=EDGE_CURVE('NONE',#598,#606,#611,.T.);
#613=ORIENTED_EDGE('',*,*,#612,.T.);
#614=CARTESIAN_POINT('',(-55.72,35.587766287,47.938638218));
#615=VERTEX_POINT('',#614);
#616=CARTESIAN_POINT('',(-55.72,32.258392551,47.938638218));
#617=DIRECTION('',(0.,1.,-0.));
#618=VECTOR('',#617,3.329373736);
#619=LINE('',#616,#618);
#620=EDGE_CURVE('NONE',#606,#615,#619,.T.);
#621=ORIENTED_EDGE('',*,*,#620,.T.);
#622=CARTESIAN_POINT('',(-55.72,38.185842504,49.438638215));
#623=VERTEX_POINT('',#622);
#624=CARTESIAN_POINT('',(-55.72,35.587766287,50.938638218));
#625=DIRECTION('',(1.,-0.,0.));
#626=DIRECTION('',(-0.,-0.,-1.));
#627=AXIS2_PLACEMENT_3D('',#624,#625,#626);
#628=CIRCLE('',#627,3.);
#629=EDGE_CURVE('NONE',#615,#623,#628,.T.);
#630=ORIENTED_EDGE('',*,*,#629,.T.);
#631=CARTESIAN_POINT('',(-55.72,53.179024057,75.407590439));
#632=DIRECTION('',(-0.,-0.5,-0.866025404));
#633=VECTOR('',#632,29.986363112);
#634=LINE('',#631,#633);
#635=EDGE_CURVE('NONE',#589,#623,#634,.T.);
#636=ORIENTED_EDGE('',*,*,#635,.F.);
#637=EDGE_LOOP('',(#596,#604,#613,#621,#630,#636));
#638=FACE_BOUND('',#637,.T.);
#639=CARTESIAN_POINT('',(-55.72,18.826453705,59.334232456));
#640=VERTEX_POINT('',#639);
#641=CARTESIAN_POINT('',(-55.72,41.717647982,107.453397798));
#642=VERTEX_POINT('',#641);
#643=CARTESIAN_POINT('',(-55.72,18.826453705,59.334232456));
#644=DIRECTION('',(0.,0.429586385,0.903025768));
#645=VECTOR('',#644,53.286591641);
#646=LINE('',#643,#645);
#647=EDGE_CURVE('NONE',#640,#642,#646,.T.);
#648=ORIENTED_EDGE('',*,*,#647,.F.);
#649=CARTESIAN_POINT('',(-55.72,25.273364456,55.287495225));
#650=VERTEX_POINT('',#649);
#651=CARTESIAN_POINT('',(-55.72,22.049909085,57.310863847));
#652=DIRECTION('',(1.,-0.,0.));
#653=DIRECTION('',(0.,0.,1.));
#654=AXIS2_PLACEMENT_3D('',#651,#652,#653);
#655=CIRCLE('',#654,3.805875078);
#656=EDGE_CURVE('NONE',#640,#650,#655,.T.);
#657=ORIENTED_EDGE('',*,*,#656,.T.);
#658=CARTESIAN_POINT('',(-55.72,58.657013096,96.820528492));
#659=VERTEX_POINT('',#658);
#660=CARTESIAN_POINT('',(-55.72,58.657013096,96.820528492));
#661=DIRECTION('',(-0.,-0.626492474,-0.779427469));
#662=VECTOR('',#661,53.286591642);
#663=LINE('',#660,#662);
#664=EDGE_CURVE('NONE',#659,#650,#663,.T.);
#665=ORIENTED_EDGE('',*,*,#664,.F.);
#666=CARTESIAN_POINT('',(-55.72,50.187330554,112.136963173));
#667=VERTEX_POINT('',#666);
#668=CARTESIAN_POINT('',(-55.72,50.187330554,102.136963173));
#669=DIRECTION('',(-1.,0.,-0.));
#670=DIRECTION('',(0.,0.,1.));
#671=AXIS2_PLACEMENT_3D('',#668,#669,#670);
#672=CIRCLE('',#671,10.);
#673=EDGE_CURVE('NONE',#667,#659,#672,.T.);
#674=ORIENTED_EDGE('',*,*,#673,.F.);
#675=CARTESIAN_POINT('',(-55.72,50.187330554,102.136963173));
#676=DIRECTION('',(-1.,0.,-0.));
#677=DIRECTION('',(0.,0.,1.));
#678=AXIS2_PLACEMENT_3D('',#675,#676,#677);
#679=CIRCLE('',#678,10.);
#680=EDGE_CURVE('NONE',#642,#667,#679,.T.);
#681=ORIENTED_EDGE('',*,*,#680,.F.);
#682=EDGE_LOOP('',(#648,#657,#665,#674,#681));
#683=FACE_BOUND('',#682,.T.);
#684=CARTESIAN_POINT('',(-55.72,66.441713978,88.379243245));
#685=DIRECTION('',(0.,0.,1.));
#686=VECTOR('',#685,28.991536518);
#687=LINE('',#684,#686);
#688=EDGE_CURVE('',#564,#268,#687,.T.);
#689=ORIENTED_EDGE('',*,*,#688,.F.);
#690=ORIENTED_EDGE('',*,*,#569,.F.);
#691=CARTESIAN_POINT('',(-55.72,37.897167363,41.938638218));
#692=VERTEX_POINT('',#691);
#693=CARTESIAN_POINT('',(-55.72,37.897167363,44.938638218));
#694=DIRECTION('',(-1.,0.,-0.));
#695=DIRECTION('',(0.,0.,1.));
#696=AXIS2_PLACEMENT_3D('',#693,#694,#695);
#697=CIRCLE('',#696,3.);
#698=EDGE_CURVE('NONE',#556,#692,#697,.T.);
#699=ORIENTED_EDGE('',*,*,#698,.T.);
#700=CARTESIAN_POINT('',(-55.72,0.109218171,41.938638218));
#701=VERTEX_POINT('',#700);
#702=CARTESIAN_POINT('',(-55.72,0.109218171,41.938638218));
#703=DIRECTION('',(0.,1.,-0.));
#704=VECTOR('',#703,37.787949192);
#705=LINE('',#702,#704);
#706=EDGE_CURVE('NONE',#701,#692,#705,.T.);
#707=ORIENTED_EDGE('',*,*,#706,.F.);
#708=CARTESIAN_POINT('',(-55.72,0.109218171,46.938638218));
#709=VERTEX_POINT('',#708);
#710=CARTESIAN_POINT('',(-55.72,0.109218171,41.938638218));
#711=DIRECTION('',(0.,0.,1.));
#712=VECTOR('',#711,5.);
#713=LINE('',#710,#712);
#714=EDGE_CURVE('NONE',#701,#709,#713,.T.);
#715=ORIENTED_EDGE('',*,*,#714,.T.);
#716=CARTESIAN_POINT('',(-55.72,5.786425,46.938638218));
#717=VERTEX_POINT('',#716);
#718=CARTESIAN_POINT('',(-55.72,0.109218171,46.938638218));
#719=DIRECTION('',(0.,1.,-0.));
#720=VECTOR('',#719,5.677206829);
#721=LINE('',#718,#720);
#722=EDGE_CURVE('NONE',#709,#717,#721,.T.);
#723=ORIENTED_EDGE('',*,*,#722,.T.);
#724=CARTESIAN_POINT('',(-55.719999999,9.398528072,49.220292678));
#725=VERTEX_POINT('',#724);
#726=CARTESIAN_POINT('',(-55.719999999,5.786425,50.938638218));
#727=DIRECTION('',(1.,-0.,0.));
#728=DIRECTION('',(0.,0.,1.));
#729=AXIS2_PLACEMENT_3D('',#726,#727,#728);
#730=CIRCLE('',#729,4.);
#731=EDGE_CURVE('NONE',#717,#725,#730,.T.);
#732=ORIENTED_EDGE('',*,*,#731,.T.);
#733=CARTESIAN_POINT('',(-55.72,41.547643297,116.800366147));
#734=VERTEX_POINT('',#733);
#735=CARTESIAN_POINT('',(-55.72,9.398528072,49.220292678));
#736=DIRECTION('',(0.,0.429586385,0.903025768));
#737=VECTOR('',#736,74.837369942);
#738=LINE('',#735,#737);
#739=EDGE_CURVE('NONE',#725,#734,#738,.T.);
#740=ORIENTED_EDGE('',*,*,#739,.T.);
#741=CARTESIAN_POINT('',(-55.72,42.450669065,116.370779762));
#742=DIRECTION('',(-1.,0.,-0.));
#743=DIRECTION('',(-0.,-0.,-1.));
#744=AXIS2_PLACEMENT_3D('',#741,#742,#743);
#745=CIRCLE('',#744,1.);
#746=EDGE_CURVE('NONE',#734,#277,#745,.T.);
#747=ORIENTED_EDGE('',*,*,#746,.T.);
#748=ORIENTED_EDGE('',*,*,#282,.T.);
#749=EDGE_LOOP('',(#689,#690,#699,#707,#715,#723,#732,#740,#747,#748));
#750=FACE_BOUND('',#749,.T.);
#751=ADVANCED_FACE('',(#638,#683,#750),#585,.F.);
#752=CARTESIAN_POINT('',(14.28,0.109218171,41.938638218));
#753=DIRECTION('',(1.,-0.,0.));
#754=DIRECTION('',(0.,1.,-0.));
#755=AXIS2_PLACEMENT_3D('',#752,#753,#754);
#756=PLANE('',#755);
#757=CARTESIAN_POINT('',(14.28,18.826453709,59.334232461));
#758=VERTEX_POINT('',#757);
#759=CARTESIAN_POINT('',(14.28,41.717647995,107.453397826));
#760=VERTEX_POINT('',#759);
#761=CARTESIAN_POINT('',(14.28,18.826453709,59.334232461));
#762=DIRECTION('',(0.,0.429586385,0.903025768));
#763=VECTOR('',#762,53.286591664);
#764=LINE('',#761,#763);
#765=EDGE_CURVE('NONE',#758,#760,#764,.T.);
#766=ORIENTED_EDGE('',*,*,#765,.T.);
#767=CARTESIAN_POINT('',(14.28,58.65701311,96.820528522));
#768=VERTEX_POINT('',#767);
#769=CARTESIAN_POINT('',(14.28,50.187330554,102.136963173));
#770=DIRECTION('',(-1.,0.,-0.));
#771=DIRECTION('',(-0.,-0.,-1.));
#772=AXIS2_PLACEMENT_3D('',#769,#770,#771);
#773=CIRCLE('',#772,10.);
#774=EDGE_CURVE('NONE',#760,#768,#773,.T.);
#775=ORIENTED_EDGE('',*,*,#774,.T.);
#776=CARTESIAN_POINT('',(14.28,25.273364462,55.287495232));
#777=VERTEX_POINT('',#776);
#778=CARTESIAN_POINT('',(14.28,58.65701311,96.820528522));
#779=DIRECTION('',(-0.,-0.626492474,-0.779427469));
#780=VECTOR('',#779,53.286591666);
#781=LINE('',#778,#780);
#782=EDGE_CURVE('NONE',#768,#777,#781,.T.);
#783=ORIENTED_EDGE('',*,*,#782,.T.);
#784=CARTESIAN_POINT('',(14.28,22.049909085,53.504988769));
#785=VERTEX_POINT('',#784);
#786=CARTESIAN_POINT('',(14.28,22.049909085,57.310863847));
#787=DIRECTION('',(1.,-0.,0.));
#788=DIRECTION('',(-0.,-0.,-1.));
#789=AXIS2_PLACEMENT_3D('',#786,#787,#788);
#790=CIRCLE('',#789,3.805875078);
#791=EDGE_CURVE('NONE',#785,#777,#790,.T.);
#792=ORIENTED_EDGE('',*,*,#791,.F.);
#793=CARTESIAN_POINT('',(14.28,22.049909085,57.310863847));
#794=DIRECTION('',(1.,-0.,0.));
#795=DIRECTION('',(-0.,-0.,-1.));
#796=AXIS2_PLACEMENT_3D('',#793,#794,#795);
#797=CIRCLE('',#796,3.805875078);
#798=EDGE_CURVE('NONE',#758,#785,#797,.T.);
#799=ORIENTED_EDGE('',*,*,#798,.F.);
#800=EDGE_LOOP('',(#766,#775,#783,#792,#799));
#801=FACE_BOUND('',#800,.T.);
#802=CARTESIAN_POINT('',(14.28,51.446973246,78.40759044));
#803=VERTEX_POINT('',#802);
#804=CARTESIAN_POINT('',(14.28,49.888118312,77.660575385));
#805=VERTEX_POINT('',#804);
#806=CARTESIAN_POINT('',(14.28,51.446973246,76.40759044));
#807=DIRECTION('',(1.,-0.,0.));
#808=DIRECTION('',(0.,0.,1.));
#809=AXIS2_PLACEMENT_3D('',#806,#807,#808);
#810=CIRCLE('',#809,2.);
#811=EDGE_CURVE('NONE',#803,#805,#810,.T.);
#812=ORIENTED_EDGE('',*,*,#811,.F.);
#813=CARTESIAN_POINT('',(14.28,53.179024056,75.407590439));
#814=VERTEX_POINT('',#813);
#815=CARTESIAN_POINT('',(14.28,51.446973246,76.40759044));
#816=DIRECTION('',(1.,-0.,0.));
#817=DIRECTION('',(0.,0.,1.));
#818=AXIS2_PLACEMENT_3D('',#815,#816,#817);
#819=CIRCLE('',#818,2.);
#820=EDGE_CURVE('NONE',#814,#803,#819,.T.);
#821=ORIENTED_EDGE('',*,*,#820,.F.);
#822=CARTESIAN_POINT('',(14.28,38.185842501,49.438638217));
#823=VERTEX_POINT('',#822);
#824=CARTESIAN_POINT('',(14.28,53.179024054,75.40759044));
#825=DIRECTION('',(-0.,-0.5,-0.866025404));
#826=VECTOR('',#825,29.986363112);
#827=LINE('',#824,#826);
#828=EDGE_CURVE('NONE',#814,#823,#827,.T.);
#829=ORIENTED_EDGE('',*,*,#828,.T.);
#830=CARTESIAN_POINT('',(14.28,35.587766287,47.938638218));
#831=VERTEX_POINT('',#830);
#832=CARTESIAN_POINT('',(14.28,35.587766287,50.938638218));
#833=DIRECTION('',(-1.,0.,-0.));
#834=DIRECTION('',(-0.,-0.,-1.));
#835=AXIS2_PLACEMENT_3D('',#832,#833,#834);
#836=CIRCLE('',#835,3.);
#837=EDGE_CURVE('NONE',#823,#831,#836,.T.);
#838=ORIENTED_EDGE('',*,*,#837,.T.);
#839=CARTESIAN_POINT('',(14.28,32.258392551,47.938638218));
#840=VERTEX_POINT('',#839);
#841=CARTESIAN_POINT('',(14.28,32.258392551,47.938638218));
#842=DIRECTION('',(0.,1.,-0.));
#843=VECTOR('',#842,3.329373736);
#844=LINE('',#841,#843);
#845=EDGE_CURVE('NONE',#840,#831,#844,.T.);
#846=ORIENTED_EDGE('',*,*,#845,.F.);
#847=CARTESIAN_POINT('',(14.28,29.920110146,52.818115639));
#848=VERTEX_POINT('',#847);
#849=CARTESIAN_POINT('',(14.28,32.258392551,50.938638218));
#850=DIRECTION('',(-1.,0.,-0.));
#851=DIRECTION('',(0.,0.,1.));
#852=AXIS2_PLACEMENT_3D('',#849,#850,#851);
#853=CIRCLE('',#852,3.);
#854=EDGE_CURVE('NONE',#840,#848,#853,.T.);
#855=ORIENTED_EDGE('',*,*,#854,.T.);
#856=CARTESIAN_POINT('',(14.28,49.888118312,77.660575385));
#857=DIRECTION('',(-0.,-0.626492474,-0.779427469));
#858=VECTOR('',#857,31.87270237);
#859=LINE('',#856,#858);
#860=EDGE_CURVE('NONE',#805,#848,#859,.T.);
#861=ORIENTED_EDGE('',*,*,#860,.F.);
#862=EDGE_LOOP('',(#812,#821,#829,#838,#846,#855,#861));
#863=FACE_BOUND('',#862,.T.);
#864=ORIENTED_EDGE('',*,*,#553,.T.);
#865=CARTESIAN_POINT('',(14.28,66.441713978,88.379243242));
#866=DIRECTION('',(0.,0.,1.));
#867=VECTOR('',#866,28.991536526);
#868=LINE('',#865,#867);
#869=EDGE_CURVE('',#539,#339,#868,.T.);
#870=ORIENTED_EDGE('',*,*,#869,.T.);
#871=ORIENTED_EDGE('',*,*,#346,.T.);
#872=CARTESIAN_POINT('',(14.280000001,41.547643297,116.800366147));
#873=VERTEX_POINT('',#872);
#874=CARTESIAN_POINT('',(14.280000001,42.450669065,116.370779762));
#875=DIRECTION('',(1.,-0.,0.));
#876=DIRECTION('',(0.,0.,1.));
#877=AXIS2_PLACEMENT_3D('',#874,#875,#876);
#878=CIRCLE('',#877,1.);
#879=EDGE_CURVE('NONE',#341,#873,#878,.T.);
#880=ORIENTED_EDGE('',*,*,#879,.T.);
#881=CARTESIAN_POINT('',(14.28,9.398528073,49.220292678));
#882=VERTEX_POINT('',#881);
#883=CARTESIAN_POINT('',(14.28,41.547643297,116.800366147));
#884=DIRECTION('',(-0.,-0.429586385,-0.903025768));
#885=VECTOR('',#884,74.837369942);
#886=LINE('',#883,#885);
#887=EDGE_CURVE('NONE',#873,#882,#886,.T.);
#888=ORIENTED_EDGE('',*,*,#887,.T.);
#889=CARTESIAN_POINT('',(14.28,5.786425,46.938638218));
#890=VERTEX_POINT('',#889);
#891=CARTESIAN_POINT('',(14.28,5.786425,50.938638218));
#892=DIRECTION('',(-1.,0.,-0.));
#893=DIRECTION('',(-0.,-0.,-1.));
#894=AXIS2_PLACEMENT_3D('',#891,#892,#893);
#895=CIRCLE('',#894,4.);
#896=EDGE_CURVE('NONE',#882,#890,#895,.T.);
#897=ORIENTED_EDGE('',*,*,#896,.T.);
#898=CARTESIAN_POINT('',(14.28,0.109218171,46.938638218));
#899=VERTEX_POINT('',#898);
#900=CARTESIAN_POINT('',(14.28,5.786425,46.938638218));
#901=DIRECTION('',(-0.,-1.,0.));
#902=VECTOR('',#901,5.677206829);
#903=LINE('',#900,#902);
#904=EDGE_CURVE('NONE',#890,#899,#903,.T.);
#905=ORIENTED_EDGE('',*,*,#904,.T.);
#906=CARTESIAN_POINT('',(14.28,0.109218171,41.938638218));
#907=VERTEX_POINT('',#906);
#908=CARTESIAN_POINT('',(14.28,0.109218171,41.938638218));
#909=DIRECTION('',(0.,0.,1.));
#910=VECTOR('',#909,5.);
#911=LINE('',#908,#910);
#912=EDGE_CURVE('NONE',#907,#899,#911,.T.);
#913=ORIENTED_EDGE('',*,*,#912,.F.);
#914=CARTESIAN_POINT('',(14.28,37.897167363,41.938638218));
#915=VERTEX_POINT('',#914);
#916=CARTESIAN_POINT('',(14.28,0.109218171,41.938638218));
#917=DIRECTION('',(0.,1.,-0.));
#918=VECTOR('',#917,37.787949192);
#919=LINE('',#916,#918);
#920=EDGE_CURVE('NONE',#907,#915,#919,.T.);
#921=ORIENTED_EDGE('',*,*,#920,.T.);
#922=CARTESIAN_POINT('',(14.28,37.897167363,44.938638218));
#923=DIRECTION('',(1.,-0.,0.));
#924=DIRECTION('',(0.,0.,1.));
#925=AXIS2_PLACEMENT_3D('',#922,#923,#924);
#926=CIRCLE('',#925,3.);
#927=EDGE_CURVE('NONE',#915,#548,#926,.T.);
#928=ORIENTED_EDGE('',*,*,#927,.T.);
#929=EDGE_LOOP('',(#864,#870,#871,#880,#888,#897,#905,#913,#921,#928));
#930=FACE_BOUND('',#929,.T.);
#931=ADVANCED_FACE('',(#801,#863,#930),#756,.T.);
#932=CARTESIAN_POINT('',(-55.72,71.187330554,96.598892256));
#933=DIRECTION('',(0.,1.,-0.));
#934=DIRECTION('',(1.,-0.,0.));
#935=AXIS2_PLACEMENT_3D('',#932,#933,#934);
#936=PLANE('',#935);
#937=CARTESIAN_POINT('',(-7.284971157,71.187330554,144.773667061));
#938=VERTEX_POINT('',#937);
#939=CARTESIAN_POINT('',(-7.284971157,71.187330554,146.373667061));
#940=DIRECTION('',(0.,1.,-0.));
#941=DIRECTION('',(0.,-0.,-1.));
#942=AXIS2_PLACEMENT_3D('',#939,#940,#941);
#943=CIRCLE('',#942,1.6);
#944=EDGE_CURVE('NONE',#938,#938,#943,.T.);
#945=ORIENTED_EDGE('',*,*,#944,.F.);
#946=EDGE_LOOP('',(#945));
#947=FACE_BOUND('',#946,.T.);
#948=CARTESIAN_POINT('',(-7.284971157,71.187330554,117.903609375));
#949=VERTEX_POINT('',#948);
#950=CARTESIAN_POINT('',(-7.284971157,71.187330554,119.503609375));
#951=DIRECTION('',(0.,1.,-0.));
#952=DIRECTION('',(0.,-0.,-1.));
#953=AXIS2_PLACEMENT_3D('',#950,#951,#952);
#954=CIRCLE('',#953,1.6);
#955=EDGE_CURVE('NONE',#949,#949,#954,.T.);
#956=ORIENTED_EDGE('',*,*,#955,.F.);
#957=EDGE_LOOP('',(#956));
#958=FACE_BOUND('',#957,.T.);
#959=CARTESIAN_POINT('',(-34.155028843,71.187330554,144.773667061));
#960=VERTEX_POINT('',#959);
#961=CARTESIAN_POINT('',(-34.155028843,71.187330554,146.373667061));
#962=DIRECTION('',(0.,1.,-0.));
#963=DIRECTION('',(0.,-0.,-1.));
#964=AXIS2_PLACEMENT_3D('',#961,#962,#963);
#965=CIRCLE('',#964,1.6);
#966=EDGE_CURVE('NONE',#960,#960,#965,.T.);
#967=ORIENTED_EDGE('',*,*,#966,.F.);
#968=EDGE_LOOP('',(#967));
#969=FACE_BOUND('',#968,.T.);
#970=CARTESIAN_POINT('',(-34.155028843,71.187330554,117.903609375));
#971=VERTEX_POINT('',#970);
#972=CARTESIAN_POINT('',(-34.155028843,71.187330554,119.503609375));
#973=DIRECTION('',(0.,1.,-0.));
#974=DIRECTION('',(0.,-0.,-1.));
#975=AXIS2_PLACEMENT_3D('',#972,#973,#974);
#976=CIRCLE('',#975,1.6);
#977=EDGE_CURVE('NONE',#971,#971,#976,.T.);
#978=ORIENTED_EDGE('',*,*,#977,.F.);
#979=EDGE_LOOP('',(#978));
#980=FACE_BOUND('',#979,.T.);
#981=ORIENTED_EDGE('',*,*,#386,.T.);
#982=CARTESIAN_POINT('',(-44.655370063,71.187330554,97.402739833));
#983=DIRECTION('',(0.,0.,1.));
#984=VECTOR('',#983,51.006776186);
#985=LINE('',#982,#984);
#986=EDGE_CURVE('',#381,#89,#985,.T.);
#987=ORIENTED_EDGE('',*,*,#986,.T.);
#988=ORIENTED_EDGE('',*,*,#97,.T.);
#989=CARTESIAN_POINT('',(3.215370064,71.187330554,148.409516019));
#990=DIRECTION('',(-0.,-0.,-1.));
#991=VECTOR('',#990,51.006776186);
#992=LINE('',#989,#991);
#993=EDGE_CURVE('',#91,#379,#992,.T.);
#994=ORIENTED_EDGE('',*,*,#993,.T.);
#995=EDGE_LOOP('',(#981,#987,#988,#994));
#996=FACE_BOUND('',#995,.T.);
#997=ADVANCED_FACE('',(#947,#958,#969,#980,#996),#936,.T.);
#998=CARTESIAN_POINT('',(-20.72,-19.140781829,41.938638218));
#999=DIRECTION('',(0.,0.,1.));
#1000=DIRECTION('',(-0.,-1.,0.));
#1001=AXIS2_PLACEMENT_3D('',#998,#999,#1000);
#1002=CYLINDRICAL_SURFACE('',#1001,4.1);
#1003=CARTESIAN_POINT('',(-20.72,-23.240781829,47.938638218));
#1004=VERTEX_POINT('',#1003);
#1005=CARTESIAN_POINT('',(-20.72,-23.240781829,41.938638218));
#1006=VERTEX_POINT('',#1005);
#1007=CARTESIAN_POINT('',(-20.72,-23.240781829,47.938638218));
#1008=DIRECTION('',(-0.,-0.,-1.));
#1009=VECTOR('',#1008,6.);
#1010=LINE('',#1007,#1009);
#1011=EDGE_CURVE('',#1004,#1006,#1010,.T.);
#1012=ORIENTED_EDGE('',*,*,#1011,.F.);
#1013=CARTESIAN_POINT('',(-20.72,-19.140781829,47.938638218));
#1014=DIRECTION('',(-0.,-0.,-1.));
#1015=DIRECTION('',(-0.,-1.,0.));
#1016=AXIS2_PLACEMENT_3D('',#1013,#1014,#1015);
#1017=CIRCLE('',#1016,4.1);
#1018=EDGE_CURVE('NONE',#1004,#1004,#1017,.T.);
#1019=ORIENTED_EDGE('',*,*,#1018,.F.);
#1020=ORIENTED_EDGE('',*,*,#1011,.T.);
#1021=CARTESIAN_POINT('',(-20.72,-19.140781829,41.938638218));
#1022=DIRECTION('',(-0.,-0.,-1.));
#1023=DIRECTION('',(-0.,-1.,0.));
#1024=AXIS2_PLACEMENT_3D('',#1021,#1022,#1023);
#1025=CIRCLE('',#1024,4.1);
#1026=EDGE_CURVE('NONE',#1006,#1006,#1025,.T.);
#1027=ORIENTED_EDGE('',*,*,#1026,.T.);
#1028=EDGE_LOOP('',(#1012,#1019,#1020,#1027));
#1029=FACE_BOUND('',#1028,.T.);
#1030=ADVANCED_FACE('NONE',(#1029),#1002,.F.);
#1031=CARTESIAN_POINT('',(-45.83473671,14.609218171,41.938638218));
#1032=DIRECTION('',(0.,0.,1.));
#1033=DIRECTION('',(-0.,-1.,0.));
#1034=AXIS2_PLACEMENT_3D('',#1031,#1032,#1033);
#1035=CYLINDRICAL_SURFACE('',#1034,2.05);
#1036=CARTESIAN_POINT('',(-45.83473671,12.559218171,47.938638218));
#1037=VERTEX_POINT('',#1036);
#1038=CARTESIAN_POINT('',(-45.83473671,12.559218171,41.938638218));
#1039=VERTEX_POINT('',#1038);
#1040=CARTESIAN_POINT('',(-45.83473671,12.559218171,47.938638218));
#1041=DIRECTION('',(-0.,-0.,-1.));
#1042=VECTOR('',#1041,6.);
#1043=LINE('',#1040,#1042);
#1044=EDGE_CURVE('',#1037,#1039,#1043,.T.);
#1045=ORIENTED_EDGE('',*,*,#1044,.F.);
#1046=CARTESIAN_POINT('',(-45.83473671,14.609218171,47.938638218));
#1047=DIRECTION('',(-0.,-0.,-1.));
#1048=DIRECTION('',(-0.,-1.,0.));
#1049=AXIS2_PLACEMENT_3D('',#1046,#1047,#1048);
#1050=CIRCLE('',#1049,2.05);
#1051=EDGE_CURVE('NONE',#1037,#1037,#1050,.T.);
#1052=ORIENTED_EDGE('',*,*,#1051,.F.);
#1053=ORIENTED_EDGE('',*,*,#1044,.T.);
#1054=CARTESIAN_POINT('',(-45.83473671,14.609218171,41.938638218));
#1055=DIRECTION('',(-0.,-0.,-1.));
#1056=DIRECTION('',(-0.,-1.,0.));
#1057=AXIS2_PLACEMENT_3D('',#1054,#1055,#1056);
#1058=CIRCLE('',#1057,2.05);
#1059=EDGE_CURVE('NONE',#1039,#1039,#1058,.T.);
#1060=ORIENTED_EDGE('',*,*,#1059,.T.);
#1061=EDGE_LOOP('',(#1045,#1052,#1053,#1060));
#1062=FACE_BOUND('',#1061,.T.);
#1063=ADVANCED_FACE('NONE',(#1062),#1035,.F.);
#1064=CARTESIAN_POINT('',(4.39473671,14.609218171,41.938638218));
#1065=DIRECTION('',(0.,0.,1.));
#1066=DIRECTION('',(-0.,-1.,0.));
#1067=AXIS2_PLACEMENT_3D('',#1064,#1065,#1066);
#1068=CYLINDRICAL_SURFACE('',#1067,2.05);
#1069=CARTESIAN_POINT('',(4.39473671,12.559218171,47.938638218));
#1070=VERTEX_POINT('',#1069);
#1071=CARTESIAN_POINT('',(4.39473671,12.559218171,41.938638218));
#1072=VERTEX_POINT('',#1071);
#1073=CARTESIAN_POINT('',(4.39473671,12.559218171,47.938638218));
#1074=DIRECTION('',(-0.,-0.,-1.));
#1075=VECTOR('',#1074,6.);
#1076=LINE('',#1073,#1075);
#1077=EDGE_CURVE('',#1070,#1072,#1076,.T.);
#1078=ORIENTED_EDGE('',*,*,#1077,.F.);
#1079=CARTESIAN_POINT('',(4.39473671,14.609218171,47.938638218));
#1080=DIRECTION('',(-0.,-0.,-1.));
#1081=DIRECTION('',(-0.,-1.,0.));
#1082=AXIS2_PLACEMENT_3D('',#1079,#1080,#1081);
#1083=CIRCLE('',#1082,2.05);
#1084=EDGE_CURVE('NONE',#1070,#1070,#1083,.T.);
#1085=ORIENTED_EDGE('',*,*,#1084,.F.);
#1086=ORIENTED_EDGE('',*,*,#1077,.T.);
#1087=CARTESIAN_POINT('',(4.39473671,14.609218171,41.938638218));
#1088=DIRECTION('',(-0.,-0.,-1.));
#1089=DIRECTION('',(-0.,-1.,0.));
#1090=AXIS2_PLACEMENT_3D('',#1087,#1088,#1089);
#1091=CIRCLE('',#1090,2.05);
#1092=EDGE_CURVE('NONE',#1072,#1072,#1091,.T.);
#1093=ORIENTED_EDGE('',*,*,#1092,.T.);
#1094=EDGE_LOOP('',(#1078,#1085,#1086,#1093));
#1095=FACE_BOUND('',#1094,.T.);
#1096=ADVANCED_FACE('NONE',(#1095),#1068,.F.);
#1097=CARTESIAN_POINT('',(-20.72,-28.890781829,41.938638218));
#1098=DIRECTION('',(0.,0.,1.));
#1099=DIRECTION('',(-0.,-1.,0.));
#1100=AXIS2_PLACEMENT_3D('',#1097,#1098,#1099);
#1101=CYLINDRICAL_SURFACE('',#1100,2.05);
#1102=CARTESIAN_POINT('',(-20.72,-30.940781829,47.938638218));
#1103=VERTEX_POINT('',#1102);
#1104=CARTESIAN_POINT('',(-20.72,-30.940781829,41.938638218));
#1105=VERTEX_POINT('',#1104);
#1106=CARTESIAN_POINT('',(-20.72,-30.940781829,47.938638218));
#1107=DIRECTION('',(-0.,-0.,-1.));
#1108=VECTOR('',#1107,6.);
#1109=LINE('',#1106,#1108);
#1110=EDGE_CURVE('',#1103,#1105,#1109,.T.);
#1111=ORIENTED_EDGE('',*,*,#1110,.F.);
#1112=CARTESIAN_POINT('',(-20.72,-28.890781829,47.938638218));
#1113=DIRECTION('',(-0.,-0.,-1.));
#1114=DIRECTION('',(-0.,-1.,0.));
#1115=AXIS2_PLACEMENT_3D('',#1112,#1113,#1114);
#1116=CIRCLE('',#1115,2.05);
#1117=EDGE_CURVE('NONE',#1103,#1103,#1116,.T.);
#1118=ORIENTED_EDGE('',*,*,#1117,.F.);
#1119=ORIENTED_EDGE('',*,*,#1110,.T.);
#1120=CARTESIAN_POINT('',(-20.72,-28.890781829,41.938638218));
#1121=DIRECTION('',(-0.,-0.,-1.));
#1122=DIRECTION('',(-0.,-1.,0.));
#1123=AXIS2_PLACEMENT_3D('',#1120,#1121,#1122);
#1124=CIRCLE('',#1123,2.05);
#1125=EDGE_CURVE('NONE',#1105,#1105,#1124,.T.);
#1126=ORIENTED_EDGE('',*,*,#1125,.T.);
#1127=EDGE_LOOP('',(#1111,#1118,#1119,#1126));
#1128=FACE_BOUND('',#1127,.T.);
#1129=ADVANCED_FACE('NONE',(#1128),#1101,.F.);
#1130=CARTESIAN_POINT('',(-20.72,0.109218171,41.938638218));
#1131=DIRECTION('',(0.,0.,1.));
#1132=DIRECTION('',(-0.,-1.,0.));
#1133=AXIS2_PLACEMENT_3D('',#1130,#1131,#1132);
#1134=CYLINDRICAL_SURFACE('',#1133,11.5);
#1135=CARTESIAN_POINT('',(-20.72,-11.390781829,47.938638218));
#1136=VERTEX_POINT('',#1135);
#1137=CARTESIAN_POINT('',(-20.72,-11.390781829,41.938638218));
#1138=VERTEX_POINT('',#1137);
#1139=CARTESIAN_POINT('',(-20.72,-11.390781829,47.938638218));
#1140=DIRECTION('',(-0.,-0.,-1.));
#1141=VECTOR('',#1140,6.);
#1142=LINE('',#1139,#1141);
#1143=EDGE_CURVE('',#1136,#1138,#1142,.T.);
#1144=ORIENTED_EDGE('',*,*,#1143,.F.);
#1145=CARTESIAN_POINT('',(-20.72,0.109218171,47.938638218));
#1146=DIRECTION('',(-0.,-0.,-1.));
#1147=DIRECTION('',(-0.,-1.,0.));
#1148=AXIS2_PLACEMENT_3D('',#1145,#1146,#1147);
#1149=CIRCLE('',#1148,11.5);
#1150=EDGE_CURVE('NONE',#1136,#1136,#1149,.T.);
#1151=ORIENTED_EDGE('',*,*,#1150,.F.);
#1152=ORIENTED_EDGE('',*,*,#1143,.T.);
#1153=CARTESIAN_POINT('',(-20.72,0.109218171,41.938638218));
#1154=DIRECTION('',(-0.,-0.,-1.));
#1155=DIRECTION('',(-0.,-1.,0.));
#1156=AXIS2_PLACEMENT_3D('',#1153,#1154,#1155);
#1157=CIRCLE('',#1156,11.5);
#1158=EDGE_CURVE('NONE',#1138,#1138,#1157,.T.);
#1159=ORIENTED_EDGE('',*,*,#1158,.T.);
#1160=EDGE_LOOP('',(#1144,#1151,#1152,#1159));
#1161=FACE_BOUND('',#1160,.T.);
#1162=ADVANCED_FACE('NONE',(#1161),#1134,.F.);
#1163=CARTESIAN_POINT('',(-7.284971157,91.187330554,146.373667061));
#1164=DIRECTION('',(-0.,-1.,0.));
#1165=DIRECTION('',(0.,-0.,-1.));
#1166=AXIS2_PLACEMENT_3D('',#1163,#1164,#1165);
#1167=CYLINDRICAL_SURFACE('',#1166,1.6);
#1168=CARTESIAN_POINT('',(-7.284971157,66.187330554,144.773667061));
#1169=VERTEX_POINT('',#1168);
#1170=CARTESIAN_POINT('',(-7.284971157,66.187330554,144.773667061));
#1171=DIRECTION('',(0.,1.,-0.));
#1172=VECTOR('',#1171,5.);
#1173=LINE('',#1170,#1172);
#1174=EDGE_CURVE('',#1169,#938,#1173,.T.);
#1175=ORIENTED_EDGE('',*,*,#1174,.F.);
#1176=CARTESIAN_POINT('',(-7.284971157,66.187330554,146.373667061));
#1177=DIRECTION('',(-0.,-1.,0.));
#1178=DIRECTION('',(0.,-0.,-1.));
#1179=AXIS2_PLACEMENT_3D('',#1176,#1177,#1178);
#1180=CIRCLE('',#1179,1.6);
#1181=EDGE_CURVE('NONE',#1169,#1169,#1180,.T.);
#1182=ORIENTED_EDGE('',*,*,#1181,.T.);
#1183=ORIENTED_EDGE('',*,*,#1174,.T.);
#1184=ORIENTED_EDGE('',*,*,#944,.T.);
#1185=EDGE_LOOP('',(#1175,#1182,#1183,#1184));
#1186=FACE_BOUND('',#1185,.T.);
#1187=ADVANCED_FACE('NONE',(#1186),#1167,.F.);
#1188=CARTESIAN_POINT('',(-7.284971157,91.187330554,119.503609375));
#1189=DIRECTION('',(-0.,-1.,0.));
#1190=DIRECTION('',(0.,-0.,-1.));
#1191=AXIS2_PLACEMENT_3D('',#1188,#1189,#1190);
#1192=CYLINDRICAL_SURFACE('',#1191,1.6);
#1193=CARTESIAN_POINT('',(-7.284971157,66.187330554,117.903609375));
#1194=VERTEX_POINT('',#1193);
#1195=CARTESIAN_POINT('',(-7.284971157,66.187330554,117.903609375));
#1196=DIRECTION('',(0.,1.,-0.));
#1197=VECTOR('',#1196,5.);
#1198=LINE('',#1195,#1197);
#1199=EDGE_CURVE('',#1194,#949,#1198,.T.);
#1200=ORIENTED_EDGE('',*,*,#1199,.F.);
#1201=CARTESIAN_POINT('',(-7.284971157,66.187330554,119.503609375));
#1202=DIRECTION('',(-0.,-1.,0.));
#1203=DIRECTION('',(0.,-0.,-1.));
#1204=AXIS2_PLACEMENT_3D('',#1201,#1202,#1203);
#1205=CIRCLE('',#1204,1.6);
#1206=EDGE_CURVE('NONE',#1194,#1194,#1205,.T.);
#1207=ORIENTED_EDGE('',*,*,#1206,.T.);
#1208=ORIENTED_EDGE('',*,*,#1199,.T.);
#1209=ORIENTED_EDGE('',*,*,#955,.T.);
#1210=EDGE_LOOP('',(#1200,#1207,#1208,#1209));
#1211=FACE_BOUND('',#1210,.T.);
#1212=ADVANCED_FACE('NONE',(#1211),#1192,.F.);
#1213=CARTESIAN_POINT('',(-34.155028843,91.187330554,146.373667061));
#1214=DIRECTION('',(-0.,-1.,0.));
#1215=DIRECTION('',(0.,-0.,-1.));
#1216=AXIS2_PLACEMENT_3D('',#1213,#1214,#1215);
#1217=CYLINDRICAL_SURFACE('',#1216,1.6);
#1218=CARTESIAN_POINT('',(-34.155028843,66.187330554,144.773667061));
#1219=VERTEX_POINT('',#1218);
#1220=CARTESIAN_POINT('',(-34.155028843,66.187330554,144.773667061));
#1221=DIRECTION('',(0.,1.,-0.));
#1222=VECTOR('',#1221,5.);
#1223=LINE('',#1220,#1222);
#1224=EDGE_CURVE('',#1219,#960,#1223,.T.);
#1225=ORIENTED_EDGE('',*,*,#1224,.F.);
#1226=CARTESIAN_POINT('',(-34.155028843,66.187330554,146.373667061));
#1227=DIRECTION('',(-0.,-1.,0.));
#1228=DIRECTION('',(0.,-0.,-1.));
#1229=AXIS2_PLACEMENT_3D('',#1226,#1227,#1228);
#1230=CIRCLE('',#1229,1.6);
#1231=EDGE_CURVE('NONE',#1219,#1219,#1230,.T.);
#1232=ORIENTED_EDGE('',*,*,#1231,.T.);
#1233=ORIENTED_EDGE('',*,*,#1224,.T.);
#1234=ORIENTED_EDGE('',*,*,#966,.T.);
#1235=EDGE_LOOP('',(#1225,#1232,#1233,#1234));
#1236=FACE_BOUND('',#1235,.T.);
#1237=ADVANCED_FACE('NONE',(#1236),#1217,.F.);
#1238=CARTESIAN_POINT('',(-34.155028843,91.187330554,119.503609375));
#1239=DIRECTION('',(-0.,-1.,0.));
#1240=DIRECTION('',(0.,-0.,-1.));
#1241=AXIS2_PLACEMENT_3D('',#1238,#1239,#1240);
#1242=CYLINDRICAL_SURFACE('',#1241,1.6);
#1243=CARTESIAN_POINT('',(-34.155028843,66.187330554,117.903609375));
#1244=VERTEX_POINT('',#1243);
#1245=CARTESIAN_POINT('',(-34.155028843,66.187330554,117.903609375));
#1246=DIRECTION('',(0.,1.,-0.));
#1247=VECTOR('',#1246,5.);
#1248=LINE('',#1245,#1247);
#1249=EDGE_CURVE('',#1244,#971,#1248,.T.);
#1250=ORIENTED_EDGE('',*,*,#1249,.F.);
#1251=CARTESIAN_POINT('',(-34.155028843,66.187330554,119.503609375));
#1252=DIRECTION('',(-0.,-1.,0.));
#1253=DIRECTION('',(0.,-0.,-1.));
#1254=AXIS2_PLACEMENT_3D('',#1251,#1252,#1253);
#1255=CIRCLE('',#1254,1.6);
#1256=EDGE_CURVE('NONE',#1244,#1244,#1255,.T.);
#1257=ORIENTED_EDGE('',*,*,#1256,.T.);
#1258=ORIENTED_EDGE('',*,*,#1249,.T.);
#1259=ORIENTED_EDGE('',*,*,#977,.T.);
#1260=EDGE_LOOP('',(#1250,#1257,#1258,#1259));
#1261=FACE_BOUND('',#1260,.T.);
#1262=ADVANCED_FACE('NONE',(#1261),#1242,.F.);
#1263=CARTESIAN_POINT('',(-55.72,51.446973246,76.40759044));
#1264=DIRECTION('',(-1.,0.,-0.));
#1265=DIRECTION('',(0.,0.,1.));
#1266=AXIS2_PLACEMENT_3D('',#1263,#1264,#1265);
#1267=CYLINDRICAL_SURFACE('',#1266,2.);
#1268=CARTESIAN_POINT('',(9.28,51.446973246,78.40759044));
#1269=VERTEX_POINT('',#1268);
#1270=CARTESIAN_POINT('',(9.28,51.446973246,78.40759044));
#1271=DIRECTION('',(1.,-0.,0.));
#1272=VECTOR('',#1271,5.);
#1273=LINE('',#1270,#1272);
#1274=EDGE_CURVE('',#1269,#803,#1273,.T.);
#1275=ORIENTED_EDGE('',*,*,#1274,.F.);
#1276=CARTESIAN_POINT('',(9.28,53.179024057,75.407590439));
#1277=VERTEX_POINT('',#1276);
#1278=CARTESIAN_POINT('',(9.28,51.446973246,76.40759044));
#1279=DIRECTION('',(-1.,0.,-0.));
#1280=DIRECTION('',(0.,0.,1.));
#1281=AXIS2_PLACEMENT_3D('',#1278,#1279,#1280);
#1282=CIRCLE('',#1281,2.);
#1283=EDGE_CURVE('NONE',#1269,#1277,#1282,.T.);
#1284=ORIENTED_EDGE('',*,*,#1283,.T.);
#1285=CARTESIAN_POINT('',(14.28,53.179024057,75.407590439));
#1286=DIRECTION('',(-1.,0.,-0.));
#1287=VECTOR('',#1286,5.);
#1288=LINE('',#1285,#1287);
#1289=EDGE_CURVE('NONE',#814,#1277,#1288,.T.);
#1290=ORIENTED_EDGE('',*,*,#1289,.F.);
#1291=ORIENTED_EDGE('',*,*,#820,.T.);
#1292=EDGE_LOOP('',(#1275,#1284,#1290,#1291));
#1293=FACE_BOUND('',#1292,.T.);
#1294=ADVANCED_FACE('NONE',(#1293),#1267,.F.);
#1295=CARTESIAN_POINT('',(-20.72,0.109218171,41.938638218));
#1296=DIRECTION('',(0.,0.,1.));
#1297=DIRECTION('',(-0.,-1.,0.));
#1298=AXIS2_PLACEMENT_3D('',#1295,#1296,#1297);
#1299=CYLINDRICAL_SURFACE('',#1298,35.);
#1300=CARTESIAN_POINT('',(-20.72,-34.890781829,46.938638218));
#1301=VERTEX_POINT('',#1300);
#1302=CARTESIAN_POINT('',(-20.72,-34.890781829,41.938638218));
#1303=VERTEX_POINT('',#1302);
#1304=CARTESIAN_POINT('',(-20.72,-34.890781829,46.938638218));
#1305=DIRECTION('',(-0.,-0.,-1.));
#1306=VECTOR('',#1305,5.);
#1307=LINE('',#1304,#1306);
#1308=EDGE_CURVE('',#1301,#1303,#1307,.T.);
#1309=ORIENTED_EDGE('',*,*,#1308,.T.);
#1310=CARTESIAN_POINT('',(-20.72,0.109218171,41.938638218));
#1311=DIRECTION('',(-0.,-0.,-1.));
#1312=DIRECTION('',(-0.,-1.,0.));
#1313=AXIS2_PLACEMENT_3D('',#1310,#1311,#1312);
#1314=CIRCLE('',#1313,35.);
#1315=EDGE_CURVE('NONE',#907,#1303,#1314,.T.);
#1316=ORIENTED_EDGE('',*,*,#1315,.F.);
#1317=ORIENTED_EDGE('',*,*,#912,.T.);
#1318=CARTESIAN_POINT('',(-20.72,0.109218171,46.938638218));
#1319=DIRECTION('',(-0.,-0.,-1.));
#1320=DIRECTION('',(-0.,-1.,0.));
#1321=AXIS2_PLACEMENT_3D('',#1318,#1319,#1320);
#1322=CIRCLE('',#1321,35.);
#1323=EDGE_CURVE('NONE',#899,#1301,#1322,.T.);
#1324=ORIENTED_EDGE('',*,*,#1323,.T.);
#1325=EDGE_LOOP('',(#1309,#1316,#1317,#1324));
#1326=FACE_BOUND('',#1325,.T.);
#1327=ADVANCED_FACE('NONE',(#1326),#1299,.T.);
#1328=CARTESIAN_POINT('',(9.28,22.049909085,57.310863847));
#1329=DIRECTION('',(1.,-0.,0.));
#1330=DIRECTION('',(-0.,-0.,-1.));
#1331=AXIS2_PLACEMENT_3D('',#1328,#1329,#1330);
#1332=CYLINDRICAL_SURFACE('',#1331,3.805875078);
#1333=CARTESIAN_POINT('',(9.28,22.049909085,53.504988769));
#1334=VERTEX_POINT('',#1333);
#1335=CARTESIAN_POINT('',(14.28,22.049909085,53.504988769));
#1336=DIRECTION('',(-1.,0.,-0.));
#1337=VECTOR('',#1336,5.);
#1338=LINE('',#1335,#1337);
#1339=EDGE_CURVE('',#785,#1334,#1338,.T.);
#1340=ORIENTED_EDGE('',*,*,#1339,.F.);
#1341=ORIENTED_EDGE('',*,*,#791,.T.);
#1342=CARTESIAN_POINT('',(9.28,25.273364457,55.287495225));
#1343=VERTEX_POINT('',#1342);
#1344=CARTESIAN_POINT('',(9.28,25.273364462,55.287495231));
#1345=DIRECTION('',(1.,-0.,0.));
#1346=VECTOR('',#1345,5.);
#1347=LINE('',#1344,#1346);
#1348=EDGE_CURVE('NONE',#1343,#777,#1347,.T.);
#1349=ORIENTED_EDGE('',*,*,#1348,.F.);
#1350=CARTESIAN_POINT('',(9.28,22.049909085,57.310863847));
#1351=DIRECTION('',(1.,-0.,0.));
#1352=DIRECTION('',(-0.,-0.,-1.));
#1353=AXIS2_PLACEMENT_3D('',#1350,#1351,#1352);
#1354=CIRCLE('',#1353,3.805875078);
#1355=EDGE_CURVE('NONE',#1334,#1343,#1354,.T.);
#1356=ORIENTED_EDGE('',*,*,#1355,.F.);
#1357=EDGE_LOOP('',(#1340,#1341,#1349,#1356));
#1358=FACE_BOUND('',#1357,.T.);
#1359=ADVANCED_FACE('NONE',(#1358),#1332,.F.);
#1360=CARTESIAN_POINT('',(-50.72,50.187330554,102.136963173));
#1361=DIRECTION('',(-1.,0.,-0.));
#1362=DIRECTION('',(0.,0.,1.));
#1363=AXIS2_PLACEMENT_3D('',#1360,#1361,#1362);
#1364=CYLINDRICAL_SURFACE('',#1363,10.);
#1365=CARTESIAN_POINT('',(-52.414050159,50.187330554,112.136963176));
#1366=VERTEX_POINT('',#1365);
#1367=CARTESIAN_POINT('',(-55.72,50.187330554,112.136963173));
#1368=DIRECTION('',(1.,-0.,0.));
#1369=VECTOR('',#1368,3.30594984);
#1370=LINE('',#1367,#1369);
#1371=EDGE_CURVE('',#667,#1366,#1370,.T.);
#1372=ORIENTED_EDGE('',*,*,#1371,.F.);
#1373=ORIENTED_EDGE('',*,*,#673,.T.);
#1374=CARTESIAN_POINT('',(-50.72,58.657013113,96.820528519));
#1375=VERTEX_POINT('',#1374);
#1376=CARTESIAN_POINT('',(-50.72,58.657013115,96.820528516));
#1377=DIRECTION('',(-1.,0.,-0.));
#1378=VECTOR('',#1377,5.);
#1379=LINE('',#1376,#1378);
#1380=EDGE_CURVE('NONE',#1375,#659,#1379,.T.);
#1381=ORIENTED_EDGE('',*,*,#1380,.F.);
#1382=CARTESIAN_POINT('',(-50.72,56.658845449,109.760577471));
#1383=VERTEX_POINT('',#1382);
#1384=CARTESIAN_POINT('',(-50.72,50.187330554,102.136963173));
#1385=DIRECTION('',(-1.,0.,-0.));
#1386=DIRECTION('',(0.,0.,1.));
#1387=AXIS2_PLACEMENT_3D('',#1384,#1385,#1386);
#1388=CIRCLE('',#1387,10.);
#1389=EDGE_CURVE('NONE',#1383,#1375,#1388,.T.);
#1390=ORIENTED_EDGE('',*,*,#1389,.F.);
#1391=CARTESIAN_POINT('',(-50.72,56.658845449,109.760577471));
#1392=CARTESIAN_POINT('',(-50.994175601,56.240795742,110.115450475));
#1393=CARTESIAN_POINT('',(-51.235257071,55.78869841,110.440415811));
#1394=CARTESIAN_POINT('',(-51.445184444,55.300547415,110.730857129));
#1395=CARTESIAN_POINT('',(-51.55014813,55.056471918,110.876077789));
#1396=CARTESIAN_POINT('',(-51.647286082,54.803345824,111.012635568));
#1397=CARTESIAN_POINT('',(-51.736572949,54.540621329,111.139677177));
#1398=CARTESIAN_POINT('',(-51.825859815,54.277896834,111.266718785));
#1399=CARTESIAN_POINT('',(-51.907265259,54.005122892,111.384216534));
#1400=CARTESIAN_POINT('',(-51.97904636,53.728897298,111.488824218));
#1401=CARTESIAN_POINT('',(-52.122608561,53.176446112,111.698039584));
#1402=CARTESIAN_POINT('',(-52.23027027,52.604229689,111.859197822));
#1403=CARTESIAN_POINT('',(-52.30327437,52.011619189,111.969153721));
#1404=CARTESIAN_POINT('',(-52.33977642,51.715313938,112.024131671));
#1405=CARTESIAN_POINT('',(-52.367603196,51.412548195,112.066339602));
#1406=CARTESIAN_POINT('',(-52.386147111,51.10778445,112.094511296));
#1407=CARTESIAN_POINT('',(-52.404691025,50.803020706,112.122682991));
#1408=CARTESIAN_POINT('',(-52.413995695,50.497102361,112.136880195));
#1409=CARTESIAN_POINT('',(-52.414049919,50.190020924,112.136962811));
#1410=CARTESIAN_POINT('',(-52.414158365,49.575858052,112.137128044));
#1411=CARTESIAN_POINT('',(-52.377644066,48.973331631,112.081192414));
#1412=CARTESIAN_POINT('',(-52.305593538,48.381971752,111.972647165));
#1413=CARTESIAN_POINT('',(-52.269568274,48.086291813,111.918374541));
#1414=CARTESIAN_POINT('',(-52.224565282,47.79341349,111.85086088));
#1415=CARTESIAN_POINT('',(-52.170175303,47.503384165,111.770053631));
#1416=CARTESIAN_POINT('',(-52.115785323,47.21335484,111.689246383));
#1417=CARTESIAN_POINT('',(-52.052230719,46.927975217,111.595493417));
#1418=CARTESIAN_POINT('',(-51.980611272,46.651792202,111.49110496));
#1419=CARTESIAN_POINT('',(-51.837372377,46.099426173,111.282328044));
#1420=CARTESIAN_POINT('',(-51.661047488,45.577768091,111.029645596));
#1421=CARTESIAN_POINT('',(-51.449991583,45.08531103,110.73750948));
#1422=CARTESIAN_POINT('',(-51.344463631,44.839082499,110.591441421));
#1423=CARTESIAN_POINT('',(-51.229994416,44.600039841,110.435212006));
#1424=CARTESIAN_POINT('',(-51.108264243,44.371751183,110.272013055));
#1425=CARTESIAN_POINT('',(-50.986534069,44.143462526,110.108814104));
#1426=CARTESIAN_POINT('',(-50.857162945,43.92495509,109.938111235));
#1427=CARTESIAN_POINT('',(-50.719999999,43.715815659,109.760577471));
#1428=B_SPLINE_CURVE_WITH_KNOTS('',3,(#1391,#1392,#1393,#1394,#1395,#1396,#1397,#1398,#1399,#1400,#1401,#1402,#1403,#1404,#1405,#1406,#1407,#1408,#1409,#1410,#1411,#1412,#1413,#1414,#1415,#1416,
#1417,#1418,#1419,#1420,#1421,#1422,#1423,#1424,#1425,#1426,#1427),.UNSPECIFIED.,.F.,.F.,(4,3,3,3,3,3,3,3,3,3,3,3,4),(-0.007262277,-0.00544737,-0.004539917,-0.003632463,-0.001817557,-0.000910103,-0.00000265,0.001812257,0.00271971,0.003627163,0.00544207,0.006349523,0.007256977),.UNSPECIFIED.);
#1429=EDGE_CURVE('NONE',#1383,#1366,#1428,.T.);
#1430=ORIENTED_EDGE('',*,*,#1429,.T.);
#1431=EDGE_LOOP('',(#1372,#1373,#1381,#1390,#1430));
#1432=FACE_BOUND('',#1431,.T.);
#1433=ADVANCED_FACE('NONE',(#1432),#1364,.F.);
#1434=CARTESIAN_POINT('',(-35.72,47.515969517,55.598892256));
#1435=DIRECTION('',(-0.,-0.866025404,0.5));
#1436=DIRECTION('',(-0.,-0.5,-0.866025404));
#1437=AXIS2_PLACEMENT_3D('',#1434,#1435,#1436);
#1438=CYLINDRICAL_SURFACE('',#1437,6.);
#1439=CARTESIAN_POINT('',(-35.719999999,40.185842499,52.902739833));
#1440=VERTEX_POINT('',#1439);
#1441=CARTESIAN_POINT('',(-35.72,40.185842499,52.902739833));
#1442=DIRECTION('',(0.,0.866025404,-0.5));
#1443=VECTOR('',#1442,5.);
#1444=LINE('',#1441,#1443);
#1445=EDGE_CURVE('',#1440,#458,#1444,.T.);
#1446=ORIENTED_EDGE('',*,*,#1445,.F.);
#1447=CARTESIAN_POINT('',(-29.72,43.185842498,58.098892256));
#1448=VERTEX_POINT('',#1447);
#1449=CARTESIAN_POINT('',(-35.72,43.185842498,58.098892256));
#1450=DIRECTION('',(-0.,-0.866025404,0.5));
#1451=DIRECTION('',(-0.,-0.5,-0.866025404));
#1452=AXIS2_PLACEMENT_3D('',#1449,#1450,#1451);
#1453=CIRCLE('',#1452,6.);
#1454=EDGE_CURVE('NONE',#1440,#1448,#1453,.T.);
#1455=ORIENTED_EDGE('',*,*,#1454,.T.);
#1456=CARTESIAN_POINT('',(-29.72,47.515969517,55.598892256));
#1457=DIRECTION('',(-0.,-0.866025404,0.5));
#1458=VECTOR('',#1457,4.999999999);
#1459=LINE('',#1456,#1458);
#1460=EDGE_CURVE('NONE',#467,#1448,#1459,.T.);
#1461=ORIENTED_EDGE('',*,*,#1460,.F.);
#1462=ORIENTED_EDGE('',*,*,#473,.F.);
#1463=EDGE_LOOP('',(#1446,#1455,#1461,#1462));
#1464=FACE_BOUND('',#1463,.T.);
#1465=ADVANCED_FACE('NONE',(#1464),#1438,.F.);
#1466=CARTESIAN_POINT('',(-5.72,47.515969517,55.598892256));
#1467=DIRECTION('',(-0.,-0.866025404,0.5));
#1468=DIRECTION('',(-0.,-0.5,-0.866025404));
#1469=AXIS2_PLACEMENT_3D('',#1466,#1467,#1468);
#1470=CYLINDRICAL_SURFACE('',#1469,6.);
#1471=CARTESIAN_POINT('',(-5.719999999,40.185842499,52.902739833));
#1472=VERTEX_POINT('',#1471);
#1473=CARTESIAN_POINT('',(-5.72,40.185842499,52.902739833));
#1474=DIRECTION('',(0.,0.866025404,-0.5));
#1475=VECTOR('',#1474,5.);
#1476=LINE('',#1473,#1475);
#1477=EDGE_CURVE('',#1472,#503,#1476,.T.);
#1478=ORIENTED_EDGE('',*,*,#1477,.F.);
#1479=CARTESIAN_POINT('',(0.28,43.185842498,58.098892256));
#1480=VERTEX_POINT('',#1479);
#1481=CARTESIAN_POINT('',(-5.72,43.185842498,58.098892256));
#1482=DIRECTION('',(-0.,-0.866025404,0.5));
#1483=DIRECTION('',(-0.,-0.5,-0.866025404));
#1484=AXIS2_PLACEMENT_3D('',#1481,#1482,#1483);
#1485=CIRCLE('',#1484,6.);
#1486=EDGE_CURVE('NONE',#1472,#1480,#1485,.T.);
#1487=ORIENTED_EDGE('',*,*,#1486,.T.);
#1488=CARTESIAN_POINT('',(0.28,47.515969517,55.598892256));
#1489=DIRECTION('',(-0.,-0.866025404,0.5));
#1490=VECTOR('',#1489,4.999999999);
#1491=LINE('',#1488,#1490);
#1492=EDGE_CURVE('NONE',#512,#1480,#1491,.T.);
#1493=ORIENTED_EDGE('',*,*,#1492,.F.);
#1494=ORIENTED_EDGE('',*,*,#518,.F.);
#1495=EDGE_LOOP('',(#1478,#1487,#1493,#1494));
#1496=FACE_BOUND('',#1495,.T.);
#1497=ADVANCED_FACE('NONE',(#1496),#1470,.F.);
#1498=CARTESIAN_POINT('',(-55.72,42.450669065,116.370779762));
#1499=DIRECTION('',(1.,-0.,0.));
#1500=DIRECTION('',(-0.,-0.,-1.));
#1501=AXIS2_PLACEMENT_3D('',#1498,#1499,#1500);
#1502=CONICAL_SURFACE('',#1501,1.,44.999999949);
#1503=CARTESIAN_POINT('',(-54.719999995,40.644617526,117.229952534));
#1504=VERTEX_POINT('',#1503);
#1505=CARTESIAN_POINT('',(-55.72,41.547643297,116.800366147));
#1506=CARTESIAN_POINT('',(-55.386666666,41.246634708,116.943561608));
#1507=CARTESIAN_POINT('',(-55.053333333,40.945626119,117.086757069));
#1508=CARTESIAN_POINT('',(-54.72,40.64461753,117.22995253));
#1509=B_SPLINE_CURVE_WITH_KNOTS('',3,(#1505,#1506,#1507,#1508),.UNSPECIFIED.,.F.,.F.,(4,4),(0.,1.414213562),.UNSPECIFIED.);
#1510=EDGE_CURVE('NONE',#734,#1504,#1509,.T.);
#1511=ORIENTED_EDGE('',*,*,#1510,.T.);
#1512=CARTESIAN_POINT('',(-54.72,42.450669065,116.370779762));
#1513=DIRECTION('',(1.,-0.,0.));
#1514=DIRECTION('',(0.,0.,1.));
#1515=AXIS2_PLACEMENT_3D('',#1512,#1513,#1514);
#1516=CIRCLE('',#1515,2.);
#1517=EDGE_CURVE('NONE',#285,#1504,#1516,.T.);
#1518=ORIENTED_EDGE('',*,*,#1517,.F.);
#1519=ORIENTED_EDGE('',*,*,#290,.F.);
#1520=ORIENTED_EDGE('',*,*,#746,.F.);
#1521=EDGE_LOOP('',(#1511,#1518,#1519,#1520));
#1522=FACE_BOUND('',#1521,.T.);
#1523=ADVANCED_FACE('NONE',(#1522),#1502,.T.);
#1524=CARTESIAN_POINT('',(-54.72,6.284022496,45.00116737));
#1525=DIRECTION('',(0.707106781,0.638535644,-0.303763446));
#1526=DIRECTION('',(0.,0.429586385,0.903025768));
#1527=AXIS2_PLACEMENT_3D('',#1524,#1525,#1526);
#1528=PLANE('',#1527);
#1529=CARTESIAN_POINT('',(-54.719999999,8.495502304,49.649879063));
#1530=VERTEX_POINT('',#1529);
#1531=CARTESIAN_POINT('',(-55.72,9.398528072,49.220292678));
#1532=DIRECTION('',(0.707106781,-0.638535644,0.303763446));
#1533=VECTOR('',#1532,1.414213563);
#1534=LINE('',#1531,#1533);
#1535=EDGE_CURVE('NONE',#725,#1530,#1534,.T.);
#1536=ORIENTED_EDGE('',*,*,#1535,.T.);
#1537=CARTESIAN_POINT('',(-54.72,40.644617522,117.229952535));
#1538=DIRECTION('',(-0.,-0.429586385,-0.903025768));
#1539=VECTOR('',#1538,74.837369942);
#1540=LINE('',#1537,#1539);
#1541=EDGE_CURVE('NONE',#1504,#1530,#1540,.T.);
#1542=ORIENTED_EDGE('',*,*,#1541,.F.);
#1543=ORIENTED_EDGE('',*,*,#1510,.F.);
#1544=ORIENTED_EDGE('',*,*,#739,.F.);
#1545=EDGE_LOOP('',(#1536,#1542,#1543,#1544));
#1546=FACE_BOUND('',#1545,.T.);
#1547=ADVANCED_FACE('NONE',(#1546),#1528,.F.);
#1548=CARTESIAN_POINT('',(-55.72,5.786425,50.938638218));
#1549=DIRECTION('',(-1.,0.,-0.));
#1550=DIRECTION('',(0.,0.,1.));
#1551=AXIS2_PLACEMENT_3D('',#1548,#1549,#1550);
#1552=CONICAL_SURFACE('',#1551,4.,44.999999949);
#1553=CARTESIAN_POINT('',(-54.719999999,5.786425,47.938638218));
#1554=VERTEX_POINT('',#1553);
#1555=CARTESIAN_POINT('',(-55.72,5.786425,46.938638218));
#1556=CARTESIAN_POINT('',(-55.386666666,5.786425001,47.271971551));
#1557=CARTESIAN_POINT('',(-55.053333332,5.786425001,47.605304884));
#1558=CARTESIAN_POINT('',(-54.719999999,5.786425001,47.938638217));
#1559=B_SPLINE_CURVE_WITH_KNOTS('',3,(#1555,#1556,#1557,#1558),.UNSPECIFIED.,.F.,.F.,(4,4),(0.,1.414213562),.UNSPECIFIED.);
#1560=EDGE_CURVE('NONE',#717,#1554,#1559,.T.);
#1561=ORIENTED_EDGE('',*,*,#1560,.T.);
#1562=CARTESIAN_POINT('',(-54.72,5.786425,50.938638218));
#1563=DIRECTION('',(-1.,0.,-0.));
#1564=DIRECTION('',(-0.,-0.,-1.));
#1565=AXIS2_PLACEMENT_3D('',#1562,#1563,#1564);
#1566=CIRCLE('',#1565,3.);
#1567=EDGE_CURVE('NONE',#1530,#1554,#1566,.T.);
#1568=ORIENTED_EDGE('',*,*,#1567,.F.);
#1569=ORIENTED_EDGE('',*,*,#1535,.F.);
#1570=ORIENTED_EDGE('',*,*,#731,.F.);
#1571=EDGE_LOOP('',(#1561,#1568,#1569,#1570));
#1572=FACE_BOUND('',#1571,.T.);
#1573=ADVANCED_FACE('NONE',(#1572),#1552,.F.);
#1574=CARTESIAN_POINT('',(14.28,42.450669065,116.370779762));
#1575=DIRECTION('',(-1.,0.,-0.));
#1576=DIRECTION('',(0.,0.,1.));
#1577=AXIS2_PLACEMENT_3D('',#1574,#1575,#1576);
#1578=CONICAL_SURFACE('',#1577,1.,44.999999949);
#1579=CARTESIAN_POINT('',(13.279999996,40.644617526,117.229952533));
#1580=VERTEX_POINT('',#1579);
#1581=CARTESIAN_POINT('',(13.279999996,40.644617526,117.229952533));
#1582=DIRECTION('',(0.707106782,0.638535644,-0.303763446));
#1583=VECTOR('',#1582,1.414213568);
#1584=LINE('',#1581,#1583);
#1585=EDGE_CURVE('NONE',#1580,#873,#1584,.T.);
#1586=ORIENTED_EDGE('',*,*,#1585,.T.);
#1587=ORIENTED_EDGE('',*,*,#879,.F.);
#1588=ORIENTED_EDGE('',*,*,#368,.F.);
#1589=CARTESIAN_POINT('',(13.28,42.450669065,116.370779762));
#1590=DIRECTION('',(-1.,0.,-0.));
#1591=DIRECTION('',(-0.,-0.,-1.));
#1592=AXIS2_PLACEMENT_3D('',#1589,#1590,#1591);
#1593=CIRCLE('',#1592,2.);
#1594=EDGE_CURVE('NONE',#1580,#357,#1593,.T.);
#1595=ORIENTED_EDGE('',*,*,#1594,.F.);
#1596=EDGE_LOOP('',(#1586,#1587,#1588,#1595));
#1597=FACE_BOUND('',#1596,.T.);
#1598=ADVANCED_FACE('NONE',(#1597),#1578,.T.);
#1599=CARTESIAN_POINT('',(-55.72,0.109218171,46.938638218));
#1600=DIRECTION('',(0.707106781,-0.,-0.707106781));
#1601=DIRECTION('',(0.,1.,-0.));
#1602=AXIS2_PLACEMENT_3D('',#1599,#1600,#1601);
#1603=PLANE('',#1602);
#1604=CARTESIAN_POINT('',(-54.719999999,0.109218171,47.938638219));
#1605=VERTEX_POINT('',#1604);
#1606=CARTESIAN_POINT('',(-55.72,0.109218171,46.938638218));
#1607=DIRECTION('',(0.707106781,-0.,0.707106781));
#1608=VECTOR('',#1607,1.414213563);
#1609=LINE('',#1606,#1608);
#1610=EDGE_CURVE('NONE',#709,#1605,#1609,.T.);
#1611=ORIENTED_EDGE('',*,*,#1610,.T.);
#1612=CARTESIAN_POINT('',(-54.72,5.786425,47.938638218));
#1613=DIRECTION('',(-0.,-1.,0.));
#1614=VECTOR('',#1613,5.677206829);
#1615=LINE('',#1612,#1614);
#1616=EDGE_CURVE('NONE',#1554,#1605,#1615,.T.);
#1617=ORIENTED_EDGE('',*,*,#1616,.F.);
#1618=ORIENTED_EDGE('',*,*,#1560,.F.);
#1619=ORIENTED_EDGE('',*,*,#722,.F.);
#1620=EDGE_LOOP('',(#1611,#1617,#1618,#1619));
#1621=FACE_BOUND('',#1620,.T.);
#1622=ADVANCED_FACE('NONE',(#1621),#1603,.F.);
#1623=CARTESIAN_POINT('',(14.28,4.859482812,39.678847758));
#1624=DIRECTION('',(-0.707106781,0.638535644,-0.303763446));
#1625=DIRECTION('',(-0.394706997,0.,0.918807045));
#1626=AXIS2_PLACEMENT_3D('',#1623,#1624,#1625);
#1627=PLANE('',#1626);
#1628=CARTESIAN_POINT('',(13.28,8.495502304,49.649879063));
#1629=VERTEX_POINT('',#1628);
#1630=CARTESIAN_POINT('',(13.28,8.495502304,49.649879063));
#1631=DIRECTION('',(0.707106781,0.638535644,-0.303763446));
#1632=VECTOR('',#1631,1.414213563);
#1633=LINE('',#1630,#1632);
#1634=EDGE_CURVE('NONE',#1629,#882,#1633,.T.);
#1635=ORIENTED_EDGE('',*,*,#1634,.T.);
#1636=ORIENTED_EDGE('',*,*,#887,.F.);
#1637=ORIENTED_EDGE('',*,*,#1585,.F.);
#1638=CARTESIAN_POINT('',(13.28,8.495502303,49.649879063));
#1639=DIRECTION('',(0.,0.429586385,0.903025768));
#1640=VECTOR('',#1639,74.837369942);
#1641=LINE('',#1638,#1640);
#1642=EDGE_CURVE('NONE',#1629,#1580,#1641,.T.);
#1643=ORIENTED_EDGE('',*,*,#1642,.F.);
#1644=EDGE_LOOP('',(#1635,#1636,#1637,#1643));
#1645=FACE_BOUND('',#1644,.T.);
#1646=ADVANCED_FACE('NONE',(#1645),#1627,.F.);
#1647=CARTESIAN_POINT('',(-20.72,0.109218171,46.938638218));
#1648=DIRECTION('',(0.,-0.,-1.));
#1649=DIRECTION('',(0.,1.,-0.));
#1650=AXIS2_PLACEMENT_3D('',#1647,#1648,#1649);
#1651=CONICAL_SURFACE('',#1650,35.,44.999999949);
#1652=CARTESIAN_POINT('',(13.280000001,0.109218171,47.938638219));
#1653=VERTEX_POINT('',#1652);
#1654=CARTESIAN_POINT('',(14.28,0.109218171,46.938638218));
#1655=CARTESIAN_POINT('',(13.946666667,0.109218171,47.271971552));
#1656=CARTESIAN_POINT('',(13.613333334,0.10921817,47.605304885));
#1657=CARTESIAN_POINT('',(13.280000001,0.10921817,47.938638219));
#1658=B_SPLINE_CURVE_WITH_KNOTS('',3,(#1654,#1655,#1656,#1657),.UNSPECIFIED.,.F.,.F.,(4,4),(0.,1.414213562),.UNSPECIFIED.);
#1659=EDGE_CURVE('NONE',#899,#1653,#1658,.T.);
#1660=ORIENTED_EDGE('',*,*,#1659,.T.);
#1661=CARTESIAN_POINT('',(-20.72,0.109218171,47.938638219));
#1662=DIRECTION('',(-0.,0.,1.));
#1663=DIRECTION('',(0.,1.,-0.));
#1664=AXIS2_PLACEMENT_3D('',#1661,#1662,#1663);
#1665=CIRCLE('',#1664,34.000000001);
#1666=EDGE_CURVE('NONE',#1605,#1653,#1665,.T.);
#1667=ORIENTED_EDGE('',*,*,#1666,.F.);
#1668=ORIENTED_EDGE('',*,*,#1610,.F.);
#1669=CARTESIAN_POINT('',(-20.72,0.109218171,46.938638218));
#1670=DIRECTION('',(-0.,-0.,-1.));
#1671=DIRECTION('',(-0.,-1.,0.));
#1672=AXIS2_PLACEMENT_3D('',#1669,#1670,#1671);
#1673=CIRCLE('',#1672,35.);
#1674=EDGE_CURVE('NONE',#1301,#709,#1673,.T.);
#1675=ORIENTED_EDGE('',*,*,#1674,.F.);
#1676=ORIENTED_EDGE('',*,*,#1323,.F.);
#1677=EDGE_LOOP('',(#1660,#1667,#1668,#1675,#1676));
#1678=FACE_BOUND('',#1677,.T.);
#1679=ADVANCED_FACE('NONE',(#1678),#1651,.T.);
#1680=CARTESIAN_POINT('',(14.28,5.786425,50.938638218));
#1681=DIRECTION('',(1.,-0.,0.));
#1682=DIRECTION('',(-0.,-0.,-1.));
#1683=AXIS2_PLACEMENT_3D('',#1680,#1681,#1682);
#1684=CONICAL_SURFACE('',#1683,4.,44.999999949);
#1685=CARTESIAN_POINT('',(13.28,5.786425,47.938638217));
#1686=VERTEX_POINT('',#1685);
#1687=CARTESIAN_POINT('',(13.28,5.786425,47.938638217));
#1688=DIRECTION('',(0.707106782,-0.,-0.707106781));
#1689=VECTOR('',#1688,1.414213562);
#1690=LINE('',#1687,#1689);
#1691=EDGE_CURVE('NONE',#1686,#890,#1690,.T.);
#1692=ORIENTED_EDGE('',*,*,#1691,.T.);
#1693=ORIENTED_EDGE('',*,*,#896,.F.);
#1694=ORIENTED_EDGE('',*,*,#1634,.F.);
#1695=CARTESIAN_POINT('',(13.28,5.786425,50.938638218));
#1696=DIRECTION('',(1.,-0.,0.));
#1697=DIRECTION('',(-0.,-0.,-1.));
#1698=AXIS2_PLACEMENT_3D('',#1695,#1696,#1697);
#1699=CIRCLE('',#1698,3.);
#1700=EDGE_CURVE('NONE',#1686,#1629,#1699,.T.);
#1701=ORIENTED_EDGE('',*,*,#1700,.F.);
#1702=EDGE_LOOP('',(#1692,#1693,#1694,#1701));
#1703=FACE_BOUND('',#1702,.T.);
#1704=ADVANCED_FACE('NONE',(#1703),#1684,.F.);
#1705=CARTESIAN_POINT('',(13.28,0.109218171,47.938638218));
#1706=DIRECTION('',(0.707106781,-0.,0.707106781));
#1707=DIRECTION('',(-0.,-1.,0.));
#1708=AXIS2_PLACEMENT_3D('',#1705,#1706,#1707);
#1709=PLANE('',#1708);
#1710=ORIENTED_EDGE('',*,*,#1659,.F.);
#1711=ORIENTED_EDGE('',*,*,#904,.F.);
#1712=ORIENTED_EDGE('',*,*,#1691,.F.);
#1713=CARTESIAN_POINT('',(13.28,0.109218171,47.938638218));
#1714=DIRECTION('',(0.,1.,-0.));
#1715=VECTOR('',#1714,5.67720683);
#1716=LINE('',#1713,#1715);
#1717=EDGE_CURVE('NONE',#1653,#1686,#1716,.T.);
#1718=ORIENTED_EDGE('',*,*,#1717,.F.);
#1719=EDGE_LOOP('',(#1710,#1711,#1712,#1718));
#1720=FACE_BOUND('',#1719,.T.);
#1721=ADVANCED_FACE('NONE',(#1720),#1709,.T.);
#1722=CARTESIAN_POINT('',(-50.72,42.450669065,116.370779762));
#1723=DIRECTION('',(-1.,0.,-0.));
#1724=DIRECTION('',(0.,0.,1.));
#1725=AXIS2_PLACEMENT_3D('',#1722,#1723,#1724);
#1726=CYLINDRICAL_SURFACE('',#1725,2.);
#1727=CARTESIAN_POINT('',(-51.947048631,42.450669065,118.370779762));
#1728=VERTEX_POINT('',#1727);
#1729=CARTESIAN_POINT('',(-54.72,42.450669065,118.370779762));
#1730=DIRECTION('',(1.,-0.,0.));
#1731=VECTOR('',#1730,2.772951369);
#1732=LINE('',#1729,#1731);
#1733=EDGE_CURVE('NONE',#285,#1728,#1732,.T.);
#1734=ORIENTED_EDGE('',*,*,#1733,.F.);
#1735=ORIENTED_EDGE('',*,*,#1517,.T.);
#1736=CARTESIAN_POINT('',(-50.72,40.644617526,117.229952534));
#1737=VERTEX_POINT('',#1736);
#1738=CARTESIAN_POINT('',(-50.72,40.644617522,117.229952535));
#1739=DIRECTION('',(-1.,0.,-0.));
#1740=VECTOR('',#1739,3.999999995);
#1741=LINE('',#1738,#1740);
#1742=EDGE_CURVE('NONE',#1737,#1504,#1741,.T.);
#1743=ORIENTED_EDGE('',*,*,#1742,.F.);
#1744=CARTESIAN_POINT('',(-50.72,41.223620434,117.950131419));
#1745=VERTEX_POINT('',#1744);
#1746=CARTESIAN_POINT('',(-50.72,42.450669065,116.370779762));
#1747=DIRECTION('',(1.,-0.,0.));
#1748=DIRECTION('',(0.,0.,1.));
#1749=AXIS2_PLACEMENT_3D('',#1746,#1747,#1748);
#1750=CIRCLE('',#1749,2.);
#1751=EDGE_CURVE('NONE',#1745,#1737,#1750,.T.);
#1752=ORIENTED_EDGE('',*,*,#1751,.F.);
#1753=CARTESIAN_POINT('',(-51.947048631,42.450669065,116.370779762));
#1754=DIRECTION('',(-0.707106781,-0.707106781,0.));
#1755=DIRECTION('',(-0.707106781,0.707106781,-0.));
#1756=AXIS2_PLACEMENT_3D('',#1753,#1754,#1755);
#1757=ELLIPSE('',#1756,2.828427125,2.);
#1758=EDGE_CURVE('NONE',#1745,#1728,#1757,.T.);
#1759=ORIENTED_EDGE('',*,*,#1758,.T.);
#1760=EDGE_LOOP('',(#1734,#1735,#1743,#1752,#1759));
#1761=FACE_BOUND('',#1760,.T.);
#1762=ADVANCED_FACE('NONE',(#1761),#1726,.T.);
#1763=CARTESIAN_POINT('',(-51.947048631,41.187330554,116.370779762));
#1764=DIRECTION('',(0.,1.,-0.));
#1765=DIRECTION('',(0.,0.,1.));
#1766=AXIS2_PLACEMENT_3D('',#1763,#1764,#1765);
#1767=CYLINDRICAL_SURFACE('',#1766,2.);
#1768=CARTESIAN_POINT('',(-50.72,66.187330554,117.950131419));
#1769=VERTEX_POINT('',#1768);
#1770=CARTESIAN_POINT('',(-50.72,66.187330554,117.950131419));
#1771=DIRECTION('',(-0.,-1.,0.));
#1772=VECTOR('',#1771,24.96371012);
#1773=LINE('',#1770,#1772);
#1774=EDGE_CURVE('NONE',#1769,#1745,#1773,.T.);
#1775=ORIENTED_EDGE('',*,*,#1774,.F.);
#1776=CARTESIAN_POINT('',(-51.947048631,66.187330554,118.370779762));
#1777=VERTEX_POINT('',#1776);
#1778=CARTESIAN_POINT('',(-51.947048631,66.187330554,116.370779762));
#1779=DIRECTION('',(0.,1.,-0.));
#1780=DIRECTION('',(0.,0.,1.));
#1781=AXIS2_PLACEMENT_3D('',#1778,#1779,#1780);
#1782=CIRCLE('',#1781,2.);
#1783=EDGE_CURVE('NONE',#1777,#1769,#1782,.T.);
#1784=ORIENTED_EDGE('',*,*,#1783,.F.);
#1785=CARTESIAN_POINT('',(-51.947048631,42.450669065,118.370779762));
#1786=DIRECTION('',(0.,1.,-0.));
#1787=VECTOR('',#1786,23.736661489);
#1788=LINE('',#1785,#1787);
#1789=EDGE_CURVE('NONE',#1728,#1777,#1788,.T.);
#1790=ORIENTED_EDGE('',*,*,#1789,.F.);
#1791=ORIENTED_EDGE('',*,*,#1758,.F.);
#1792=EDGE_LOOP('',(#1775,#1784,#1790,#1791));
#1793=FACE_BOUND('',#1792,.T.);
#1794=ADVANCED_FACE('NONE',(#1793),#1767,.T.);
#1795=CARTESIAN_POINT('',(9.28,42.450669065,116.370779762));
#1796=DIRECTION('',(1.,-0.,0.));
#1797=DIRECTION('',(-0.,-0.,-1.));
#1798=AXIS2_PLACEMENT_3D('',#1795,#1796,#1797);
#1799=CYLINDRICAL_SURFACE('',#1798,2.);
#1800=CARTESIAN_POINT('',(9.28,40.644617522,117.229952535));
#1801=VERTEX_POINT('',#1800);
#1802=CARTESIAN_POINT('',(13.279999996,40.644617522,117.229952535));
#1803=DIRECTION('',(-1.,0.,-0.));
#1804=VECTOR('',#1803,3.999999995);
#1805=LINE('',#1802,#1804);
#1806=EDGE_CURVE('NONE',#1580,#1801,#1805,.T.);
#1807=ORIENTED_EDGE('',*,*,#1806,.F.);
#1808=ORIENTED_EDGE('',*,*,#1594,.T.);
#1809=CARTESIAN_POINT('',(10.507048631,42.450669065,118.370779762));
#1810=VERTEX_POINT('',#1809);
#1811=CARTESIAN_POINT('',(10.507048631,42.450669065,118.370779762));
#1812=DIRECTION('',(1.,-0.,0.));
#1813=VECTOR('',#1812,2.772951369);
#1814=LINE('',#1811,#1813);
#1815=EDGE_CURVE('NONE',#1810,#357,#1814,.T.);
#1816=ORIENTED_EDGE('',*,*,#1815,.F.);
#1817=CARTESIAN_POINT('',(9.28,41.223620434,117.950131419));
#1818=VERTEX_POINT('',#1817);
#1819=CARTESIAN_POINT('',(10.507048631,42.450669065,116.370779762));
#1820=DIRECTION('',(0.707106781,-0.707106781,0.));
#1821=DIRECTION('',(0.707106781,0.707106781,-0.));
#1822=AXIS2_PLACEMENT_3D('',#1819,#1820,#1821);
#1823=ELLIPSE('',#1822,2.828427125,2.);
#1824=EDGE_CURVE('NONE',#1810,#1818,#1823,.T.);
#1825=ORIENTED_EDGE('',*,*,#1824,.T.);
#1826=CARTESIAN_POINT('',(9.28,42.450669065,116.370779762));
#1827=DIRECTION('',(-1.,0.,-0.));
#1828=DIRECTION('',(-0.,-0.,-1.));
#1829=AXIS2_PLACEMENT_3D('',#1826,#1827,#1828);
#1830=CIRCLE('',#1829,2.);
#1831=EDGE_CURVE('NONE',#1801,#1818,#1830,.T.);
#1832=ORIENTED_EDGE('',*,*,#1831,.F.);
#1833=EDGE_LOOP('',(#1807,#1808,#1816,#1825,#1832));
#1834=FACE_BOUND('',#1833,.T.);
#1835=ADVANCED_FACE('NONE',(#1834),#1799,.T.);
#1836=CARTESIAN_POINT('',(10.507048631,41.187330554,116.370779762));
#1837=DIRECTION('',(0.,1.,-0.));
#1838=DIRECTION('',(0.,0.,1.));
#1839=AXIS2_PLACEMENT_3D('',#1836,#1837,#1838);
#1840=CYLINDRICAL_SURFACE('',#1839,2.);
#1841=CARTESIAN_POINT('',(9.28,66.187330554,117.950131419));
#1842=VERTEX_POINT('',#1841);
#1843=CARTESIAN_POINT('',(10.507048631,66.187330554,118.370779762));
#1844=VERTEX_POINT('',#1843);
#1845=CARTESIAN_POINT('',(10.507048631,66.187330554,116.370779762));
#1846=DIRECTION('',(0.,1.,-0.));
#1847=DIRECTION('',(0.,0.,1.));
#1848=AXIS2_PLACEMENT_3D('',#1845,#1846,#1847);
#1849=CIRCLE('',#1848,2.);
#1850=EDGE_CURVE('NONE',#1842,#1844,#1849,.T.);
#1851=ORIENTED_EDGE('',*,*,#1850,.F.);
#1852=CARTESIAN_POINT('',(9.28,66.187330554,117.950131419));
#1853=DIRECTION('',(-0.,-1.,0.));
#1854=VECTOR('',#1853,24.96371012);
#1855=LINE('',#1852,#1854);
#1856=EDGE_CURVE('NONE',#1842,#1818,#1855,.T.);
#1857=ORIENTED_EDGE('',*,*,#1856,.T.);
#1858=ORIENTED_EDGE('',*,*,#1824,.F.);
#1859=CARTESIAN_POINT('',(10.507048631,66.187330554,118.370779762));
#1860=DIRECTION('',(-0.,-1.,0.));
#1861=VECTOR('',#1860,23.736661489);
#1862=LINE('',#1859,#1861);
#1863=EDGE_CURVE('NONE',#1844,#1810,#1862,.T.);
#1864=ORIENTED_EDGE('',*,*,#1863,.F.);
#1865=EDGE_LOOP('',(#1851,#1857,#1858,#1864));
#1866=FACE_BOUND('',#1865,.T.);
#1867=ADVANCED_FACE('NONE',(#1866),#1840,.T.);
#1868=CARTESIAN_POINT('',(-55.72,37.897167363,44.938638218));
#1869=DIRECTION('',(-1.,0.,-0.));
#1870=DIRECTION('',(0.,0.,1.));
#1871=AXIS2_PLACEMENT_3D('',#1868,#1869,#1870);
#1872=CYLINDRICAL_SURFACE('',#1871,3.);
#1873=ORIENTED_EDGE('',*,*,#927,.F.);
#1874=CARTESIAN_POINT('',(-55.72,37.897167363,41.938638218));
#1875=DIRECTION('',(1.,-0.,0.));
#1876=VECTOR('',#1875,70.);
#1877=LINE('',#1874,#1876);
#1878=EDGE_CURVE('NONE',#692,#915,#1877,.T.);
#1879=ORIENTED_EDGE('',*,*,#1878,.F.);
#1880=ORIENTED_EDGE('',*,*,#698,.F.);
#1881=ORIENTED_EDGE('',*,*,#561,.F.);
#1882=EDGE_LOOP('',(#1873,#1879,#1880,#1881));
#1883=FACE_BOUND('',#1882,.T.);
#1884=ADVANCED_FACE('NONE',(#1883),#1872,.T.);
#1885=CARTESIAN_POINT('',(0.28,47.515969517,55.598892256));
#1886=DIRECTION('',(1.,-0.,0.));
#1887=DIRECTION('',(0.,1.,-0.));
#1888=AXIS2_PLACEMENT_3D('',#1885,#1886,#1887);
#1889=PLANE('',#1888);
#1890=CARTESIAN_POINT('',(0.28,58.185842498,84.079654369));
#1891=VERTEX_POINT('',#1890);
#1892=CARTESIAN_POINT('',(0.28,43.185842498,58.098892256));
#1893=DIRECTION('',(0.,0.5,0.866025404));
#1894=VECTOR('',#1893,29.999999999);
#1895=LINE('',#1892,#1894);
#1896=EDGE_CURVE('NONE',#1480,#1891,#1895,.T.);
#1897=ORIENTED_EDGE('',*,*,#1896,.T.);
#1898=CARTESIAN_POINT('',(0.28,62.515969515,81.57965437));
#1899=DIRECTION('',(-0.,-0.866025404,0.5));
#1900=VECTOR('',#1899,4.999999997);
#1901=LINE('',#1898,#1900);
#1902=EDGE_CURVE('NONE',#521,#1891,#1901,.T.);
#1903=ORIENTED_EDGE('',*,*,#1902,.F.);
#1904=ORIENTED_EDGE('',*,*,#526,.F.);
#1905=ORIENTED_EDGE('',*,*,#1492,.T.);
#1906=EDGE_LOOP('',(#1897,#1903,#1904,#1905));
#1907=FACE_BOUND('',#1906,.T.);
#1908=ADVANCED_FACE('NONE',(#1907),#1889,.F.);
#1909=CARTESIAN_POINT('',(-5.72,62.515969517,81.579654369));
#1910=DIRECTION('',(-0.,-0.866025404,0.5));
#1911=DIRECTION('',(-0.,-0.5,-0.866025404));
#1912=AXIS2_PLACEMENT_3D('',#1909,#1910,#1911);
#1913=CYLINDRICAL_SURFACE('',#1912,6.);
#1914=CARTESIAN_POINT('',(-11.72,58.185842498,84.079654369));
#1915=VERTEX_POINT('',#1914);
#1916=CARTESIAN_POINT('',(-5.72,58.185842498,84.079654369));
#1917=DIRECTION('',(-0.,-0.866025404,0.5));
#1918=DIRECTION('',(-0.,-0.5,-0.866025404));
#1919=AXIS2_PLACEMENT_3D('',#1916,#1917,#1918);
#1920=CIRCLE('',#1919,6.);
#1921=EDGE_CURVE('NONE',#1891,#1915,#1920,.T.);
#1922=ORIENTED_EDGE('',*,*,#1921,.T.);
#1923=CARTESIAN_POINT('',(-11.72,62.515969515,81.57965437));
#1924=DIRECTION('',(-0.,-0.866025404,0.5));
#1925=VECTOR('',#1924,4.999999997);
#1926=LINE('',#1923,#1925);
#1927=EDGE_CURVE('NONE',#493,#1915,#1926,.T.);
#1928=ORIENTED_EDGE('',*,*,#1927,.F.);
#1929=ORIENTED_EDGE('',*,*,#533,.F.);
#1930=ORIENTED_EDGE('',*,*,#1902,.T.);
#1931=EDGE_LOOP('',(#1922,#1928,#1929,#1930));
#1932=FACE_BOUND('',#1931,.T.);
#1933=ADVANCED_FACE('NONE',(#1932),#1913,.F.);
#1934=CARTESIAN_POINT('',(-11.72,47.515969517,55.598892256));
#1935=DIRECTION('',(-1.,0.,-0.));
#1936=DIRECTION('',(0.,0.,1.));
#1937=AXIS2_PLACEMENT_3D('',#1934,#1935,#1936);
#1938=PLANE('',#1937);
#1939=CARTESIAN_POINT('',(-11.72,43.185842498,58.098892256));
#1940=VERTEX_POINT('',#1939);
#1941=CARTESIAN_POINT('',(-11.72,58.185842498,84.079654369));
#1942=DIRECTION('',(-0.,-0.5,-0.866025404));
#1943=VECTOR('',#1942,30.);
#1944=LINE('',#1941,#1943);
#1945=EDGE_CURVE('NONE',#1915,#1940,#1944,.T.);
#1946=ORIENTED_EDGE('',*,*,#1945,.T.);
#1947=CARTESIAN_POINT('',(-11.72,47.515969517,55.598892257));
#1948=DIRECTION('',(-0.,-0.866025404,0.5));
#1949=VECTOR('',#1948,4.999999999);
#1950=LINE('',#1947,#1949);
#1951=EDGE_CURVE('NONE',#495,#1940,#1950,.T.);
#1952=ORIENTED_EDGE('',*,*,#1951,.F.);
#1953=ORIENTED_EDGE('',*,*,#500,.F.);
#1954=ORIENTED_EDGE('',*,*,#1927,.T.);
#1955=EDGE_LOOP('',(#1946,#1952,#1953,#1954));
#1956=FACE_BOUND('',#1955,.T.);
#1957=ADVANCED_FACE('NONE',(#1956),#1938,.F.);
#1958=CARTESIAN_POINT('',(-29.72,47.515969517,55.598892256));
#1959=DIRECTION('',(1.,-0.,0.));
#1960=DIRECTION('',(0.,1.,-0.));
#1961=AXIS2_PLACEMENT_3D('',#1958,#1959,#1960);
#1962=PLANE('',#1961);
#1963=CARTESIAN_POINT('',(-29.72,58.185842498,84.079654369));
#1964=VERTEX_POINT('',#1963);
#1965=CARTESIAN_POINT('',(-29.72,43.185842498,58.098892256));
#1966=DIRECTION('',(0.,0.5,0.866025404));
#1967=VECTOR('',#1966,29.999999999);
#1968=LINE('',#1965,#1967);
#1969=EDGE_CURVE('NONE',#1448,#1964,#1968,.T.);
#1970=ORIENTED_EDGE('',*,*,#1969,.T.);
#1971=CARTESIAN_POINT('',(-29.72,62.515969515,81.57965437));
#1972=DIRECTION('',(-0.,-0.866025404,0.5));
#1973=VECTOR('',#1972,4.999999997);
#1974=LINE('',#1971,#1973);
#1975=EDGE_CURVE('NONE',#476,#1964,#1974,.T.);
#1976=ORIENTED_EDGE('',*,*,#1975,.F.);
#1977=ORIENTED_EDGE('',*,*,#481,.F.);
#1978=ORIENTED_EDGE('',*,*,#1460,.T.);
#1979=EDGE_LOOP('',(#1970,#1976,#1977,#1978));
#1980=FACE_BOUND('',#1979,.T.);
#1981=ADVANCED_FACE('NONE',(#1980),#1962,.F.);
#1982=CARTESIAN_POINT('',(-35.72,62.515969517,81.579654369));
#1983=DIRECTION('',(-0.,-0.866025404,0.5));
#1984=DIRECTION('',(-0.,-0.5,-0.866025404));
#1985=AXIS2_PLACEMENT_3D('',#1982,#1983,#1984);
#1986=CYLINDRICAL_SURFACE('',#1985,6.);
#1987=CARTESIAN_POINT('',(-41.72,58.185842498,84.079654369));
#1988=VERTEX_POINT('',#1987);
#1989=CARTESIAN_POINT('',(-35.72,58.185842498,84.079654369));
#1990=DIRECTION('',(-0.,-0.866025404,0.5));
#1991=DIRECTION('',(-0.,-0.5,-0.866025404));
#1992=AXIS2_PLACEMENT_3D('',#1989,#1990,#1991);
#1993=CIRCLE('',#1992,6.);
#1994=EDGE_CURVE('NONE',#1964,#1988,#1993,.T.);
#1995=ORIENTED_EDGE('',*,*,#1994,.T.);
#1996=CARTESIAN_POINT('',(-41.72,62.515969515,81.57965437));
#1997=DIRECTION('',(-0.,-0.866025404,0.5));
#1998=VECTOR('',#1997,4.999999997);
#1999=LINE('',#1996,#1998);
#2000=EDGE_CURVE('NONE',#448,#1988,#1999,.T.);
#2001=ORIENTED_EDGE('',*,*,#2000,.F.);
#2002=ORIENTED_EDGE('',*,*,#488,.F.);
#2003=ORIENTED_EDGE('',*,*,#1975,.T.);
#2004=EDGE_LOOP('',(#1995,#2001,#2002,#2003));
#2005=FACE_BOUND('',#2004,.T.);
#2006=ADVANCED_FACE('NONE',(#2005),#1986,.F.);
#2007=CARTESIAN_POINT('',(-41.72,47.515969517,55.598892256));
#2008=DIRECTION('',(-1.,0.,-0.));
#2009=DIRECTION('',(0.,0.,1.));
#2010=AXIS2_PLACEMENT_3D('',#2007,#2008,#2009);
#2011=PLANE('',#2010);
#2012=CARTESIAN_POINT('',(-41.72,43.185842498,58.098892256));
#2013=VERTEX_POINT('',#2012);
#2014=CARTESIAN_POINT('',(-41.72,58.185842498,84.079654369));
#2015=DIRECTION('',(-0.,-0.5,-0.866025404));
#2016=VECTOR('',#2015,30.);
#2017=LINE('',#2014,#2016);
#2018=EDGE_CURVE('NONE',#1988,#2013,#2017,.T.);
#2019=ORIENTED_EDGE('',*,*,#2018,.T.);
#2020=CARTESIAN_POINT('',(-41.72,47.515969517,55.598892257));
#2021=DIRECTION('',(-0.,-0.866025404,0.5));
#2022=VECTOR('',#2021,4.999999999);
#2023=LINE('',#2020,#2022);
#2024=EDGE_CURVE('NONE',#450,#2013,#2023,.T.);
#2025=ORIENTED_EDGE('',*,*,#2024,.F.);
#2026=ORIENTED_EDGE('',*,*,#455,.F.);
#2027=ORIENTED_EDGE('',*,*,#2000,.T.);
#2028=EDGE_LOOP('',(#2019,#2025,#2026,#2027));
#2029=FACE_BOUND('',#2028,.T.);
#2030=ADVANCED_FACE('NONE',(#2029),#2011,.F.);
#2031=CARTESIAN_POINT('',(-55.72,35.587766287,50.938638218));
#2032=DIRECTION('',(1.,-0.,0.));
#2033=DIRECTION('',(-0.,-0.,-1.));
#2034=AXIS2_PLACEMENT_3D('',#2031,#2032,#2033);
#2035=CYLINDRICAL_SURFACE('',#2034,3.);
#2036=ORIENTED_EDGE('',*,*,#629,.F.);
#2037=CARTESIAN_POINT('',(14.28,35.587766287,47.938638218));
#2038=DIRECTION('',(-1.,0.,-0.));
#2039=VECTOR('',#2038,70.);
#2040=LINE('',#2037,#2039);
#2041=EDGE_CURVE('NONE',#831,#615,#2040,.T.);
#2042=ORIENTED_EDGE('',*,*,#2041,.F.);
#2043=ORIENTED_EDGE('',*,*,#837,.F.);
#2044=CARTESIAN_POINT('',(-55.72,38.185842504,49.438638215));
#2045=DIRECTION('',(1.,-0.,0.));
#2046=VECTOR('',#2045,70.);
#2047=LINE('',#2044,#2046);
#2048=EDGE_CURVE('NONE',#623,#823,#2047,.T.);
#2049=ORIENTED_EDGE('',*,*,#2048,.F.);
#2050=EDGE_LOOP('',(#2036,#2042,#2043,#2049));
#2051=FACE_BOUND('',#2050,.T.);
#2052=ADVANCED_FACE('NONE',(#2051),#2035,.F.);
#2053=CARTESIAN_POINT('',(-20.72,32.258392551,50.938638218));
#2054=DIRECTION('',(-1.,0.,-0.));
#2055=DIRECTION('',(0.,0.,1.));
#2056=AXIS2_PLACEMENT_3D('',#2053,#2054,#2055);
#2057=CYLINDRICAL_SURFACE('',#2056,3.);
#2058=CARTESIAN_POINT('',(9.28,29.920110145,52.81811564));
#2059=VERTEX_POINT('',#2058);
#2060=CARTESIAN_POINT('',(9.28,32.258392551,47.938638218));
#2061=VERTEX_POINT('',#2060);
#2062=CARTESIAN_POINT('',(9.28,32.258392551,50.938638218));
#2063=DIRECTION('',(1.,-0.,0.));
#2064=DIRECTION('',(0.,0.,1.));
#2065=AXIS2_PLACEMENT_3D('',#2062,#2063,#2064);
#2066=CIRCLE('',#2065,3.);
#2067=EDGE_CURVE('NONE',#2059,#2061,#2066,.T.);
#2068=ORIENTED_EDGE('',*,*,#2067,.F.);
#2069=CARTESIAN_POINT('',(14.28,29.920110146,52.818115639));
#2070=DIRECTION('',(-1.,0.,-0.));
#2071=VECTOR('',#2070,5.);
#2072=LINE('',#2069,#2071);
#2073=EDGE_CURVE('NONE',#848,#2059,#2072,.T.);
#2074=ORIENTED_EDGE('',*,*,#2073,.F.);
#2075=ORIENTED_EDGE('',*,*,#854,.F.);
#2076=CARTESIAN_POINT('',(9.28,32.258392551,47.938638218));
#2077=DIRECTION('',(1.,-0.,0.));
#2078=VECTOR('',#2077,5.);
#2079=LINE('',#2076,#2078);
#2080=EDGE_CURVE('NONE',#2061,#840,#2079,.T.);
#2081=ORIENTED_EDGE('',*,*,#2080,.F.);
#2082=EDGE_LOOP('',(#2068,#2074,#2075,#2081));
#2083=FACE_BOUND('',#2082,.T.);
#2084=ADVANCED_FACE('NONE',(#2083),#2057,.F.);
#2085=CARTESIAN_POINT('',(-50.72,32.258392551,50.938638218));
#2086=DIRECTION('',(-1.,0.,-0.));
#2087=DIRECTION('',(0.,0.,1.));
#2088=AXIS2_PLACEMENT_3D('',#2085,#2086,#2087);
#2089=CYLINDRICAL_SURFACE('',#2088,3.);
#2090=CARTESIAN_POINT('',(-50.72,32.258392551,47.938638218));
#2091=VERTEX_POINT('',#2090);
#2092=CARTESIAN_POINT('',(-50.72,29.920110146,52.818115639));
#2093=VERTEX_POINT('',#2092);
#2094=CARTESIAN_POINT('',(-50.72,32.258392551,50.938638218));
#2095=DIRECTION('',(-1.,0.,-0.));
#2096=DIRECTION('',(0.,0.,1.));
#2097=AXIS2_PLACEMENT_3D('',#2094,#2095,#2096);
#2098=CIRCLE('',#2097,3.);
#2099=EDGE_CURVE('NONE',#2091,#2093,#2098,.T.);
#2100=ORIENTED_EDGE('',*,*,#2099,.F.);
#2101=CARTESIAN_POINT('',(-55.72,32.258392551,47.938638218));
#2102=DIRECTION('',(1.,-0.,0.));
#2103=VECTOR('',#2102,5.);
#2104=LINE('',#2101,#2103);
#2105=EDGE_CURVE('NONE',#606,#2091,#2104,.T.);
#2106=ORIENTED_EDGE('',*,*,#2105,.F.);
#2107=ORIENTED_EDGE('',*,*,#612,.F.);
#2108=CARTESIAN_POINT('',(-50.72,29.920110146,52.818115639));
#2109=DIRECTION('',(-1.,0.,-0.));
#2110=VECTOR('',#2109,5.);
#2111=LINE('',#2108,#2110);
#2112=EDGE_CURVE('NONE',#2093,#598,#2111,.T.);
#2113=ORIENTED_EDGE('',*,*,#2112,.F.);
#2114=EDGE_LOOP('',(#2100,#2106,#2107,#2113));
#2115=FACE_BOUND('',#2114,.T.);
#2116=ADVANCED_FACE('NONE',(#2115),#2089,.F.);
#2117=CARTESIAN_POINT('',(9.28,5.786425,50.938638218));
#2118=DIRECTION('',(1.,-0.,0.));
#2119=DIRECTION('',(-0.,-0.,-1.));
#2120=AXIS2_PLACEMENT_3D('',#2117,#2118,#2119);
#2121=CYLINDRICAL_SURFACE('',#2120,3.);
#2122=CARTESIAN_POINT('',(9.28,5.786425,47.938638218));
#2123=VERTEX_POINT('',#2122);
#2124=CARTESIAN_POINT('',(13.28,5.786425,47.938638218));
#2125=DIRECTION('',(-1.,0.,-0.));
#2126=VECTOR('',#2125,3.999999999);
#2127=LINE('',#2124,#2126);
#2128=EDGE_CURVE('NONE',#1686,#2123,#2127,.T.);
#2129=ORIENTED_EDGE('',*,*,#2128,.F.);
#2130=ORIENTED_EDGE('',*,*,#1700,.T.);
#2131=CARTESIAN_POINT('',(9.28,8.495502303,49.649879063));
#2132=VERTEX_POINT('',#2131);
#2133=CARTESIAN_POINT('',(9.28,8.495502303,49.649879063));
#2134=DIRECTION('',(1.,-0.,0.));
#2135=VECTOR('',#2134,3.999999999);
#2136=LINE('',#2133,#2135);
#2137=EDGE_CURVE('NONE',#2132,#1629,#2136,.T.);
#2138=ORIENTED_EDGE('',*,*,#2137,.F.);
#2139=CARTESIAN_POINT('',(9.28,5.786425,50.938638218));
#2140=DIRECTION('',(1.,-0.,0.));
#2141=DIRECTION('',(-0.,-0.,-1.));
#2142=AXIS2_PLACEMENT_3D('',#2139,#2140,#2141);
#2143=CIRCLE('',#2142,3.);
#2144=EDGE_CURVE('NONE',#2123,#2132,#2143,.T.);
#2145=ORIENTED_EDGE('',*,*,#2144,.F.);
#2146=EDGE_LOOP('',(#2129,#2130,#2138,#2145));
#2147=FACE_BOUND('',#2146,.T.);
#2148=ADVANCED_FACE('NONE',(#2147),#2121,.F.);
#2149=CARTESIAN_POINT('',(-20.72,5.786425,50.938638218));
#2150=DIRECTION('',(1.,-0.,0.));
#2151=DIRECTION('',(-0.,-0.,-1.));
#2152=AXIS2_PLACEMENT_3D('',#2149,#2150,#2151);
#2153=CYLINDRICAL_SURFACE('',#2152,3.);
#2154=CARTESIAN_POINT('',(-50.72,8.495502304,49.649879063));
#2155=VERTEX_POINT('',#2154);
#2156=CARTESIAN_POINT('',(-54.719999999,8.495502303,49.649879063));
#2157=DIRECTION('',(1.,-0.,0.));
#2158=VECTOR('',#2157,4.);
#2159=LINE('',#2156,#2158);
#2160=EDGE_CURVE('NONE',#1530,#2155,#2159,.T.);
#2161=ORIENTED_EDGE('',*,*,#2160,.F.);
#2162=ORIENTED_EDGE('',*,*,#1567,.T.);
#2163=CARTESIAN_POINT('',(-50.72,5.786425,47.938638218));
#2164=VERTEX_POINT('',#2163);
#2165=CARTESIAN_POINT('',(-50.72,5.786425,47.938638218));
#2166=DIRECTION('',(-1.,0.,-0.));
#2167=VECTOR('',#2166,3.999999999);
#2168=LINE('',#2165,#2167);
#2169=EDGE_CURVE('NONE',#2164,#1554,#2168,.T.);
#2170=ORIENTED_EDGE('',*,*,#2169,.F.);
#2171=CARTESIAN_POINT('',(-50.72,5.786425,50.938638218));
#2172=DIRECTION('',(-1.,0.,-0.));
#2173=DIRECTION('',(-0.,-0.,-1.));
#2174=AXIS2_PLACEMENT_3D('',#2171,#2172,#2173);
#2175=CIRCLE('',#2174,3.);
#2176=EDGE_CURVE('NONE',#2155,#2164,#2175,.T.);
#2177=ORIENTED_EDGE('',*,*,#2176,.F.);
#2178=EDGE_LOOP('',(#2161,#2162,#2170,#2177));
#2179=FACE_BOUND('',#2178,.T.);
#2180=ADVANCED_FACE('NONE',(#2179),#2153,.F.);
#2181=CARTESIAN_POINT('',(-50.72,22.049909085,57.310863847));
#2182=DIRECTION('',(-1.,0.,-0.));
#2183=DIRECTION('',(0.,0.,1.));
#2184=AXIS2_PLACEMENT_3D('',#2181,#2182,#2183);
#2185=CYLINDRICAL_SURFACE('',#2184,3.805875078);
#2186=ORIENTED_EDGE('',*,*,#656,.F.);
#2187=CARTESIAN_POINT('',(-50.72,18.826453709,59.334232461));
#2188=VERTEX_POINT('',#2187);
#2189=CARTESIAN_POINT('',(-50.72,18.826453708,59.334232462));
#2190=DIRECTION('',(-1.,0.,-0.));
#2191=VECTOR('',#2190,5.);
#2192=LINE('',#2189,#2191);
#2193=EDGE_CURVE('NONE',#2188,#640,#2192,.T.);
#2194=ORIENTED_EDGE('',*,*,#2193,.F.);
#2195=CARTESIAN_POINT('',(-50.72,25.273364461,55.287495232));
#2196=VERTEX_POINT('',#2195);
#2197=CARTESIAN_POINT('',(-50.72,22.049909085,57.310863847));
#2198=DIRECTION('',(1.,-0.,0.));
#2199=DIRECTION('',(0.,0.,1.));
#2200=AXIS2_PLACEMENT_3D('',#2197,#2198,#2199);
#2201=CIRCLE('',#2200,3.805875078);
#2202=EDGE_CURVE('NONE',#2188,#2196,#2201,.T.);
#2203=ORIENTED_EDGE('',*,*,#2202,.T.);
#2204=CARTESIAN_POINT('',(-50.72,25.273364461,55.287495232));
#2205=DIRECTION('',(-1.,0.,-0.));
#2206=VECTOR('',#2205,5.);
#2207=LINE('',#2204,#2206);
#2208=EDGE_CURVE('NONE',#2196,#650,#2207,.T.);
#2209=ORIENTED_EDGE('',*,*,#2208,.T.);
#2210=EDGE_LOOP('',(#2186,#2194,#2203,#2209));
#2211=FACE_BOUND('',#2210,.T.);
#2212=ADVANCED_FACE('NONE',(#2211),#2185,.F.);
#2213=CARTESIAN_POINT('',(-50.72,6.284022496,45.00116737));
#2214=DIRECTION('',(0.,0.903025768,-0.429586385));
#2215=DIRECTION('',(-1.,0.,-0.));
#2216=AXIS2_PLACEMENT_3D('',#2213,#2214,#2215);
#2217=PLANE('',#2216);
#2218=ORIENTED_EDGE('',*,*,#1742,.T.);
#2219=ORIENTED_EDGE('',*,*,#1541,.T.);
#2220=ORIENTED_EDGE('',*,*,#2160,.T.);
#2221=CARTESIAN_POINT('',(-50.72,40.644617529,117.229952532));
#2222=DIRECTION('',(-0.,-0.429586385,-0.903025768));
#2223=VECTOR('',#2222,74.837369942);
#2224=LINE('',#2221,#2223);
#2225=EDGE_CURVE('NONE',#1737,#2155,#2224,.T.);
#2226=ORIENTED_EDGE('',*,*,#2225,.F.);
#2227=EDGE_LOOP('',(#2218,#2219,#2220,#2226));
#2228=FACE_BOUND('',#2227,.T.);
#2229=ADVANCED_FACE('NONE',(#2228),#2217,.F.);
#2230=CARTESIAN_POINT('',(-50.72,15.836873696,35.296977243));
#2231=DIRECTION('',(0.,0.779427469,-0.626492474));
#2232=DIRECTION('',(-1.,0.,-0.));
#2233=AXIS2_PLACEMENT_3D('',#2230,#2231,#2232);
#2234=PLANE('',#2233);
#2235=CARTESIAN_POINT('',(-50.72,49.888118312,77.660575385));
#2236=VERTEX_POINT('',#2235);
#2237=CARTESIAN_POINT('',(-50.72,49.888118312,77.660575385));
#2238=DIRECTION('',(-0.,-0.626492474,-0.779427469));
#2239=VECTOR('',#2238,31.87270237);
#2240=LINE('',#2237,#2239);
#2241=EDGE_CURVE('NONE',#2236,#2093,#2240,.T.);
#2242=ORIENTED_EDGE('',*,*,#2241,.T.);
#2243=ORIENTED_EDGE('',*,*,#2112,.T.);
#2244=ORIENTED_EDGE('',*,*,#603,.F.);
#2245=CARTESIAN_POINT('',(-55.72,49.888118312,77.660575385));
#2246=DIRECTION('',(1.,-0.,0.));
#2247=VECTOR('',#2246,5.);
#2248=LINE('',#2245,#2247);
#2249=EDGE_CURVE('NONE',#587,#2236,#2248,.T.);
#2250=ORIENTED_EDGE('',*,*,#2249,.T.);
#2251=EDGE_LOOP('',(#2242,#2243,#2244,#2250));
#2252=FACE_BOUND('',#2251,.T.);
#2253=ADVANCED_FACE('NONE',(#2252),#2234,.T.);
#2254=CARTESIAN_POINT('',(-50.72,11.808130833,38.535222215));
#2255=DIRECTION('',(0.,0.779427469,-0.626492474));
#2256=DIRECTION('',(-1.,0.,-0.));
#2257=AXIS2_PLACEMENT_3D('',#2254,#2255,#2256);
#2258=PLANE('',#2257);
#2259=ORIENTED_EDGE('',*,*,#664,.T.);
#2260=ORIENTED_EDGE('',*,*,#2208,.F.);
#2261=CARTESIAN_POINT('',(-50.72,58.65701311,96.820528522));
#2262=DIRECTION('',(-0.,-0.626492474,-0.779427469));
#2263=VECTOR('',#2262,53.286591665);
#2264=LINE('',#2261,#2263);
#2265=EDGE_CURVE('NONE',#1375,#2196,#2264,.T.);
#2266=ORIENTED_EDGE('',*,*,#2265,.F.);
#2267=ORIENTED_EDGE('',*,*,#1380,.T.);
#2268=EDGE_LOOP('',(#2259,#2260,#2266,#2267));
#2269=FACE_BOUND('',#2268,.T.);
#2270=ADVANCED_FACE('NONE',(#2269),#2258,.F.);
#2271=CARTESIAN_POINT('',(-50.72,10.951626297,42.78070023));
#2272=DIRECTION('',(-0.,-0.903025768,0.429586385));
#2273=DIRECTION('',(-0.,-0.429586385,-0.903025768));
#2274=AXIS2_PLACEMENT_3D('',#2271,#2272,#2273);
#2275=PLANE('',#2274);
#2276=ORIENTED_EDGE('',*,*,#647,.T.);
#2277=CARTESIAN_POINT('',(-50.72,41.717647998,107.453397824));
#2278=VERTEX_POINT('',#2277);
#2279=CARTESIAN_POINT('',(-50.72,41.717647999,107.453397825));
#2280=DIRECTION('',(-1.,0.,-0.));
#2281=VECTOR('',#2280,5.);
#2282=LINE('',#2279,#2281);
#2283=EDGE_CURVE('NONE',#2278,#642,#2282,.T.);
#2284=ORIENTED_EDGE('',*,*,#2283,.F.);
#2285=CARTESIAN_POINT('',(-50.72,18.826453709,59.334232461));
#2286=DIRECTION('',(0.,0.429586385,0.903025768));
#2287=VECTOR('',#2286,53.286591664);
#2288=LINE('',#2285,#2287);
#2289=EDGE_CURVE('NONE',#2188,#2278,#2288,.T.);
#2290=ORIENTED_EDGE('',*,*,#2289,.F.);
#2291=ORIENTED_EDGE('',*,*,#2193,.T.);
#2292=EDGE_LOOP('',(#2276,#2284,#2290,#2291));
#2293=FACE_BOUND('',#2292,.T.);
#2294=ADVANCED_FACE('NONE',(#2293),#2275,.F.);
#2295=CARTESIAN_POINT('',(-50.72,0.109218171,47.938638218));
#2296=DIRECTION('',(-1.,0.,-0.));
#2297=DIRECTION('',(0.,0.,1.));
#2298=AXIS2_PLACEMENT_3D('',#2295,#2296,#2297);
#2299=PLANE('',#2298);
#2300=CARTESIAN_POINT('',(-50.72,43.715815659,109.760577471));
#2301=VERTEX_POINT('',#2300);
#2302=CARTESIAN_POINT('',(-50.72,43.715815659,109.760577471));
#2303=DIRECTION('',(0.,1.,-0.));
#2304=VECTOR('',#2303,12.94302979);
#2305=LINE('',#2302,#2304);
#2306=EDGE_CURVE('NONE',#2301,#1383,#2305,.T.);
#2307=ORIENTED_EDGE('',*,*,#2306,.T.);
#2308=ORIENTED_EDGE('',*,*,#1389,.T.);
#2309=ORIENTED_EDGE('',*,*,#2265,.T.);
#2310=ORIENTED_EDGE('',*,*,#2202,.F.);
#2311=ORIENTED_EDGE('',*,*,#2289,.T.);
#2312=CARTESIAN_POINT('',(-50.72,50.187330554,102.136963173));
#2313=DIRECTION('',(-1.,0.,-0.));
#2314=DIRECTION('',(0.,0.,1.));
#2315=AXIS2_PLACEMENT_3D('',#2312,#2313,#2314);
#2316=CIRCLE('',#2315,10.);
#2317=EDGE_CURVE('NONE',#2278,#2301,#2316,.T.);
#2318=ORIENTED_EDGE('',*,*,#2317,.T.);
#2319=EDGE_LOOP('',(#2307,#2308,#2309,#2310,#2311,#2318));
#2320=FACE_BOUND('',#2319,.T.);
#2321=CARTESIAN_POINT('',(-50.72,66.187330554,97.938638218));
#2322=VERTEX_POINT('',#2321);
#2323=CARTESIAN_POINT('',(-50.719999999,66.187330554,117.950131419));
#2324=DIRECTION('',(0.,-0.,-1.));
#2325=VECTOR('',#2324,20.011493201);
#2326=LINE('',#2323,#2325);
#2327=EDGE_CURVE('NONE',#1769,#2322,#2326,.T.);
#2328=ORIENTED_EDGE('',*,*,#2327,.F.);
#2329=ORIENTED_EDGE('',*,*,#1774,.T.);
#2330=ORIENTED_EDGE('',*,*,#1751,.T.);
#2331=ORIENTED_EDGE('',*,*,#2225,.T.);
#2332=ORIENTED_EDGE('',*,*,#2176,.T.);
#2333=CARTESIAN_POINT('',(-50.72,32.258392551,47.938638218));
#2334=DIRECTION('',(-0.,-1.,0.));
#2335=VECTOR('',#2334,26.471967551);
#2336=LINE('',#2333,#2335);
#2337=EDGE_CURVE('NONE',#2091,#2164,#2336,.T.);
#2338=ORIENTED_EDGE('',*,*,#2337,.F.);
#2339=ORIENTED_EDGE('',*,*,#2099,.T.);
#2340=ORIENTED_EDGE('',*,*,#2241,.F.);
#2341=CARTESIAN_POINT('',(-50.72,53.179024057,75.407590439));
#2342=VERTEX_POINT('',#2341);
#2343=CARTESIAN_POINT('',(-50.72,51.446973246,76.40759044));
#2344=DIRECTION('',(1.,-0.,0.));
#2345=DIRECTION('',(-0.,-0.,-1.));
#2346=AXIS2_PLACEMENT_3D('',#2343,#2344,#2345);
#2347=CIRCLE('',#2346,2.);
#2348=EDGE_CURVE('NONE',#2342,#2236,#2347,.T.);
#2349=ORIENTED_EDGE('',*,*,#2348,.F.);
#2350=CARTESIAN_POINT('',(-50.72,66.187330554,97.938638218));
#2351=DIRECTION('',(-0.,-0.5,-0.866025404));
#2352=VECTOR('',#2351,26.016613);
#2353=LINE('',#2350,#2352);
#2354=EDGE_CURVE('NONE',#2322,#2342,#2353,.T.);
#2355=ORIENTED_EDGE('',*,*,#2354,.F.);
#2356=EDGE_LOOP('',(#2328,#2329,#2330,#2331,#2332,#2338,#2339,#2340,#2349,#2355));
#2357=FACE_BOUND('',#2356,.T.);
#2358=ADVANCED_FACE('NONE',(#2320,#2357),#2299,.F.);
#2359=CARTESIAN_POINT('',(9.28,6.284022496,45.00116737));
#2360=DIRECTION('',(-0.,-0.903025768,0.429586385));
#2361=DIRECTION('',(-0.,-0.429586385,-0.903025768));
#2362=AXIS2_PLACEMENT_3D('',#2359,#2360,#2361);
#2363=PLANE('',#2362);
#2364=ORIENTED_EDGE('',*,*,#2137,.T.);
#2365=ORIENTED_EDGE('',*,*,#1642,.T.);
#2366=ORIENTED_EDGE('',*,*,#1806,.T.);
#2367=CARTESIAN_POINT('',(9.28,40.644617522,117.229952535));
#2368=DIRECTION('',(-0.,-0.429586385,-0.903025768));
#2369=VECTOR('',#2368,74.837369942);
#2370=LINE('',#2367,#2369);
#2371=EDGE_CURVE('NONE',#1801,#2132,#2370,.T.);
#2372=ORIENTED_EDGE('',*,*,#2371,.T.);
#2373=EDGE_LOOP('',(#2364,#2365,#2366,#2372));
#2374=FACE_BOUND('',#2373,.T.);
#2375=ADVANCED_FACE('NONE',(#2374),#2363,.T.);
#2376=CARTESIAN_POINT('',(9.28,15.836873696,35.296977243));
#2377=DIRECTION('',(-0.,-0.779427469,0.626492474));
#2378=DIRECTION('',(-0.,-0.626492474,-0.779427469));
#2379=AXIS2_PLACEMENT_3D('',#2376,#2377,#2378);
#2380=PLANE('',#2379);
#2381=ORIENTED_EDGE('',*,*,#860,.T.);
#2382=ORIENTED_EDGE('',*,*,#2073,.T.);
#2383=CARTESIAN_POINT('',(9.28,49.88811831,77.660575386));
#2384=VERTEX_POINT('',#2383);
#2385=CARTESIAN_POINT('',(9.28,49.888118308,77.660575388));
#2386=DIRECTION('',(-0.,-0.626492474,-0.779427469));
#2387=VECTOR('',#2386,31.87270237);
#2388=LINE('',#2385,#2387);
#2389=EDGE_CURVE('NONE',#2384,#2059,#2388,.T.);
#2390=ORIENTED_EDGE('',*,*,#2389,.F.);
#2391=CARTESIAN_POINT('',(9.28,49.888118312,77.660575385));
#2392=DIRECTION('',(1.,-0.,0.));
#2393=VECTOR('',#2392,5.);
#2394=LINE('',#2391,#2393);
#2395=EDGE_CURVE('NONE',#2384,#805,#2394,.T.);
#2396=ORIENTED_EDGE('',*,*,#2395,.T.);
#2397=EDGE_LOOP('',(#2381,#2382,#2390,#2396));
#2398=FACE_BOUND('',#2397,.T.);
#2399=ADVANCED_FACE('NONE',(#2398),#2380,.F.);
#2400=CARTESIAN_POINT('',(9.28,11.808130833,38.535222215));
#2401=DIRECTION('',(-0.,-0.779427469,0.626492474));
#2402=DIRECTION('',(-0.,-0.626492474,-0.779427469));
#2403=AXIS2_PLACEMENT_3D('',#2400,#2401,#2402);
#2404=PLANE('',#2403);
#2405=ORIENTED_EDGE('',*,*,#782,.F.);
#2406=CARTESIAN_POINT('',(9.28,58.657013093,96.820528495));
#2407=VERTEX_POINT('',#2406);
#2408=CARTESIAN_POINT('',(9.28,58.65701311,96.820528521));
#2409=DIRECTION('',(1.,-0.,0.));
#2410=VECTOR('',#2409,5.);
#2411=LINE('',#2408,#2410);
#2412=EDGE_CURVE('NONE',#2407,#768,#2411,.T.);
#2413=ORIENTED_EDGE('',*,*,#2412,.F.);
#2414=CARTESIAN_POINT('',(9.28,58.657013096,96.820528492));
#2415=DIRECTION('',(-0.,-0.626492474,-0.779427469));
#2416=VECTOR('',#2415,53.286591642);
#2417=LINE('',#2414,#2416);
#2418=EDGE_CURVE('NONE',#2407,#1343,#2417,.T.);
#2419=ORIENTED_EDGE('',*,*,#2418,.T.);
#2420=ORIENTED_EDGE('',*,*,#1348,.T.);
#2421=EDGE_LOOP('',(#2405,#2413,#2419,#2420));
#2422=FACE_BOUND('',#2421,.T.);
#2423=ADVANCED_FACE('NONE',(#2422),#2404,.T.);
#2424=CARTESIAN_POINT('',(9.28,10.951626297,42.78070023));
#2425=DIRECTION('',(0.,0.903025768,-0.429586385));
#2426=DIRECTION('',(-1.,0.,-0.));
#2427=AXIS2_PLACEMENT_3D('',#2424,#2425,#2426);
#2428=PLANE('',#2427);
#2429=ORIENTED_EDGE('',*,*,#765,.F.);
#2430=CARTESIAN_POINT('',(9.28,18.826453706,59.334232456));
#2431=VERTEX_POINT('',#2430);
#2432=CARTESIAN_POINT('',(9.28,18.826453709,59.334232461));
#2433=DIRECTION('',(1.,-0.,0.));
#2434=VECTOR('',#2433,5.);
#2435=LINE('',#2432,#2434);
#2436=EDGE_CURVE('NONE',#2431,#758,#2435,.T.);
#2437=ORIENTED_EDGE('',*,*,#2436,.F.);
#2438=CARTESIAN_POINT('',(9.28,41.717647979,107.4533978));
#2439=VERTEX_POINT('',#2438);
#2440=CARTESIAN_POINT('',(9.28,18.826453705,59.334232456));
#2441=DIRECTION('',(0.,0.429586385,0.903025768));
#2442=VECTOR('',#2441,53.286591641);
#2443=LINE('',#2440,#2442);
#2444=EDGE_CURVE('NONE',#2431,#2439,#2443,.T.);
#2445=ORIENTED_EDGE('',*,*,#2444,.T.);
#2446=CARTESIAN_POINT('',(9.28,41.717647992,107.453397828));
#2447=DIRECTION('',(1.,-0.,0.));
#2448=VECTOR('',#2447,5.);
#2449=LINE('',#2446,#2448);
#2450=EDGE_CURVE('NONE',#2439,#760,#2449,.T.);
#2451=ORIENTED_EDGE('',*,*,#2450,.T.);
#2452=EDGE_LOOP('',(#2429,#2437,#2445,#2451));
#2453=FACE_BOUND('',#2452,.T.);
#2454=ADVANCED_FACE('NONE',(#2453),#2428,.T.);
#2455=CARTESIAN_POINT('',(9.28,0.109218171,47.938638218));
#2456=DIRECTION('',(1.,-0.,0.));
#2457=DIRECTION('',(0.,1.,-0.));
#2458=AXIS2_PLACEMENT_3D('',#2455,#2456,#2457);
#2459=PLANE('',#2458);
#2460=CARTESIAN_POINT('',(9.280000001,56.658845449,109.760577471));
#2461=VERTEX_POINT('',#2460);
#2462=CARTESIAN_POINT('',(9.28,50.187330554,102.136963173));
#2463=DIRECTION('',(-1.,0.,-0.));
#2464=DIRECTION('',(-0.,-0.,-1.));
#2465=AXIS2_PLACEMENT_3D('',#2462,#2463,#2464);
#2466=CIRCLE('',#2465,10.);
#2467=EDGE_CURVE('NONE',#2461,#2407,#2466,.T.);
#2468=ORIENTED_EDGE('',*,*,#2467,.F.);
#2469=CARTESIAN_POINT('',(9.28,43.715815659,109.760577471));
#2470=VERTEX_POINT('',#2469);
#2471=CARTESIAN_POINT('',(9.28,56.658845449,109.760577471));
#2472=DIRECTION('',(-0.,-1.,0.));
#2473=VECTOR('',#2472,12.94302979);
#2474=LINE('',#2471,#2473);
#2475=EDGE_CURVE('NONE',#2461,#2470,#2474,.T.);
#2476=ORIENTED_EDGE('',*,*,#2475,.T.);
#2477=CARTESIAN_POINT('',(9.28,50.187330554,102.136963173));
#2478=DIRECTION('',(-1.,0.,-0.));
#2479=DIRECTION('',(-0.,-0.,-1.));
#2480=AXIS2_PLACEMENT_3D('',#2477,#2478,#2479);
#2481=CIRCLE('',#2480,10.);
#2482=EDGE_CURVE('NONE',#2439,#2470,#2481,.T.);
#2483=ORIENTED_EDGE('',*,*,#2482,.F.);
#2484=ORIENTED_EDGE('',*,*,#2444,.F.);
#2485=CARTESIAN_POINT('',(9.28,22.049909085,57.310863847));
#2486=DIRECTION('',(1.,-0.,0.));
#2487=DIRECTION('',(-0.,-0.,-1.));
#2488=AXIS2_PLACEMENT_3D('',#2485,#2486,#2487);
#2489=CIRCLE('',#2488,3.805875078);
#2490=EDGE_CURVE('NONE',#2431,#1334,#2489,.T.);
#2491=ORIENTED_EDGE('',*,*,#2490,.T.);
#2492=ORIENTED_EDGE('',*,*,#1355,.T.);
#2493=ORIENTED_EDGE('',*,*,#2418,.F.);
#2494=EDGE_LOOP('',(#2468,#2476,#2483,#2484,#2491,#2492,#2493));
#2495=FACE_BOUND('',#2494,.T.);
#2496=ORIENTED_EDGE('',*,*,#2371,.F.);
#2497=ORIENTED_EDGE('',*,*,#1831,.T.);
#2498=ORIENTED_EDGE('',*,*,#1856,.F.);
#2499=CARTESIAN_POINT('',(9.28,66.187330554,97.938638218));
#2500=VERTEX_POINT('',#2499);
#2501=CARTESIAN_POINT('',(9.28,66.187330554,97.938638218));
#2502=DIRECTION('',(-0.,0.,1.));
#2503=VECTOR('',#2502,20.011493201);
#2504=LINE('',#2501,#2503);
#2505=EDGE_CURVE('NONE',#2500,#1842,#2504,.T.);
#2506=ORIENTED_EDGE('',*,*,#2505,.F.);
#2507=CARTESIAN_POINT('',(9.28,53.179024057,75.407590439));
#2508=DIRECTION('',(0.,0.5,0.866025404));
#2509=VECTOR('',#2508,26.016613);
#2510=LINE('',#2507,#2509);
#2511=EDGE_CURVE('NONE',#1277,#2500,#2510,.T.);
#2512=ORIENTED_EDGE('',*,*,#2511,.F.);
#2513=ORIENTED_EDGE('',*,*,#1283,.F.);
#2514=CARTESIAN_POINT('',(9.28,51.446973246,76.40759044));
#2515=DIRECTION('',(-1.,0.,-0.));
#2516=DIRECTION('',(0.,0.,1.));
#2517=AXIS2_PLACEMENT_3D('',#2514,#2515,#2516);
#2518=CIRCLE('',#2517,2.);
#2519=EDGE_CURVE('NONE',#2384,#1269,#2518,.T.);
#2520=ORIENTED_EDGE('',*,*,#2519,.F.);
#2521=ORIENTED_EDGE('',*,*,#2389,.T.);
#2522=ORIENTED_EDGE('',*,*,#2067,.T.);
#2523=CARTESIAN_POINT('',(9.28,32.258392551,47.938638218));
#2524=DIRECTION('',(-0.,-1.,0.));
#2525=VECTOR('',#2524,26.471967551);
#2526=LINE('',#2523,#2525);
#2527=EDGE_CURVE('NONE',#2061,#2123,#2526,.T.);
#2528=ORIENTED_EDGE('',*,*,#2527,.T.);
#2529=ORIENTED_EDGE('',*,*,#2144,.T.);
#2530=EDGE_LOOP('',(#2496,#2497,#2498,#2506,#2512,#2513,#2520,#2521,#2522,#2528,#2529));
#2531=FACE_BOUND('',#2530,.T.);
#2532=ADVANCED_FACE('NONE',(#2495,#2531),#2459,.F.);
#2533=CARTESIAN_POINT('',(9.28,50.187330554,102.136963173));
#2534=DIRECTION('',(1.,-0.,0.));
#2535=DIRECTION('',(-0.,-0.,-1.));
#2536=AXIS2_PLACEMENT_3D('',#2533,#2534,#2535);
#2537=CYLINDRICAL_SURFACE('',#2536,10.);
#2538=CARTESIAN_POINT('',(9.280000001,56.658845449,109.760577471));
#2539=CARTESIAN_POINT('',(9.554427764,56.240411258,110.115776855));
#2540=CARTESIAN_POINT('',(9.795700894,55.787867206,110.441013909));
#2541=CARTESIAN_POINT('',(10.005763581,55.299200453,110.731658406));
#2542=CARTESIAN_POINT('',(10.110794925,55.054867076,110.876980654));
#2543=CARTESIAN_POINT('',(10.207986313,54.801465707,111.013622769));
#2544=CARTESIAN_POINT('',(10.29731183,54.538446437,111.140728528));
#2545=CARTESIAN_POINT('',(10.386637347,54.275427168,111.267834287));
#2546=CARTESIAN_POINT('',(10.46805794,54.002364882,111.385363479));
#2547=CARTESIAN_POINT('',(10.539838203,53.725848529,111.489978224));
#2548=CARTESIAN_POINT('',(10.683398731,53.172815823,111.699207713));
#2549=CARTESIAN_POINT('',(10.791000426,52.599982689,111.860290726));
#2550=CARTESIAN_POINT('',(10.863877847,52.006713453,111.970062678));
#2551=CARTESIAN_POINT('',(10.882097202,51.858396144,111.997505666));
#2552=CARTESIAN_POINT('',(10.89812087,51.708790346,112.021717803));
#2553=CARTESIAN_POINT('',(10.911915644,51.557862862,112.042600012));
#2554=CARTESIAN_POINT('',(10.925710419,51.406935378,112.063482222));
#2555=CARTESIAN_POINT('',(10.937286242,51.254321902,112.081049479));
#2556=CARTESIAN_POINT('',(10.946483189,51.102244202,112.09502187));
#2557=CARTESIAN_POINT('',(10.964877083,50.7980888,112.122966653));
#2558=CARTESIAN_POINT('',(10.973965137,50.494538284,112.136833635));
#2559=CARTESIAN_POINT('',(10.974049565,50.191576532,112.136962272));
#2560=CARTESIAN_POINT('',(10.974133993,49.888614779,112.137090909));
#2561=CARTESIAN_POINT('',(10.965213442,49.586241859,112.123479753));
#2562=CARTESIAN_POINT('',(10.947206616,49.284459613,112.096120972));
#2563=CARTESIAN_POINT('',(10.929199791,48.982677368,112.068762191));
#2564=CARTESIAN_POINT('',(10.902016801,48.680747629,112.027518708));
#2565=CARTESIAN_POINT('',(10.865474808,48.380997534,111.972468296));
#2566=CARTESIAN_POINT('',(10.79239082,47.781497344,111.862367472));
#2567=CARTESIAN_POINT('',(10.684320058,47.206446484,111.700580291));
#2568=CARTESIAN_POINT('',(10.541249292,46.65425364,111.492034927));
#2569=CARTESIAN_POINT('',(10.398178526,46.102060795,111.283489562));
#2570=CARTESIAN_POINT('',(10.21781392,45.569207037,111.025090073));
#2571=CARTESIAN_POINT('',(10.007072435,45.078506848,110.73346946));
#2572=CARTESIAN_POINT('',(9.796330951,44.587806659,110.441848846));
#2573=CARTESIAN_POINT('',(9.554520571,44.134391358,110.115896978));
#2574=CARTESIAN_POINT('',(9.28,43.715815659,109.760577471));
#2575=B_SPLINE_CURVE_WITH_KNOTS('',3,(#2538,#2539,#2540,#2541,#2542,#2543,#2544,#2545,#2546,#2547,#2548,#2549,#2550,#2551,#2552,#2553,#2554,#2555,#2556,#2557,#2558,#2559,#2560,#2561,#2562,#2563,
#2564,#2565,#2566,#2567,#2568,#2569,#2570,#2571,#2572,#2573,#2574),.UNSPECIFIED.,.F.,.F.,(4,3,3,3,3,3,3,3,3,3,3,3,4),(0.,0.001817619,0.002726429,0.003635238,0.005452858,0.005907262,0.006361667,0.007270477,0.008179286,0.009088096,0.010905715,0.012723334,0.014540953),.UNSPECIFIED.);
#2576=EDGE_CURVE('NONE',#2461,#2470,#2575,.T.);
#2577=ORIENTED_EDGE('',*,*,#2576,.F.);
#2578=ORIENTED_EDGE('',*,*,#2467,.T.);
#2579=ORIENTED_EDGE('',*,*,#2412,.T.);
#2580=ORIENTED_EDGE('',*,*,#774,.F.);
#2581=ORIENTED_EDGE('',*,*,#2450,.F.);
#2582=ORIENTED_EDGE('',*,*,#2482,.T.);
#2583=EDGE_LOOP('',(#2577,#2578,#2579,#2580,#2581,#2582));
#2584=FACE_BOUND('',#2583,.T.);
#2585=ADVANCED_FACE('NONE',(#2584),#2537,.F.);
#2586=CARTESIAN_POINT('',(-50.72,41.187330554,118.370779762));
#2587=DIRECTION('',(0.,-0.,-1.));
#2588=DIRECTION('',(0.,1.,-0.));
#2589=AXIS2_PLACEMENT_3D('',#2586,#2587,#2588);
#2590=PLANE('',#2589);
#2591=CARTESIAN_POINT('',(-51.947048631,66.187330554,118.370779762));
#2592=DIRECTION('',(-1.,0.,-0.));
#2593=VECTOR('',#2592,2.772951369);
#2594=LINE('',#2591,#2593);
#2595=EDGE_CURVE('NONE',#1777,#246,#2594,.T.);
#2596=ORIENTED_EDGE('',*,*,#2595,.T.);
#2597=ORIENTED_EDGE('',*,*,#296,.T.);
#2598=ORIENTED_EDGE('',*,*,#1733,.T.);
#2599=ORIENTED_EDGE('',*,*,#1789,.T.);
#2600=EDGE_LOOP('',(#2596,#2597,#2598,#2599));
#2601=FACE_BOUND('',#2600,.T.);
#2602=ADVANCED_FACE('NONE',(#2601),#2590,.F.);
#2603=CARTESIAN_POINT('',(14.28,41.187330554,118.370779762));
#2604=DIRECTION('',(0.,-0.,-1.));
#2605=DIRECTION('',(0.,1.,-0.));
#2606=AXIS2_PLACEMENT_3D('',#2603,#2604,#2605);
#2607=PLANE('',#2606);
#2608=ORIENTED_EDGE('',*,*,#1815,.T.);
#2609=ORIENTED_EDGE('',*,*,#362,.T.);
#2610=CARTESIAN_POINT('',(13.28,66.187330554,118.370779762));
#2611=DIRECTION('',(-1.,0.,-0.));
#2612=VECTOR('',#2611,2.772951369);
#2613=LINE('',#2610,#2612);
#2614=EDGE_CURVE('NONE',#317,#1844,#2613,.T.);
#2615=ORIENTED_EDGE('',*,*,#2614,.T.);
#2616=ORIENTED_EDGE('',*,*,#1863,.T.);
#2617=EDGE_LOOP('',(#2608,#2609,#2615,#2616));
#2618=FACE_BOUND('',#2617,.T.);
#2619=ADVANCED_FACE('NONE',(#2618),#2607,.F.);
#2620=CARTESIAN_POINT('',(-20.72,0.109218171,41.938638218));
#2621=DIRECTION('',(0.,-0.,-1.));
#2622=DIRECTION('',(0.,1.,-0.));
#2623=AXIS2_PLACEMENT_3D('',#2620,#2621,#2622);
#2624=PLANE('',#2623);
#2625=ORIENTED_EDGE('',*,*,#706,.T.);
#2626=ORIENTED_EDGE('',*,*,#1878,.T.);
#2627=ORIENTED_EDGE('',*,*,#920,.F.);
#2628=ORIENTED_EDGE('',*,*,#1315,.T.);
#2629=CARTESIAN_POINT('',(-20.72,0.109218171,41.938638218));
#2630=DIRECTION('',(-0.,-0.,-1.));
#2631=DIRECTION('',(-0.,-1.,0.));
#2632=AXIS2_PLACEMENT_3D('',#2629,#2630,#2631);
#2633=CIRCLE('',#2632,35.);
#2634=EDGE_CURVE('NONE',#1303,#701,#2633,.T.);
#2635=ORIENTED_EDGE('',*,*,#2634,.T.);
#2636=EDGE_LOOP('',(#2625,#2626,#2627,#2628,#2635));
#2637=FACE_BOUND('',#2636,.T.);
#2638=ORIENTED_EDGE('',*,*,#1158,.F.);
#2639=EDGE_LOOP('',(#2638));
#2640=FACE_BOUND('',#2639,.T.);
#2641=ORIENTED_EDGE('',*,*,#1125,.F.);
#2642=EDGE_LOOP('',(#2641));
#2643=FACE_BOUND('',#2642,.T.);
#2644=ORIENTED_EDGE('',*,*,#1092,.F.);
#2645=EDGE_LOOP('',(#2644));
#2646=FACE_BOUND('',#2645,.T.);
#2647=ORIENTED_EDGE('',*,*,#1059,.F.);
#2648=EDGE_LOOP('',(#2647));
#2649=FACE_BOUND('',#2648,.T.);
#2650=ORIENTED_EDGE('',*,*,#1026,.F.);
#2651=EDGE_LOOP('',(#2650));
#2652=FACE_BOUND('',#2651,.T.);
#2653=ADVANCED_FACE('NONE',(#2637,#2640,#2643,#2646,#2649,#2652),#2624,.T.);
#2654=CARTESIAN_POINT('',(-55.72,66.187330554,97.938638218));
#2655=DIRECTION('',(-0.,-0.866025404,0.5));
#2656=DIRECTION('',(-0.,-0.5,-0.866025404));
#2657=AXIS2_PLACEMENT_3D('',#2654,#2655,#2656);
#2658=PLANE('',#2657);
#2659=ORIENTED_EDGE('',*,*,#635,.T.);
#2660=ORIENTED_EDGE('',*,*,#2048,.T.);
#2661=ORIENTED_EDGE('',*,*,#828,.F.);
#2662=ORIENTED_EDGE('',*,*,#1289,.T.);
#2663=ORIENTED_EDGE('',*,*,#2511,.T.);
#2664=CARTESIAN_POINT('',(-50.72,66.187330554,97.938638218));
#2665=DIRECTION('',(1.,-0.,0.));
#2666=VECTOR('',#2665,60.);
#2667=LINE('',#2664,#2666);
#2668=EDGE_CURVE('NONE',#2322,#2500,#2667,.T.);
#2669=ORIENTED_EDGE('',*,*,#2668,.F.);
#2670=ORIENTED_EDGE('',*,*,#2354,.T.);
#2671=CARTESIAN_POINT('',(-50.72,53.179024057,75.407590439));
#2672=DIRECTION('',(-1.,0.,-0.));
#2673=VECTOR('',#2672,5.);
#2674=LINE('',#2671,#2673);
#2675=EDGE_CURVE('NONE',#2342,#589,#2674,.T.);
#2676=ORIENTED_EDGE('',*,*,#2675,.T.);
#2677=EDGE_LOOP('',(#2659,#2660,#2661,#2662,#2663,#2669,#2670,#2676));
#2678=FACE_BOUND('',#2677,.T.);
#2679=ORIENTED_EDGE('',*,*,#1969,.F.);
#2680=ORIENTED_EDGE('',*,*,#1454,.F.);
#2681=CARTESIAN_POINT('',(-35.72,43.185842498,58.098892256));
#2682=DIRECTION('',(-0.,-0.866025404,0.5));
#2683=DIRECTION('',(-0.,-0.5,-0.866025404));
#2684=AXIS2_PLACEMENT_3D('',#2681,#2682,#2683);
#2685=CIRCLE('',#2684,6.);
#2686=EDGE_CURVE('NONE',#2013,#1440,#2685,.T.);
#2687=ORIENTED_EDGE('',*,*,#2686,.F.);
#2688=ORIENTED_EDGE('',*,*,#2018,.F.);
#2689=ORIENTED_EDGE('',*,*,#1994,.F.);
#2690=EDGE_LOOP('',(#2679,#2680,#2687,#2688,#2689));
#2691=FACE_BOUND('',#2690,.T.);
#2692=ORIENTED_EDGE('',*,*,#1896,.F.);
#2693=ORIENTED_EDGE('',*,*,#1486,.F.);
#2694=CARTESIAN_POINT('',(-5.72,43.185842498,58.098892256));
#2695=DIRECTION('',(-0.,-0.866025404,0.5));
#2696=DIRECTION('',(-0.,-0.5,-0.866025404));
#2697=AXIS2_PLACEMENT_3D('',#2694,#2695,#2696);
#2698=CIRCLE('',#2697,6.);
#2699=EDGE_CURVE('NONE',#1940,#1472,#2698,.T.);
#2700=ORIENTED_EDGE('',*,*,#2699,.F.);
#2701=ORIENTED_EDGE('',*,*,#1945,.F.);
#2702=ORIENTED_EDGE('',*,*,#1921,.F.);
#2703=EDGE_LOOP('',(#2692,#2693,#2700,#2701,#2702));
#2704=FACE_BOUND('',#2703,.T.);
#2705=ADVANCED_FACE('NONE',(#2678,#2691,#2704),#2658,.T.);
#2706=CARTESIAN_POINT('',(-20.72,0.109218171,47.938638218));
#2707=DIRECTION('',(0.,-0.,-1.));
#2708=DIRECTION('',(0.,1.,-0.));
#2709=AXIS2_PLACEMENT_3D('',#2706,#2707,#2708);
#2710=PLANE('',#2709);
#2711=ORIENTED_EDGE('',*,*,#1666,.T.);
#2712=ORIENTED_EDGE('',*,*,#1717,.T.);
#2713=ORIENTED_EDGE('',*,*,#2128,.T.);
#2714=ORIENTED_EDGE('',*,*,#2527,.F.);
#2715=ORIENTED_EDGE('',*,*,#2080,.T.);
#2716=ORIENTED_EDGE('',*,*,#845,.T.);
#2717=ORIENTED_EDGE('',*,*,#2041,.T.);
#2718=ORIENTED_EDGE('',*,*,#620,.F.);
#2719=ORIENTED_EDGE('',*,*,#2105,.T.);
#2720=ORIENTED_EDGE('',*,*,#2337,.T.);
#2721=ORIENTED_EDGE('',*,*,#2169,.T.);
#2722=ORIENTED_EDGE('',*,*,#1616,.T.);
#2723=EDGE_LOOP('',(#2711,#2712,#2713,#2714,#2715,#2716,#2717,#2718,#2719,#2720,#2721,#2722));
#2724=FACE_BOUND('',#2723,.T.);
#2725=ORIENTED_EDGE('',*,*,#1018,.T.);
#2726=EDGE_LOOP('',(#2725));
#2727=FACE_BOUND('',#2726,.T.);
#2728=ORIENTED_EDGE('',*,*,#1051,.T.);
#2729=EDGE_LOOP('',(#2728));
#2730=FACE_BOUND('',#2729,.T.);
#2731=ORIENTED_EDGE('',*,*,#1084,.T.);
#2732=EDGE_LOOP('',(#2731));
#2733=FACE_BOUND('',#2732,.T.);
#2734=ORIENTED_EDGE('',*,*,#1117,.T.);
#2735=EDGE_LOOP('',(#2734));
#2736=FACE_BOUND('',#2735,.T.);
#2737=ORIENTED_EDGE('',*,*,#1150,.T.);
#2738=EDGE_LOOP('',(#2737));
#2739=FACE_BOUND('',#2738,.T.);
#2740=ADVANCED_FACE('NONE',(#2724,#2727,#2730,#2733,#2736,#2739),#2710,.F.);
#2741=CARTESIAN_POINT('',(-20.72,41.187330554,132.938638218));
#2742=DIRECTION('',(0.,1.,-0.));
#2743=DIRECTION('',(0.,0.,1.));
#2744=AXIS2_PLACEMENT_3D('',#2741,#2742,#2743);
#2745=CYLINDRICAL_SURFACE('',#2744,37.910717482);
#2746=CARTESIAN_POINT('',(-50.72,56.658845449,109.760577471));
#2747=CARTESIAN_POINT('',(-50.994175601,56.240795742,110.115450475));
#2748=CARTESIAN_POINT('',(-51.235257071,55.78869841,110.440415811));
#2749=CARTESIAN_POINT('',(-51.445184444,55.300547415,110.730857129));
#2750=CARTESIAN_POINT('',(-51.55014813,55.056471918,110.876077789));
#2751=CARTESIAN_POINT('',(-51.647286082,54.803345824,111.012635568));
#2752=CARTESIAN_POINT('',(-51.736572949,54.540621329,111.139677177));
#2753=CARTESIAN_POINT('',(-51.825859815,54.277896834,111.266718785));
#2754=CARTESIAN_POINT('',(-51.907265259,54.005122892,111.384216534));
#2755=CARTESIAN_POINT('',(-51.97904636,53.728897298,111.488824218));
#2756=CARTESIAN_POINT('',(-52.122608561,53.176446112,111.698039584));
#2757=CARTESIAN_POINT('',(-52.23027027,52.604229689,111.859197822));
#2758=CARTESIAN_POINT('',(-52.30327437,52.011619189,111.969153721));
#2759=CARTESIAN_POINT('',(-52.33977642,51.715313938,112.024131671));
#2760=CARTESIAN_POINT('',(-52.367603196,51.412548195,112.066339602));
#2761=CARTESIAN_POINT('',(-52.386147111,51.10778445,112.094511296));
#2762=CARTESIAN_POINT('',(-52.404691025,50.803020706,112.122682991));
#2763=CARTESIAN_POINT('',(-52.413995695,50.497102361,112.136880195));
#2764=CARTESIAN_POINT('',(-52.414049919,50.190020924,112.136962811));
#2765=CARTESIAN_POINT('',(-52.414158365,49.575858052,112.137128044));
#2766=CARTESIAN_POINT('',(-52.377644066,48.973331631,112.081192414));
#2767=CARTESIAN_POINT('',(-52.305593538,48.381971752,111.972647165));
#2768=CARTESIAN_POINT('',(-52.269568274,48.086291813,111.918374541));
#2769=CARTESIAN_POINT('',(-52.224565282,47.79341349,111.85086088));
#2770=CARTESIAN_POINT('',(-52.170175303,47.503384165,111.770053631));
#2771=CARTESIAN_POINT('',(-52.115785323,47.21335484,111.689246383));
#2772=CARTESIAN_POINT('',(-52.052230719,46.927975217,111.595493417));
#2773=CARTESIAN_POINT('',(-51.980611272,46.651792202,111.49110496));
#2774=CARTESIAN_POINT('',(-51.837372377,46.099426173,111.282328044));
#2775=CARTESIAN_POINT('',(-51.661047488,45.577768091,111.029645596));
#2776=CARTESIAN_POINT('',(-51.449991583,45.08531103,110.73750948));
#2777=CARTESIAN_POINT('',(-51.344463631,44.839082499,110.591441421));
#2778=CARTESIAN_POINT('',(-51.229994416,44.600039841,110.435212006));
#2779=CARTESIAN_POINT('',(-51.108264243,44.371751183,110.272013055));
#2780=CARTESIAN_POINT('',(-50.986534069,44.143462526,110.108814104));
#2781=CARTESIAN_POINT('',(-50.857162945,43.92495509,109.938111235));
#2782=CARTESIAN_POINT('',(-50.719999999,43.715815659,109.760577471));
#2783=B_SPLINE_CURVE_WITH_KNOTS('',3,(#2746,#2747,#2748,#2749,#2750,#2751,#2752,#2753,#2754,#2755,#2756,#2757,#2758,#2759,#2760,#2761,#2762,#2763,#2764,#2765,#2766,#2767,#2768,#2769,#2770,#2771,
#2772,#2773,#2774,#2775,#2776,#2777,#2778,#2779,#2780,#2781,#2782),.UNSPECIFIED.,.F.,.F.,(4,3,3,3,3,3,3,3,3,3,3,3,4),(-0.007262277,-0.00544737,-0.004539917,-0.003632463,-0.001817557,-0.000910103,-0.00000265,0.001812257,0.00271971,0.003627163,0.00544207,0.006349523,0.007256977),.UNSPECIFIED.);
#2784=EDGE_CURVE('NONE',#1366,#2301,#2783,.T.);
#2785=ORIENTED_EDGE('',*,*,#2784,.F.);
#2786=ORIENTED_EDGE('',*,*,#1429,.F.);
#2787=ORIENTED_EDGE('',*,*,#2306,.F.);
#2788=EDGE_LOOP('',(#2785,#2786,#2787));
#2789=FACE_BOUND('',#2788,.T.);
#2790=ADVANCED_FACE('NONE',(#2789),#2745,.T.);
#2791=CARTESIAN_POINT('',(-55.72,51.446973246,76.40759044));
#2792=DIRECTION('',(1.,-0.,0.));
#2793=DIRECTION('',(-0.,-0.,-1.));
#2794=AXIS2_PLACEMENT_3D('',#2791,#2792,#2793);
#2795=CYLINDRICAL_SURFACE('',#2794,2.);
#2796=ORIENTED_EDGE('',*,*,#2675,.F.);
#2797=ORIENTED_EDGE('',*,*,#2348,.T.);
#2798=ORIENTED_EDGE('',*,*,#2249,.F.);
#2799=ORIENTED_EDGE('',*,*,#595,.T.);
#2800=EDGE_LOOP('',(#2796,#2797,#2798,#2799));
#2801=FACE_BOUND('',#2800,.T.);
#2802=ADVANCED_FACE('NONE',(#2801),#2795,.F.);
#2803=CARTESIAN_POINT('',(-55.72,66.187330554,167.938638218));
#2804=DIRECTION('',(-0.,-1.,0.));
#2805=DIRECTION('',(0.,-0.,-1.));
#2806=AXIS2_PLACEMENT_3D('',#2803,#2804,#2805);
#2807=PLANE('',#2806);
#2808=ORIENTED_EDGE('',*,*,#1181,.F.);
#2809=EDGE_LOOP('',(#2808));
#2810=FACE_BOUND('',#2809,.T.);
#2811=ORIENTED_EDGE('',*,*,#1206,.F.);
#2812=EDGE_LOOP('',(#2811));
#2813=FACE_BOUND('',#2812,.T.);
#2814=ORIENTED_EDGE('',*,*,#1231,.F.);
#2815=EDGE_LOOP('',(#2814));
#2816=FACE_BOUND('',#2815,.T.);
#2817=ORIENTED_EDGE('',*,*,#1256,.F.);
#2818=EDGE_LOOP('',(#2817));
#2819=FACE_BOUND('',#2818,.T.);
#2820=ORIENTED_EDGE('',*,*,#220,.F.);
#2821=ORIENTED_EDGE('',*,*,#135,.T.);
#2822=ORIENTED_EDGE('',*,*,#194,.T.);
#2823=ORIENTED_EDGE('',*,*,#257,.T.);
#2824=ORIENTED_EDGE('',*,*,#2595,.F.);
#2825=ORIENTED_EDGE('',*,*,#1783,.T.);
#2826=ORIENTED_EDGE('',*,*,#2327,.T.);
#2827=ORIENTED_EDGE('',*,*,#2668,.T.);
#2828=ORIENTED_EDGE('',*,*,#2505,.T.);
#2829=ORIENTED_EDGE('',*,*,#1850,.T.);
#2830=ORIENTED_EDGE('',*,*,#2614,.F.);
#2831=ORIENTED_EDGE('',*,*,#322,.T.);
#2832=EDGE_LOOP('',(#2820,#2821,#2822,#2823,#2824,#2825,#2826,#2827,#2828,#2829,#2830,#2831));
#2833=FACE_BOUND('',#2832,.T.);
#2834=ADVANCED_FACE('NONE',(#2810,#2813,#2816,#2819,#2833),#2807,.T.);
#2835=CARTESIAN_POINT('',(-20.72,41.187330554,132.938638218));
#2836=DIRECTION('',(0.,1.,-0.));
#2837=DIRECTION('',(0.,0.,1.));
#2838=AXIS2_PLACEMENT_3D('',#2835,#2836,#2837);
#2839=CYLINDRICAL_SURFACE('',#2838,37.910717482);
#2840=ORIENTED_EDGE('',*,*,#2475,.F.);
#2841=ORIENTED_EDGE('',*,*,#2576,.T.);
#2842=EDGE_LOOP('',(#2840,#2841));
#2843=FACE_BOUND('',#2842,.T.);
#2844=ADVANCED_FACE('NONE',(#2843),#2839,.T.);
#2845=CARTESIAN_POINT('',(-20.72,0.109218171,69.938638218));
#2846=DIRECTION('',(0.,0.,1.));
#2847=DIRECTION('',(1.,0.,-0.));
#2848=AXIS2_PLACEMENT_3D('',#2845,#2846,#2847);
#2849=CYLINDRICAL_SURFACE('',#2848,75.);
#2850=ORIENTED_EDGE('',*,*,#313,.T.);
#2851=ORIENTED_EDGE('',*,*,#353,.F.);
#2852=ORIENTED_EDGE('',*,*,#869,.F.);
#2853=ORIENTED_EDGE('',*,*,#545,.F.);
#2854=ORIENTED_EDGE('',*,*,#407,.F.);
#2855=ORIENTED_EDGE('',*,*,#993,.F.);
#2856=ORIENTED_EDGE('',*,*,#162,.F.);
#2857=ORIENTED_EDGE('',*,*,#211,.T.);
#2858=EDGE_LOOP('',(#2850,#2851,#2852,#2853,#2854,#2855,#2856,#2857));
#2859=FACE_BOUND('',#2858,.T.);
#2860=ADVANCED_FACE('',(#2859),#2849,.T.);
#2861=CARTESIAN_POINT('',(-20.72,0.109218171,69.938638218));
#2862=DIRECTION('',(0.,0.,1.));
#2863=DIRECTION('',(1.,0.,-0.));
#2864=AXIS2_PLACEMENT_3D('',#2861,#2862,#2863);
#2865=CYLINDRICAL_SURFACE('',#2864,75.);
#2866=ORIENTED_EDGE('',*,*,#180,.F.);
#2867=ORIENTED_EDGE('',*,*,#118,.F.);
#2868=ORIENTED_EDGE('',*,*,#986,.F.);
#2869=ORIENTED_EDGE('',*,*,#437,.F.);
#2870=ORIENTED_EDGE('',*,*,#576,.F.);
#2871=ORIENTED_EDGE('',*,*,#688,.T.);
#2872=ORIENTED_EDGE('',*,*,#274,.T.);
#2873=ORIENTED_EDGE('',*,*,#243,.F.);
#2874=EDGE_LOOP('',(#2866,#2867,#2868,#2869,#2870,#2871,#2872,#2873));
#2875=FACE_BOUND('',#2874,.T.);
#2876=ADVANCED_FACE('',(#2875),#2865,.T.);
#2877=CARTESIAN_POINT('',(-55.72,51.446973246,76.40759044));
#2878=DIRECTION('',(-1.,0.,-0.));
#2879=DIRECTION('',(0.,0.,1.));
#2880=AXIS2_PLACEMENT_3D('',#2877,#2878,#2879);
#2881=CYLINDRICAL_SURFACE('',#2880,2.);
#2882=ORIENTED_EDGE('',*,*,#1274,.T.);
#2883=ORIENTED_EDGE('',*,*,#811,.T.);
#2884=ORIENTED_EDGE('',*,*,#2395,.F.);
#2885=ORIENTED_EDGE('',*,*,#2519,.T.);
#2886=EDGE_LOOP('',(#2882,#2883,#2884,#2885));
#2887=FACE_BOUND('',#2886,.T.);
#2888=ADVANCED_FACE('NONE',(#2887),#2881,.F.);
#2889=CARTESIAN_POINT('',(-20.72,0.109218171,41.938638218));
#2890=DIRECTION('',(0.,0.,1.));
#2891=DIRECTION('',(-0.,-1.,0.));
#2892=AXIS2_PLACEMENT_3D('',#2889,#2890,#2891);
#2893=CYLINDRICAL_SURFACE('',#2892,35.);
#2894=ORIENTED_EDGE('',*,*,#1308,.F.);
#2895=ORIENTED_EDGE('',*,*,#1674,.T.);
#2896=ORIENTED_EDGE('',*,*,#714,.F.);
#2897=ORIENTED_EDGE('',*,*,#2634,.F.);
#2898=EDGE_LOOP('',(#2894,#2895,#2896,#2897));
#2899=FACE_BOUND('',#2898,.T.);
#2900=ADVANCED_FACE('NONE',(#2899),#2893,.T.);
#2901=CARTESIAN_POINT('',(9.28,22.049909085,57.310863847));
#2902=DIRECTION('',(1.,-0.,0.));
#2903=DIRECTION('',(-0.,-0.,-1.));
#2904=AXIS2_PLACEMENT_3D('',#2901,#2902,#2903);
#2905=CYLINDRICAL_SURFACE('',#2904,3.805875078);
#2906=ORIENTED_EDGE('',*,*,#1339,.T.);
#2907=ORIENTED_EDGE('',*,*,#2490,.F.);
#2908=ORIENTED_EDGE('',*,*,#2436,.T.);
#2909=ORIENTED_EDGE('',*,*,#798,.T.);
#2910=EDGE_LOOP('',(#2906,#2907,#2908,#2909));
#2911=FACE_BOUND('',#2910,.T.);
#2912=ADVANCED_FACE('NONE',(#2911),#2905,.F.);
#2913=CARTESIAN_POINT('',(-50.72,50.187330554,102.136963173));
#2914=DIRECTION('',(-1.,0.,-0.));
#2915=DIRECTION('',(0.,0.,1.));
#2916=AXIS2_PLACEMENT_3D('',#2913,#2914,#2915);
#2917=CYLINDRICAL_SURFACE('',#2916,10.);
#2918=ORIENTED_EDGE('',*,*,#1371,.T.);
#2919=ORIENTED_EDGE('',*,*,#2784,.T.);
#2920=ORIENTED_EDGE('',*,*,#2317,.F.);
#2921=ORIENTED_EDGE('',*,*,#2283,.T.);
#2922=ORIENTED_EDGE('',*,*,#680,.T.);
#2923=EDGE_LOOP('',(#2918,#2919,#2920,#2921,#2922));
#2924=FACE_BOUND('',#2923,.T.);
#2925=ADVANCED_FACE('NONE',(#2924),#2917,.F.);
#2926=CARTESIAN_POINT('',(-35.72,47.515969517,55.598892256));
#2927=DIRECTION('',(-0.,-0.866025404,0.5));
#2928=DIRECTION('',(-0.,-0.5,-0.866025404));
#2929=AXIS2_PLACEMENT_3D('',#2926,#2927,#2928);
#2930=CYLINDRICAL_SURFACE('',#2929,6.);
#2931=ORIENTED_EDGE('',*,*,#1445,.T.);
#2932=ORIENTED_EDGE('',*,*,#464,.F.);
#2933=ORIENTED_EDGE('',*,*,#2024,.T.);
#2934=ORIENTED_EDGE('',*,*,#2686,.T.);
#2935=EDGE_LOOP('',(#2931,#2932,#2933,#2934));
#2936=FACE_BOUND('',#2935,.T.);
#2937=ADVANCED_FACE('NONE',(#2936),#2930,.F.);
#2938=CARTESIAN_POINT('',(-5.72,47.515969517,55.598892256));
#2939=DIRECTION('',(-0.,-0.866025404,0.5));
#2940=DIRECTION('',(-0.,-0.5,-0.866025404));
#2941=AXIS2_PLACEMENT_3D('',#2938,#2939,#2940);
#2942=CYLINDRICAL_SURFACE('',#2941,6.);
#2943=ORIENTED_EDGE('',*,*,#1477,.T.);
#2944=ORIENTED_EDGE('',*,*,#509,.F.);
#2945=ORIENTED_EDGE('',*,*,#1951,.T.);
#2946=ORIENTED_EDGE('',*,*,#2699,.T.);
#2947=EDGE_LOOP('',(#2943,#2944,#2945,#2946));
#2948=FACE_BOUND('',#2947,.T.);
#2949=ADVANCED_FACE('NONE',(#2948),#2942,.F.);
#2950=CLOSED_SHELL('',(#166,#198,#230,#261,#301,#332,#372,#441,#580,#751,#931,#997,#1030,#1063,#1096,#1129,#1162,#1187,#1212,#1237,#1262,#1294,#1327,#1359,#1433,#1465,
#1497,#1523,#1547,#1573,#1598,#1622,#1646,#1679,#1704,#1721,#1762,#1794,#1835,#1867,#1884,#1908,#1933,#1957,#1981,#2006,#2030,#2052,#2084,#2116,#2148,
#2180,#2212,#2229,#2253,#2270,#2294,#2358,#2375,#2399,#2423,#2454,#2532,#2585,#2602,#2619,#2653,#2705,#2740,#2790,#2802,#2834,#2844,#2860,#2876,#2888,
#2900,#2912,#2925,#2937,#2949));
#2951=MANIFOLD_SOLID_BREP('NONE',#2950);
#2952=COLOUR_RGB('',0.792156875,0.819607854,0.933333337);
#2953=FILL_AREA_STYLE_COLOUR('',#2952);
#2954=FILL_AREA_STYLE('',(#2953));
#2955=SURFACE_STYLE_FILL_AREA(#2954);
#2956=SURFACE_SIDE_STYLE('',(#2955));
#2957=SURFACE_STYLE_USAGE(.BOTH.,#2956);
#2958=PRESENTATION_STYLE_ASSIGNMENT((#2957));
#82=STYLED_ITEM('',(#2958),#2951);
#63=SHAPE_REPRESENTATION('pitch\X2\8F74\X0\',(#15),#61);
#64=ADVANCED_BREP_SHAPE_REPRESENTATION('pitch\X2\8F74\X0\',(#2951),#61);
#2966=SHAPE_REPRESENTATION_RELATIONSHIP('','',#63,#64);
#2967=APPLICATION_CONTEXT('data for automotive mechanical design processes');
#2968=APPLICATION_PROTOCOL_DEFINITION('international standard','automotive_design',1994,#2967);
#2969=PRODUCT_CONTEXT('',#2967,'mechanical');
#2970=PRODUCT_DEFINITION_CONTEXT('part definition',#2967,'design');
#71=PRODUCT('pitch\X2\8F74\X0\','pitch\X2\8F74\X0\','',(#2969));
#2971=PRODUCT_RELATED_PRODUCT_CATEGORY('part','',(#71));
#2972=PRODUCT_DEFINITION_FORMATION_WITH_SPECIFIED_SOURCE('','',#71,.NOT_KNOWN.);
#72=PRODUCT_DEFINITION('design','',#2972,#2970);
#70=PRODUCT_DEFINITION_SHAPE('','',#72);
#2973=SHAPE_DEFINITION_REPRESENTATION(#70,#63);
#62=DRAUGHTING_MODEL('',(),#61);
#35=SHAPE_REPRESENTATION('\X2\4E9153F0603B88C5\X0\.STEP',(#15,#76),#33);
#43=PRODUCT('\X2\4E9153F0603B88C5\X0\.STEP','\X2\4E9153F0603B88C5\X0\.STEP','',(#2969));
#2974=PRODUCT_RELATED_PRODUCT_CATEGORY('part','',(#43));
#2975=PRODUCT_DEFINITION_FORMATION_WITH_SPECIFIED_SOURCE('','',#43,.NOT_KNOWN.);
#44=PRODUCT_DEFINITION('design','',#2975,#2970);
#42=PRODUCT_DEFINITION_SHAPE('','',#44);
#2976=SHAPE_DEFINITION_REPRESENTATION(#42,#35);
#34=DRAUGHTING_MODEL('',(),#33);
#16=SHAPE_REPRESENTATION('root',(#15,#48),#10);
#24=PRODUCT('root','root','',(#2969));
#2977=PRODUCT_RELATED_PRODUCT_CATEGORY('part','',(#24));
#2978=PRODUCT_DEFINITION_FORMATION_WITH_SPECIFIED_SOURCE('','',#24,.NOT_KNOWN.);
#25=PRODUCT_DEFINITION('design','',#2978,#2970);
#23=PRODUCT_DEFINITION_SHAPE('','',#25);
#2979=SHAPE_DEFINITION_REPRESENTATION(#23,#16);
#11=DRAUGHTING_MODEL('',(),#10);
#1=MECHANICAL_DESIGN_GEOMETRIC_PRESENTATION_REPRESENTATION('',(#82),#10);
ENDSEC;
END-ISO-10303-21;
