ISO-10303-21;
HEADER;

/* File generated by Shapr3D Version 5.930.9346.0 */

FILE_DESCRIPTION(('HOOPS Exchange Step'),'2;1');

FILE_NAME('C:\\Users\\ggllxx\\AppData\\Local\\Packages\\Shapr3D.Shapr3D_j403pzjkqtqbj\\TempState\\export\\temp_export',
'2025-09-09T03:42:01-16:00',
('ggllxx'),
('Shapr3D Limited'),
'HOOPS Exchange 2025.5',
'Shapr3D',
'Authorized');

FILE_SCHEMA( ('AUTOMOTIVE_DESIGN { 1 0 10303 214 1 1 1 1 }') );

ENDSEC;

DATA;
#3=(NAMED_UNIT(*)PLANE_ANGLE_UNIT()SI_UNIT($,.RADIAN.));
#4=PLANE_ANGLE_MEASURE_WITH_UNIT(PLANE_ANGLE_MEASURE(0.0174532925),#3);
#5=(CONVERSION_BASED_UNIT('DEGREE',#4)NAMED_UNIT(#6)PLANE_ANGLE_UNIT());
#6=DIMENSIONAL_EXPONENTS(0.,0.,0.,0.,0.,0.,0.);
#7=(NAMED_UNIT(*)SI_UNIT($,.STERADIAN.)SOLID_ANGLE_UNIT());
#8=(LENGTH_UNIT()NAMED_UNIT(*)SI_UNIT(.MILLI.,.METRE.));
#9=UNCERTAINTY_MEASURE_WITH_UNIT(LENGTH_MEASURE(1.000000E-03),#8,'DISTANCE_ACCURACY_VALUE','Maximum Tolerance applied to model');
#10=(GEOMETRIC_REPRESENTATION_CONTEXT(3)GLOBAL_UNCERTAINTY_ASSIGNED_CONTEXT((#9))GLOBAL_UNIT_ASSIGNED_CONTEXT((#8,#5,#7))REPRESENTATION_CONTEXT('','root'));
#12=CARTESIAN_POINT('',(0.,0.,0.));
#13=DIRECTION('',(0.,0.,1.));
#14=DIRECTION('',(1.,0.,0.));
#15=AXIS2_PLACEMENT_3D('',#12,#13,#14);
#26=(NAMED_UNIT(*)PLANE_ANGLE_UNIT()SI_UNIT($,.RADIAN.));
#27=PLANE_ANGLE_MEASURE_WITH_UNIT(PLANE_ANGLE_MEASURE(0.0174532925),#26);
#28=(CONVERSION_BASED_UNIT('DEGREE',#27)NAMED_UNIT(#29)PLANE_ANGLE_UNIT());
#29=DIMENSIONAL_EXPONENTS(0.,0.,0.,0.,0.,0.,0.);
#30=(NAMED_UNIT(*)SI_UNIT($,.STERADIAN.)SOLID_ANGLE_UNIT());
#31=(LENGTH_UNIT()NAMED_UNIT(*)SI_UNIT(.MILLI.,.METRE.));
#32=UNCERTAINTY_MEASURE_WITH_UNIT(LENGTH_MEASURE(1.000000E-03),#31,'DISTANCE_ACCURACY_VALUE','Maximum Tolerance applied to model');
#33=(GEOMETRIC_REPRESENTATION_CONTEXT(3)GLOBAL_UNCERTAINTY_ASSIGNED_CONTEXT((#32))GLOBAL_UNIT_ASSIGNED_CONTEXT((#31,#28,#30))REPRESENTATION_CONTEXT('','\X2\603B88C5\X0\_R3X\X2\56DB8F6E4E249A715E9576D8\X0\.stp'));
#45=CARTESIAN_POINT('',(0.,0.,0.));
#46=DIRECTION('',(0.,0.,1.));
#47=DIRECTION('',(1.,0.,-0.));
#48=AXIS2_PLACEMENT_3D('',#45,#46,#47);
#49=ITEM_DEFINED_TRANSFORMATION('','',#48,#15);
#50=(REPRESENTATION_RELATIONSHIP('','',#35,#16)REPRESENTATION_RELATIONSHIP_WITH_TRANSFORMATION(#49)SHAPE_REPRESENTATION_RELATIONSHIP());
#51=NEXT_ASSEMBLY_USAGE_OCCURRENCE('\X2\603B88C5\X0\_R3X\X2\56DB8F6E4E249A715E9576D8\X0\.stp_1','\X2\603B88C5\X0\_R3X\X2\56DB8F6E4E249A715E9576D8\X0\.stp','\X2\603B88C5\X0\_R3X\X2\56DB8F6E4E249A715E9576D8\X0\.stp',#25,#44,$);
#52=PRODUCT_DEFINITION_SHAPE('','',#51);
#53=CONTEXT_DEPENDENT_SHAPE_REPRESENTATION(#50,#52);
#54=(NAMED_UNIT(*)PLANE_ANGLE_UNIT()SI_UNIT($,.RADIAN.));
#55=PLANE_ANGLE_MEASURE_WITH_UNIT(PLANE_ANGLE_MEASURE(0.0174532925),#54);
#56=(CONVERSION_BASED_UNIT('DEGREE',#55)NAMED_UNIT(#57)PLANE_ANGLE_UNIT());
#57=DIMENSIONAL_EXPONENTS(0.,0.,0.,0.,0.,0.,0.);
#58=(NAMED_UNIT(*)SI_UNIT($,.STERADIAN.)SOLID_ANGLE_UNIT());
#59=(LENGTH_UNIT()NAMED_UNIT(*)SI_UNIT(.MILLI.,.METRE.));
#60=UNCERTAINTY_MEASURE_WITH_UNIT(LENGTH_MEASURE(1.000000E-05),#59,'DISTANCE_ACCURACY_VALUE','Maximum Tolerance applied to model');
#61=(GEOMETRIC_REPRESENTATION_CONTEXT(3)GLOBAL_UNCERTAINTY_ASSIGNED_CONTEXT((#60))GLOBAL_UNIT_ASSIGNED_CONTEXT((#59,#56,#58))REPRESENTATION_CONTEXT('','\X2\56DB9A715DEE901F677F4EF6\X0\1_3_2_1'));
#73=CARTESIAN_POINT('',(0.,0.,0.));
#74=DIRECTION('',(0.,0.,1.));
#75=DIRECTION('',(1.,0.,-0.));
#76=AXIS2_PLACEMENT_3D('',#73,#74,#75);
#77=ITEM_DEFINED_TRANSFORMATION('','',#76,#15);
#78=(REPRESENTATION_RELATIONSHIP('','',#63,#35)REPRESENTATION_RELATIONSHIP_WITH_TRANSFORMATION(#77)SHAPE_REPRESENTATION_RELATIONSHIP());
#79=NEXT_ASSEMBLY_USAGE_OCCURRENCE('\X2\56DB9A715DEE901F677F4EF6\X0\1_3_2_1_2','\X2\56DB9A715DEE901F677F4EF6\X0\1_3_2_1','\X2\56DB9A715DEE901F677F4EF6\X0\1_3_2_1',#44,#72,$);
#80=PRODUCT_DEFINITION_SHAPE('','',#79);
#81=CONTEXT_DEPENDENT_SHAPE_REPRESENTATION(#78,#80);
#83=CARTESIAN_POINT('',(98.,30.,-13.2));
#84=DIRECTION('',(0.,0.,1.));
#85=DIRECTION('',(1.,0.,-0.));
#86=AXIS2_PLACEMENT_3D('',#83,#84,#85);
#87=CYLINDRICAL_SURFACE('',#86,1.6);
#88=CARTESIAN_POINT('',(99.6,30.,0.));
#89=VERTEX_POINT('',#88);
#90=CARTESIAN_POINT('',(99.6,30.,-5.));
#91=VERTEX_POINT('',#90);
#92=CARTESIAN_POINT('',(99.6,30.,0.));
#93=DIRECTION('',(-0.,-0.,-1.));
#94=VECTOR('',#93,5.);
#95=LINE('',#92,#94);
#96=EDGE_CURVE('',#89,#91,#95,.T.);
#97=ORIENTED_EDGE('',*,*,#96,.F.);
#98=CARTESIAN_POINT('',(98.,30.,0.));
#99=DIRECTION('',(0.,0.,1.));
#100=DIRECTION('',(1.,0.,-0.));
#101=AXIS2_PLACEMENT_3D('',#98,#99,#100);
#102=CIRCLE('',#101,1.6);
#103=EDGE_CURVE('',#89,#89,#102,.T.);
#104=ORIENTED_EDGE('',*,*,#103,.T.);
#105=ORIENTED_EDGE('',*,*,#96,.T.);
#106=CARTESIAN_POINT('',(96.4,30.,-5.));
#107=VERTEX_POINT('',#106);
#108=CARTESIAN_POINT('',(98.,30.,-5.));
#109=DIRECTION('',(0.,0.,-1.));
#110=DIRECTION('',(-1.,0.,0.));
#111=AXIS2_PLACEMENT_3D('',#108,#109,#110);
#112=CIRCLE('',#111,1.6);
#113=EDGE_CURVE('',#91,#107,#112,.T.);
#114=ORIENTED_EDGE('',*,*,#113,.T.);
#115=CARTESIAN_POINT('',(98.,30.,-5.));
#116=DIRECTION('',(0.,0.,-1.));
#117=DIRECTION('',(-1.,0.,0.));
#118=AXIS2_PLACEMENT_3D('',#115,#116,#117);
#119=CIRCLE('',#118,1.6);
#120=EDGE_CURVE('',#107,#91,#119,.T.);
#121=ORIENTED_EDGE('',*,*,#120,.T.);
#122=EDGE_LOOP('',(#97,#104,#105,#114,#121));
#123=FACE_BOUND('',#122,.T.);
#124=ADVANCED_FACE('',(#123),#87,.F.);
#125=CARTESIAN_POINT('',(-114.,0.,-5.));
#126=DIRECTION('',(0.,0.,-1.));
#127=DIRECTION('',(0.,1.,0.));
#128=AXIS2_PLACEMENT_3D('',#125,#126,#127);
#129=PLANE('',#128);
#130=CARTESIAN_POINT('',(11.098291392,66.5,-5.));
#131=VERTEX_POINT('',#130);
#132=CARTESIAN_POINT('',(11.098291392,69.5,-5.));
#133=VERTEX_POINT('',#132);
#134=CARTESIAN_POINT('',(11.098291392,66.5,-5.));
#135=DIRECTION('',(0.,1.,0.));
#136=VECTOR('',#135,3.);
#137=LINE('',#134,#136);
#138=EDGE_CURVE('',#131,#133,#137,.T.);
#139=ORIENTED_EDGE('',*,*,#138,.F.);
#140=CARTESIAN_POINT('',(-78.901708608,66.5,-5.));
#141=VERTEX_POINT('',#140);
#142=CARTESIAN_POINT('',(11.098291392,66.5,-5.));
#143=DIRECTION('',(-1.,0.,0.));
#144=VECTOR('',#143,90.);
#145=LINE('',#142,#144);
#146=EDGE_CURVE('',#131,#141,#145,.T.);
#147=ORIENTED_EDGE('',*,*,#146,.T.);
#148=CARTESIAN_POINT('',(-78.901708608,69.5,-5.));
#149=VERTEX_POINT('',#148);
#150=CARTESIAN_POINT('',(-78.901708608,69.5,-5.));
#151=DIRECTION('',(0.,-1.,0.));
#152=VECTOR('',#151,3.);
#153=LINE('',#150,#152);
#154=EDGE_CURVE('',#149,#141,#153,.T.);
#155=ORIENTED_EDGE('',*,*,#154,.F.);
#156=CARTESIAN_POINT('',(-62.885534246,69.5,-5.));
#157=VERTEX_POINT('',#156);
#158=CARTESIAN_POINT('',(-62.885534246,69.5,-5.));
#159=DIRECTION('',(-1.,0.,0.));
#160=VECTOR('',#159,16.016174362);
#161=LINE('',#158,#160);
#162=EDGE_CURVE('',#157,#149,#161,.T.);
#163=ORIENTED_EDGE('',*,*,#162,.F.);
#164=CARTESIAN_POINT('',(-59.685534246,69.5,-5.));
#165=VERTEX_POINT('',#164);
#166=CARTESIAN_POINT('',(-61.285534246,69.5,-5.));
#167=DIRECTION('',(0.,0.,-1.));
#168=DIRECTION('',(-1.,0.,0.));
#169=AXIS2_PLACEMENT_3D('',#166,#167,#168);
#170=CIRCLE('',#169,1.6);
#171=EDGE_CURVE('',#165,#157,#170,.T.);
#172=ORIENTED_EDGE('',*,*,#171,.F.);
#173=CARTESIAN_POINT('',(-42.885534246,69.5,-5.));
#174=VERTEX_POINT('',#173);
#175=CARTESIAN_POINT('',(-42.885534246,69.5,-5.));
#176=DIRECTION('',(-1.,0.,0.));
#177=VECTOR('',#176,16.8);
#178=LINE('',#175,#177);
#179=EDGE_CURVE('',#174,#165,#178,.T.);
#180=ORIENTED_EDGE('',*,*,#179,.F.);
#181=CARTESIAN_POINT('',(-39.685534246,69.5,-5.));
#182=VERTEX_POINT('',#181);
#183=CARTESIAN_POINT('',(-41.285534246,69.5,-5.));
#184=DIRECTION('',(0.,0.,-1.));
#185=DIRECTION('',(-1.,0.,0.));
#186=AXIS2_PLACEMENT_3D('',#183,#184,#185);
#187=CIRCLE('',#186,1.6);
#188=EDGE_CURVE('',#182,#174,#187,.T.);
#189=ORIENTED_EDGE('',*,*,#188,.F.);
#190=CARTESIAN_POINT('',(-22.885534246,69.5,-5.));
#191=VERTEX_POINT('',#190);
#192=CARTESIAN_POINT('',(-22.885534246,69.5,-5.));
#193=DIRECTION('',(-1.,0.,0.));
#194=VECTOR('',#193,16.8);
#195=LINE('',#192,#194);
#196=EDGE_CURVE('',#191,#182,#195,.T.);
#197=ORIENTED_EDGE('',*,*,#196,.F.);
#198=CARTESIAN_POINT('',(-19.685534246,69.5,-5.));
#199=VERTEX_POINT('',#198);
#200=CARTESIAN_POINT('',(-21.285534246,69.5,-5.));
#201=DIRECTION('',(0.,0.,-1.));
#202=DIRECTION('',(-1.,0.,0.));
#203=AXIS2_PLACEMENT_3D('',#200,#201,#202);
#204=CIRCLE('',#203,1.6);
#205=EDGE_CURVE('',#199,#191,#204,.T.);
#206=ORIENTED_EDGE('',*,*,#205,.F.);
#207=CARTESIAN_POINT('',(-2.885534246,69.5,-5.));
#208=VERTEX_POINT('',#207);
#209=CARTESIAN_POINT('',(-2.885534246,69.5,-5.));
#210=DIRECTION('',(-1.,0.,0.));
#211=VECTOR('',#210,16.8);
#212=LINE('',#209,#211);
#213=EDGE_CURVE('',#208,#199,#212,.T.);
#214=ORIENTED_EDGE('',*,*,#213,.F.);
#215=CARTESIAN_POINT('',(0.314465754,69.5,-5.));
#216=VERTEX_POINT('',#215);
#217=CARTESIAN_POINT('',(-1.285534246,69.5,-5.));
#218=DIRECTION('',(0.,0.,-1.));
#219=DIRECTION('',(-1.,0.,0.));
#220=AXIS2_PLACEMENT_3D('',#217,#218,#219);
#221=CIRCLE('',#220,1.6);
#222=EDGE_CURVE('',#216,#208,#221,.T.);
#223=ORIENTED_EDGE('',*,*,#222,.F.);
#224=CARTESIAN_POINT('',(11.098291392,69.5,-5.));
#225=DIRECTION('',(-1.,0.,0.));
#226=VECTOR('',#225,10.783825638);
#227=LINE('',#224,#226);
#228=EDGE_CURVE('',#133,#216,#227,.T.);
#229=ORIENTED_EDGE('',*,*,#228,.F.);
#230=EDGE_LOOP('',(#139,#147,#155,#163,#172,#180,#189,#197,#206,#214,#223,#229));
#231=FACE_BOUND('',#230,.T.);
#232=ADVANCED_FACE('',(#231),#129,.T.);
#233=CARTESIAN_POINT('',(-114.,0.,-5.));
#234=DIRECTION('',(0.,0.,-1.));
#235=DIRECTION('',(0.,1.,0.));
#236=AXIS2_PLACEMENT_3D('',#233,#234,#235);
#237=PLANE('',#236);
#238=ORIENTED_EDGE('',*,*,#113,.F.);
#239=ORIENTED_EDGE('',*,*,#120,.F.);
#240=EDGE_LOOP('',(#238,#239));
#241=FACE_BOUND('',#240,.T.);
#242=CARTESIAN_POINT('',(100.35,-10.,-5.));
#243=VERTEX_POINT('',#242);
#244=CARTESIAN_POINT('',(97.15,-10.,-5.));
#245=VERTEX_POINT('',#244);
#246=CARTESIAN_POINT('',(98.75,-10.,-5.));
#247=DIRECTION('',(0.,0.,-1.));
#248=DIRECTION('',(-1.,0.,0.));
#249=AXIS2_PLACEMENT_3D('',#246,#247,#248);
#250=CIRCLE('',#249,1.6);
#251=EDGE_CURVE('',#243,#245,#250,.T.);
#252=ORIENTED_EDGE('',*,*,#251,.F.);
#253=CARTESIAN_POINT('',(98.75,-10.,-5.));
#254=DIRECTION('',(0.,0.,-1.));
#255=DIRECTION('',(-1.,0.,0.));
#256=AXIS2_PLACEMENT_3D('',#253,#254,#255);
#257=CIRCLE('',#256,1.6);
#258=EDGE_CURVE('',#245,#243,#257,.T.);
#259=ORIENTED_EDGE('',*,*,#258,.F.);
#260=EDGE_LOOP('',(#252,#259));
#261=FACE_BOUND('',#260,.T.);
#262=CARTESIAN_POINT('',(99.6,10.,-5.));
#263=VERTEX_POINT('',#262);
#264=CARTESIAN_POINT('',(96.4,10.,-5.));
#265=VERTEX_POINT('',#264);
#266=CARTESIAN_POINT('',(98.,10.,-5.));
#267=DIRECTION('',(0.,0.,-1.));
#268=DIRECTION('',(-1.,0.,0.));
#269=AXIS2_PLACEMENT_3D('',#266,#267,#268);
#270=CIRCLE('',#269,1.6);
#271=EDGE_CURVE('',#263,#265,#270,.T.);
#272=ORIENTED_EDGE('',*,*,#271,.F.);
#273=CARTESIAN_POINT('',(98.,10.,-5.));
#274=DIRECTION('',(0.,0.,-1.));
#275=DIRECTION('',(-1.,0.,0.));
#276=AXIS2_PLACEMENT_3D('',#273,#274,#275);
#277=CIRCLE('',#276,1.6);
#278=EDGE_CURVE('',#265,#263,#277,.T.);
#279=ORIENTED_EDGE('',*,*,#278,.F.);
#280=EDGE_LOOP('',(#272,#279));
#281=FACE_BOUND('',#280,.T.);
#282=CARTESIAN_POINT('',(-111.75,-61.4,-5.));
#283=VERTEX_POINT('',#282);
#284=CARTESIAN_POINT('',(-113.35,-63.,-5.));
#285=VERTEX_POINT('',#284);
#286=CARTESIAN_POINT('',(-111.75,-63.,-5.));
#287=DIRECTION('',(0.,0.,-1.));
#288=DIRECTION('',(-1.,0.,0.));
#289=AXIS2_PLACEMENT_3D('',#286,#287,#288);
#290=CIRCLE('',#289,1.6);
#291=EDGE_CURVE('',#283,#285,#290,.T.);
#292=ORIENTED_EDGE('',*,*,#291,.F.);
#293=CARTESIAN_POINT('',(-111.75,-63.,-5.));
#294=DIRECTION('',(0.,0.,-1.));
#295=DIRECTION('',(-1.,0.,0.));
#296=AXIS2_PLACEMENT_3D('',#293,#294,#295);
#297=CIRCLE('',#296,1.6);
#298=EDGE_CURVE('',#285,#283,#297,.T.);
#299=ORIENTED_EDGE('',*,*,#298,.F.);
#300=EDGE_LOOP('',(#292,#299));
#301=FACE_BOUND('',#300,.T.);
#302=CARTESIAN_POINT('',(-87.75,-61.4,-5.));
#303=VERTEX_POINT('',#302);
#304=CARTESIAN_POINT('',(-89.35,-63.,-5.));
#305=VERTEX_POINT('',#304);
#306=CARTESIAN_POINT('',(-87.75,-63.,-5.));
#307=DIRECTION('',(0.,0.,-1.));
#308=DIRECTION('',(-1.,0.,0.));
#309=AXIS2_PLACEMENT_3D('',#306,#307,#308);
#310=CIRCLE('',#309,1.6);
#311=EDGE_CURVE('',#303,#305,#310,.T.);
#312=ORIENTED_EDGE('',*,*,#311,.F.);
#313=CARTESIAN_POINT('',(-87.75,-63.,-5.));
#314=DIRECTION('',(0.,0.,-1.));
#315=DIRECTION('',(-1.,0.,0.));
#316=AXIS2_PLACEMENT_3D('',#313,#314,#315);
#317=CIRCLE('',#316,1.6);
#318=EDGE_CURVE('',#305,#303,#317,.T.);
#319=ORIENTED_EDGE('',*,*,#318,.F.);
#320=EDGE_LOOP('',(#312,#319));
#321=FACE_BOUND('',#320,.T.);
#322=CARTESIAN_POINT('',(15.547078361,25.722234231,-5.));
#323=VERTEX_POINT('',#322);
#324=CARTESIAN_POINT('',(13.947078361,24.122234231,-5.));
#325=VERTEX_POINT('',#324);
#326=CARTESIAN_POINT('',(15.547078361,24.122234231,-5.));
#327=DIRECTION('',(0.,0.,-1.));
#328=DIRECTION('',(-1.,0.,0.));
#329=AXIS2_PLACEMENT_3D('',#326,#327,#328);
#330=CIRCLE('',#329,1.6);
#331=EDGE_CURVE('',#323,#325,#330,.T.);
#332=ORIENTED_EDGE('',*,*,#331,.F.);
#333=CARTESIAN_POINT('',(15.547078361,24.122234231,-5.));
#334=DIRECTION('',(0.,0.,-1.));
#335=DIRECTION('',(-1.,0.,0.));
#336=AXIS2_PLACEMENT_3D('',#333,#334,#335);
#337=CIRCLE('',#336,1.6);
#338=EDGE_CURVE('',#325,#323,#337,.T.);
#339=ORIENTED_EDGE('',*,*,#338,.F.);
#340=EDGE_LOOP('',(#332,#339));
#341=FACE_BOUND('',#340,.T.);
#342=CARTESIAN_POINT('',(-87.75,-31.4,-5.));
#343=VERTEX_POINT('',#342);
#344=CARTESIAN_POINT('',(-89.35,-33.,-5.));
#345=VERTEX_POINT('',#344);
#346=CARTESIAN_POINT('',(-87.75,-33.,-5.));
#347=DIRECTION('',(0.,0.,-1.));
#348=DIRECTION('',(-1.,0.,0.));
#349=AXIS2_PLACEMENT_3D('',#346,#347,#348);
#350=CIRCLE('',#349,1.6);
#351=EDGE_CURVE('',#343,#345,#350,.T.);
#352=ORIENTED_EDGE('',*,*,#351,.F.);
#353=CARTESIAN_POINT('',(-87.75,-33.,-5.));
#354=DIRECTION('',(0.,0.,-1.));
#355=DIRECTION('',(-1.,0.,0.));
#356=AXIS2_PLACEMENT_3D('',#353,#354,#355);
#357=CIRCLE('',#356,1.6);
#358=EDGE_CURVE('',#345,#343,#357,.T.);
#359=ORIENTED_EDGE('',*,*,#358,.F.);
#360=EDGE_LOOP('',(#352,#359));
#361=FACE_BOUND('',#360,.T.);
#362=CARTESIAN_POINT('',(-111.75,-31.4,-5.));
#363=VERTEX_POINT('',#362);
#364=CARTESIAN_POINT('',(-113.35,-33.,-5.));
#365=VERTEX_POINT('',#364);
#366=CARTESIAN_POINT('',(-111.75,-33.,-5.));
#367=DIRECTION('',(0.,0.,-1.));
#368=DIRECTION('',(-1.,0.,0.));
#369=AXIS2_PLACEMENT_3D('',#366,#367,#368);
#370=CIRCLE('',#369,1.6);
#371=EDGE_CURVE('',#363,#365,#370,.T.);
#372=ORIENTED_EDGE('',*,*,#371,.F.);
#373=CARTESIAN_POINT('',(-111.75,-33.,-5.));
#374=DIRECTION('',(0.,0.,-1.));
#375=DIRECTION('',(-1.,0.,0.));
#376=AXIS2_PLACEMENT_3D('',#373,#374,#375);
#377=CIRCLE('',#376,1.6);
#378=EDGE_CURVE('',#365,#363,#377,.T.);
#379=ORIENTED_EDGE('',*,*,#378,.F.);
#380=EDGE_LOOP('',(#372,#379));
#381=FACE_BOUND('',#380,.T.);
#382=CARTESIAN_POINT('',(-87.75,64.6,-5.));
#383=VERTEX_POINT('',#382);
#384=CARTESIAN_POINT('',(-89.35,63.,-5.));
#385=VERTEX_POINT('',#384);
#386=CARTESIAN_POINT('',(-87.75,63.,-5.));
#387=DIRECTION('',(0.,0.,-1.));
#388=DIRECTION('',(-1.,0.,0.));
#389=AXIS2_PLACEMENT_3D('',#386,#387,#388);
#390=CIRCLE('',#389,1.6);
#391=EDGE_CURVE('',#383,#385,#390,.T.);
#392=ORIENTED_EDGE('',*,*,#391,.F.);
#393=CARTESIAN_POINT('',(-87.75,63.,-5.));
#394=DIRECTION('',(0.,0.,-1.));
#395=DIRECTION('',(-1.,0.,0.));
#396=AXIS2_PLACEMENT_3D('',#393,#394,#395);
#397=CIRCLE('',#396,1.6);
#398=EDGE_CURVE('',#385,#383,#397,.T.);
#399=ORIENTED_EDGE('',*,*,#398,.F.);
#400=EDGE_LOOP('',(#392,#399));
#401=FACE_BOUND('',#400,.T.);
#402=CARTESIAN_POINT('',(-111.75,64.6,-5.));
#403=VERTEX_POINT('',#402);
#404=CARTESIAN_POINT('',(-113.35,63.,-5.));
#405=VERTEX_POINT('',#404);
#406=CARTESIAN_POINT('',(-111.75,63.,-5.));
#407=DIRECTION('',(0.,0.,-1.));
#408=DIRECTION('',(-1.,0.,0.));
#409=AXIS2_PLACEMENT_3D('',#406,#407,#408);
#410=CIRCLE('',#409,1.6);
#411=EDGE_CURVE('',#403,#405,#410,.T.);
#412=ORIENTED_EDGE('',*,*,#411,.F.);
#413=CARTESIAN_POINT('',(-111.75,63.,-5.));
#414=DIRECTION('',(0.,0.,-1.));
#415=DIRECTION('',(-1.,0.,0.));
#416=AXIS2_PLACEMENT_3D('',#413,#414,#415);
#417=CIRCLE('',#416,1.6);
#418=EDGE_CURVE('',#405,#403,#417,.T.);
#419=ORIENTED_EDGE('',*,*,#418,.F.);
#420=EDGE_LOOP('',(#412,#419));
#421=FACE_BOUND('',#420,.T.);
#422=CARTESIAN_POINT('',(-111.75,34.6,-5.));
#423=VERTEX_POINT('',#422);
#424=CARTESIAN_POINT('',(-113.35,33.,-5.));
#425=VERTEX_POINT('',#424);
#426=CARTESIAN_POINT('',(-111.75,33.,-5.));
#427=DIRECTION('',(0.,0.,-1.));
#428=DIRECTION('',(-1.,0.,0.));
#429=AXIS2_PLACEMENT_3D('',#426,#427,#428);
#430=CIRCLE('',#429,1.6);
#431=EDGE_CURVE('',#423,#425,#430,.T.);
#432=ORIENTED_EDGE('',*,*,#431,.F.);
#433=CARTESIAN_POINT('',(-111.75,33.,-5.));
#434=DIRECTION('',(0.,0.,-1.));
#435=DIRECTION('',(-1.,0.,0.));
#436=AXIS2_PLACEMENT_3D('',#433,#434,#435);
#437=CIRCLE('',#436,1.6);
#438=EDGE_CURVE('',#425,#423,#437,.T.);
#439=ORIENTED_EDGE('',*,*,#438,.F.);
#440=EDGE_LOOP('',(#432,#439));
#441=FACE_BOUND('',#440,.T.);
#442=CARTESIAN_POINT('',(-87.75,34.6,-5.));
#443=VERTEX_POINT('',#442);
#444=CARTESIAN_POINT('',(-89.35,33.,-5.));
#445=VERTEX_POINT('',#444);
#446=CARTESIAN_POINT('',(-87.75,33.,-5.));
#447=DIRECTION('',(0.,0.,-1.));
#448=DIRECTION('',(-1.,0.,0.));
#449=AXIS2_PLACEMENT_3D('',#446,#447,#448);
#450=CIRCLE('',#449,1.6);
#451=EDGE_CURVE('',#443,#445,#450,.T.);
#452=ORIENTED_EDGE('',*,*,#451,.F.);
#453=CARTESIAN_POINT('',(-87.75,33.,-5.));
#454=DIRECTION('',(0.,0.,-1.));
#455=DIRECTION('',(-1.,0.,0.));
#456=AXIS2_PLACEMENT_3D('',#453,#454,#455);
#457=CIRCLE('',#456,1.6);
#458=EDGE_CURVE('',#445,#443,#457,.T.);
#459=ORIENTED_EDGE('',*,*,#458,.F.);
#460=EDGE_LOOP('',(#452,#459));
#461=FACE_BOUND('',#460,.T.);
#462=CARTESIAN_POINT('',(59.547078361,33.722234231,-5.));
#463=VERTEX_POINT('',#462);
#464=CARTESIAN_POINT('',(57.947078361,32.122234231,-5.));
#465=VERTEX_POINT('',#464);
#466=CARTESIAN_POINT('',(59.547078361,32.122234231,-5.));
#467=DIRECTION('',(0.,0.,-1.));
#468=DIRECTION('',(-1.,0.,0.));
#469=AXIS2_PLACEMENT_3D('',#466,#467,#468);
#470=CIRCLE('',#469,1.6);
#471=EDGE_CURVE('',#463,#465,#470,.T.);
#472=ORIENTED_EDGE('',*,*,#471,.F.);
#473=CARTESIAN_POINT('',(59.547078361,32.122234231,-5.));
#474=DIRECTION('',(0.,0.,-1.));
#475=DIRECTION('',(-1.,0.,0.));
#476=AXIS2_PLACEMENT_3D('',#473,#474,#475);
#477=CIRCLE('',#476,1.6);
#478=EDGE_CURVE('',#465,#463,#477,.T.);
#479=ORIENTED_EDGE('',*,*,#478,.F.);
#480=EDGE_LOOP('',(#472,#479));
#481=FACE_BOUND('',#480,.T.);
#482=CARTESIAN_POINT('',(40.452925,-30.522234231,-5.));
#483=VERTEX_POINT('',#482);
#484=CARTESIAN_POINT('',(38.852925,-32.122234231,-5.));
#485=VERTEX_POINT('',#484);
#486=CARTESIAN_POINT('',(40.452925,-32.122234231,-5.));
#487=DIRECTION('',(0.,0.,-1.));
#488=DIRECTION('',(-1.,0.,0.));
#489=AXIS2_PLACEMENT_3D('',#486,#487,#488);
#490=CIRCLE('',#489,1.6);
#491=EDGE_CURVE('',#483,#485,#490,.T.);
#492=ORIENTED_EDGE('',*,*,#491,.F.);
#493=CARTESIAN_POINT('',(40.452925,-32.122234231,-5.));
#494=DIRECTION('',(0.,0.,-1.));
#495=DIRECTION('',(-1.,0.,0.));
#496=AXIS2_PLACEMENT_3D('',#493,#494,#495);
#497=CIRCLE('',#496,1.6);
#498=EDGE_CURVE('',#485,#483,#497,.T.);
#499=ORIENTED_EDGE('',*,*,#498,.F.);
#500=EDGE_LOOP('',(#492,#499));
#501=FACE_BOUND('',#500,.T.);
#502=CARTESIAN_POINT('',(98.452925,-30.522234231,-5.));
#503=VERTEX_POINT('',#502);
#504=CARTESIAN_POINT('',(96.852925,-32.122234231,-5.));
#505=VERTEX_POINT('',#504);
#506=CARTESIAN_POINT('',(98.452925,-32.122234231,-5.));
#507=DIRECTION('',(0.,0.,-1.));
#508=DIRECTION('',(-1.,0.,0.));
#509=AXIS2_PLACEMENT_3D('',#506,#507,#508);
#510=CIRCLE('',#509,1.6);
#511=EDGE_CURVE('',#503,#505,#510,.T.);
#512=ORIENTED_EDGE('',*,*,#511,.F.);
#513=CARTESIAN_POINT('',(98.452925,-32.122234231,-5.));
#514=DIRECTION('',(0.,0.,-1.));
#515=DIRECTION('',(-1.,0.,0.));
#516=AXIS2_PLACEMENT_3D('',#513,#514,#515);
#517=CIRCLE('',#516,1.6);
#518=EDGE_CURVE('',#505,#503,#517,.T.);
#519=ORIENTED_EDGE('',*,*,#518,.F.);
#520=EDGE_LOOP('',(#512,#519));
#521=FACE_BOUND('',#520,.T.);
#522=CARTESIAN_POINT('',(45.547078361,25.722234231,-5.));
#523=VERTEX_POINT('',#522);
#524=CARTESIAN_POINT('',(43.947078361,24.122234231,-5.));
#525=VERTEX_POINT('',#524);
#526=CARTESIAN_POINT('',(45.547078361,24.122234231,-5.));
#527=DIRECTION('',(0.,0.,-1.));
#528=DIRECTION('',(-1.,0.,0.));
#529=AXIS2_PLACEMENT_3D('',#526,#527,#528);
#530=CIRCLE('',#529,1.6);
#531=EDGE_CURVE('',#523,#525,#530,.T.);
#532=ORIENTED_EDGE('',*,*,#531,.F.);
#533=CARTESIAN_POINT('',(45.547078361,24.122234231,-5.));
#534=DIRECTION('',(0.,0.,-1.));
#535=DIRECTION('',(-1.,0.,0.));
#536=AXIS2_PLACEMENT_3D('',#533,#534,#535);
#537=CIRCLE('',#536,1.6);
#538=EDGE_CURVE('',#525,#523,#537,.T.);
#539=ORIENTED_EDGE('',*,*,#538,.F.);
#540=EDGE_LOOP('',(#532,#539));
#541=FACE_BOUND('',#540,.T.);
#542=CARTESIAN_POINT('',(54.452925,-22.522234231,-5.));
#543=VERTEX_POINT('',#542);
#544=CARTESIAN_POINT('',(52.852925,-24.122234231,-5.));
#545=VERTEX_POINT('',#544);
#546=CARTESIAN_POINT('',(54.452925,-24.122234231,-5.));
#547=DIRECTION('',(0.,0.,-1.));
#548=DIRECTION('',(-1.,0.,0.));
#549=AXIS2_PLACEMENT_3D('',#546,#547,#548);
#550=CIRCLE('',#549,1.6);
#551=EDGE_CURVE('',#543,#545,#550,.T.);
#552=ORIENTED_EDGE('',*,*,#551,.F.);
#553=CARTESIAN_POINT('',(54.452925,-24.122234231,-5.));
#554=DIRECTION('',(0.,0.,-1.));
#555=DIRECTION('',(-1.,0.,0.));
#556=AXIS2_PLACEMENT_3D('',#553,#554,#555);
#557=CIRCLE('',#556,1.6);
#558=EDGE_CURVE('',#545,#543,#557,.T.);
#559=ORIENTED_EDGE('',*,*,#558,.F.);
#560=EDGE_LOOP('',(#552,#559));
#561=FACE_BOUND('',#560,.T.);
#562=CARTESIAN_POINT('',(22.098291392,72.5,-5.));
#563=VERTEX_POINT('',#562);
#564=CARTESIAN_POINT('',(-121.600834389,72.5,-5.));
#565=VERTEX_POINT('',#564);
#566=CARTESIAN_POINT('',(22.098291392,72.5,-5.));
#567=DIRECTION('',(-1.,0.,0.));
#568=VECTOR('',#567,143.699125782);
#569=LINE('',#566,#568);
#570=EDGE_CURVE('',#563,#565,#569,.T.);
#571=ORIENTED_EDGE('',*,*,#570,.F.);
#572=CARTESIAN_POINT('',(25.098291392,69.5,-5.));
#573=VERTEX_POINT('',#572);
#574=CARTESIAN_POINT('',(22.098291392,69.5,-5.));
#575=DIRECTION('',(-0.,-0.,1.));
#576=DIRECTION('',(-1.,0.,0.));
#577=AXIS2_PLACEMENT_3D('',#574,#575,#576);
#578=CIRCLE('',#577,3.);
#579=EDGE_CURVE('',#573,#563,#578,.T.);
#580=ORIENTED_EDGE('',*,*,#579,.F.);
#581=CARTESIAN_POINT('',(25.098291392,45.53,-5.));
#582=VERTEX_POINT('',#581);
#583=CARTESIAN_POINT('',(25.098291392,45.53,-5.));
#584=DIRECTION('',(0.,1.,0.));
#585=VECTOR('',#584,23.97);
#586=LINE('',#583,#585);
#587=EDGE_CURVE('',#582,#573,#586,.T.);
#588=ORIENTED_EDGE('',*,*,#587,.F.);
#589=CARTESIAN_POINT('',(28.098291392,42.53,-5.));
#590=VERTEX_POINT('',#589);
#591=CARTESIAN_POINT('',(28.098291392,45.53,-5.));
#592=DIRECTION('',(0.,0.,-1.));
#593=DIRECTION('',(-1.,0.,0.));
#594=AXIS2_PLACEMENT_3D('',#591,#592,#593);
#595=CIRCLE('',#594,3.);
#596=EDGE_CURVE('',#590,#582,#595,.T.);
#597=ORIENTED_EDGE('',*,*,#596,.F.);
#598=CARTESIAN_POINT('',(72.098291392,42.53,-5.));
#599=VERTEX_POINT('',#598);
#600=CARTESIAN_POINT('',(72.098291392,42.53,-5.));
#601=DIRECTION('',(-1.,0.,-0.));
#602=VECTOR('',#601,44.);
#603=LINE('',#600,#602);
#604=EDGE_CURVE('',#599,#590,#603,.T.);
#605=ORIENTED_EDGE('',*,*,#604,.F.);
#606=CARTESIAN_POINT('',(75.098291392,45.53,-5.));
#607=VERTEX_POINT('',#606);
#608=CARTESIAN_POINT('',(72.098291392,45.53,-5.));
#609=DIRECTION('',(0.,0.,-1.));
#610=DIRECTION('',(-1.,0.,0.));
#611=AXIS2_PLACEMENT_3D('',#608,#609,#610);
#612=CIRCLE('',#611,3.);
#613=EDGE_CURVE('',#607,#599,#612,.T.);
#614=ORIENTED_EDGE('',*,*,#613,.F.);
#615=CARTESIAN_POINT('',(75.098291392,69.5,-5.));
#616=VERTEX_POINT('',#615);
#617=CARTESIAN_POINT('',(75.098291392,69.5,-5.));
#618=DIRECTION('',(0.,-1.,0.));
#619=VECTOR('',#618,23.97);
#620=LINE('',#617,#619);
#621=EDGE_CURVE('',#616,#607,#620,.T.);
#622=ORIENTED_EDGE('',*,*,#621,.F.);
#623=CARTESIAN_POINT('',(78.098291392,72.5,-5.));
#624=VERTEX_POINT('',#623);
#625=CARTESIAN_POINT('',(78.098291392,69.5,-5.));
#626=DIRECTION('',(-0.,-0.,1.));
#627=DIRECTION('',(-1.,0.,0.));
#628=AXIS2_PLACEMENT_3D('',#625,#626,#627);
#629=CIRCLE('',#628,3.);
#630=EDGE_CURVE('',#624,#616,#629,.T.);
#631=ORIENTED_EDGE('',*,*,#630,.F.);
#632=CARTESIAN_POINT('',(81.75,72.5,-5.));
#633=VERTEX_POINT('',#632);
#634=CARTESIAN_POINT('',(81.75,72.5,-5.));
#635=DIRECTION('',(-1.,0.,0.));
#636=VECTOR('',#635,3.651708608);
#637=LINE('',#634,#636);
#638=EDGE_CURVE('',#633,#624,#637,.T.);
#639=ORIENTED_EDGE('',*,*,#638,.F.);
#640=CARTESIAN_POINT('',(101.75,52.5,-5.));
#641=VERTEX_POINT('',#640);
#642=CARTESIAN_POINT('',(81.75,52.5,-5.));
#643=DIRECTION('',(-0.,-0.,1.));
#644=DIRECTION('',(-1.,0.,0.));
#645=AXIS2_PLACEMENT_3D('',#642,#643,#644);
#646=CIRCLE('',#645,20.);
#647=EDGE_CURVE('',#641,#633,#646,.T.);
#648=ORIENTED_EDGE('',*,*,#647,.F.);
#649=CARTESIAN_POINT('',(101.75,-52.5,-5.));
#650=VERTEX_POINT('',#649);
#651=CARTESIAN_POINT('',(101.75,-52.5,-5.));
#652=DIRECTION('',(0.,1.,0.));
#653=VECTOR('',#652,105.);
#654=LINE('',#651,#653);
#655=EDGE_CURVE('',#650,#641,#654,.T.);
#656=ORIENTED_EDGE('',*,*,#655,.F.);
#657=CARTESIAN_POINT('',(81.75,-72.5,-5.));
#658=VERTEX_POINT('',#657);
#659=CARTESIAN_POINT('',(81.75,-52.5,-5.));
#660=DIRECTION('',(-0.,-0.,1.));
#661=DIRECTION('',(-1.,0.,0.));
#662=AXIS2_PLACEMENT_3D('',#659,#660,#661);
#663=CIRCLE('',#662,20.);
#664=EDGE_CURVE('',#658,#650,#663,.T.);
#665=ORIENTED_EDGE('',*,*,#664,.F.);
#666=CARTESIAN_POINT('',(78.098291392,-72.5,-5.));
#667=VERTEX_POINT('',#666);
#668=CARTESIAN_POINT('',(78.098291392,-72.5,-5.));
#669=DIRECTION('',(1.,0.,-0.));
#670=VECTOR('',#669,3.651708608);
#671=LINE('',#668,#670);
#672=EDGE_CURVE('',#667,#658,#671,.T.);
#673=ORIENTED_EDGE('',*,*,#672,.F.);
#674=CARTESIAN_POINT('',(75.098291392,-69.5,-5.));
#675=VERTEX_POINT('',#674);
#676=CARTESIAN_POINT('',(78.098291392,-69.5,-5.));
#677=DIRECTION('',(-0.,-0.,1.));
#678=DIRECTION('',(-1.,0.,0.));
#679=AXIS2_PLACEMENT_3D('',#676,#677,#678);
#680=CIRCLE('',#679,3.);
#681=EDGE_CURVE('',#675,#667,#680,.T.);
#682=ORIENTED_EDGE('',*,*,#681,.F.);
#683=CARTESIAN_POINT('',(75.098291392,-45.53,-5.));
#684=VERTEX_POINT('',#683);
#685=CARTESIAN_POINT('',(75.098291392,-45.53,-5.));
#686=DIRECTION('',(0.,-1.,0.));
#687=VECTOR('',#686,23.97);
#688=LINE('',#685,#687);
#689=EDGE_CURVE('',#684,#675,#688,.T.);
#690=ORIENTED_EDGE('',*,*,#689,.F.);
#691=CARTESIAN_POINT('',(72.098291392,-42.53,-5.));
#692=VERTEX_POINT('',#691);
#693=CARTESIAN_POINT('',(72.098291392,-45.53,-5.));
#694=DIRECTION('',(0.,0.,-1.));
#695=DIRECTION('',(-1.,0.,0.));
#696=AXIS2_PLACEMENT_3D('',#693,#694,#695);
#697=CIRCLE('',#696,3.);
#698=EDGE_CURVE('',#692,#684,#697,.T.);
#699=ORIENTED_EDGE('',*,*,#698,.F.);
#700=CARTESIAN_POINT('',(28.098291392,-42.53,-5.));
#701=VERTEX_POINT('',#700);
#702=CARTESIAN_POINT('',(28.098291392,-42.53,-5.));
#703=DIRECTION('',(1.,-0.,-0.));
#704=VECTOR('',#703,44.);
#705=LINE('',#702,#704);
#706=EDGE_CURVE('',#701,#692,#705,.T.);
#707=ORIENTED_EDGE('',*,*,#706,.F.);
#708=CARTESIAN_POINT('',(25.098291392,-45.53,-5.));
#709=VERTEX_POINT('',#708);
#710=CARTESIAN_POINT('',(28.098291392,-45.53,-5.));
#711=DIRECTION('',(0.,0.,-1.));
#712=DIRECTION('',(-1.,0.,0.));
#713=AXIS2_PLACEMENT_3D('',#710,#711,#712);
#714=CIRCLE('',#713,3.);
#715=EDGE_CURVE('',#709,#701,#714,.T.);
#716=ORIENTED_EDGE('',*,*,#715,.F.);
#717=CARTESIAN_POINT('',(25.098291392,-69.5,-5.));
#718=VERTEX_POINT('',#717);
#719=CARTESIAN_POINT('',(25.098291392,-69.5,-5.));
#720=DIRECTION('',(0.,1.,0.));
#721=VECTOR('',#720,23.97);
#722=LINE('',#719,#721);
#723=EDGE_CURVE('',#718,#709,#722,.T.);
#724=ORIENTED_EDGE('',*,*,#723,.F.);
#725=CARTESIAN_POINT('',(22.098291392,-72.5,-5.));
#726=VERTEX_POINT('',#725);
#727=CARTESIAN_POINT('',(22.098291392,-69.5,-5.));
#728=DIRECTION('',(-0.,-0.,1.));
#729=DIRECTION('',(-1.,0.,0.));
#730=AXIS2_PLACEMENT_3D('',#727,#728,#729);
#731=CIRCLE('',#730,3.);
#732=EDGE_CURVE('',#726,#718,#731,.T.);
#733=ORIENTED_EDGE('',*,*,#732,.F.);
#734=CARTESIAN_POINT('',(-121.600834389,-72.5,-5.));
#735=VERTEX_POINT('',#734);
#736=CARTESIAN_POINT('',(-121.600834389,-72.5,-5.));
#737=DIRECTION('',(1.,0.,-0.));
#738=VECTOR('',#737,143.699125782);
#739=LINE('',#736,#738);
#740=EDGE_CURVE('',#735,#726,#739,.T.);
#741=ORIENTED_EDGE('',*,*,#740,.F.);
#742=CARTESIAN_POINT('',(-122.119835031,-72.493264824,-5.));
#743=VERTEX_POINT('',#742);
#744=CARTESIAN_POINT('',(-121.600834389,-52.5,-5.));
#745=DIRECTION('',(-0.,-0.,1.));
#746=DIRECTION('',(-1.,0.,0.));
#747=AXIS2_PLACEMENT_3D('',#744,#745,#746);
#748=CIRCLE('',#747,20.);
#749=EDGE_CURVE('',#743,#735,#748,.T.);
#750=ORIENTED_EDGE('',*,*,#749,.F.);
#751=CARTESIAN_POINT('',(-136.75,-53.227625158,-5.));
#752=VERTEX_POINT('',#751);
#753=CARTESIAN_POINT('',(-116.75,-53.227625158,-5.));
#754=DIRECTION('',(-0.,-0.,1.));
#755=DIRECTION('',(-1.,0.,0.));
#756=AXIS2_PLACEMENT_3D('',#753,#754,#755);
#757=CIRCLE('',#756,20.);
#758=EDGE_CURVE('',#752,#743,#757,.T.);
#759=ORIENTED_EDGE('',*,*,#758,.F.);
#760=CARTESIAN_POINT('',(-136.75,53.227625158,-5.));
#761=VERTEX_POINT('',#760);
#762=CARTESIAN_POINT('',(-136.75,53.227625158,-5.));
#763=DIRECTION('',(0.,-1.,0.));
#764=VECTOR('',#763,106.455250317);
#765=LINE('',#762,#764);
#766=EDGE_CURVE('',#761,#752,#765,.T.);
#767=ORIENTED_EDGE('',*,*,#766,.F.);
#768=CARTESIAN_POINT('',(-122.119835031,72.493264824,-5.));
#769=VERTEX_POINT('',#768);
#770=CARTESIAN_POINT('',(-116.75,53.227625158,-5.));
#771=DIRECTION('',(-0.,-0.,1.));
#772=DIRECTION('',(-1.,0.,0.));
#773=AXIS2_PLACEMENT_3D('',#770,#771,#772);
#774=CIRCLE('',#773,20.);
#775=EDGE_CURVE('',#769,#761,#774,.T.);
#776=ORIENTED_EDGE('',*,*,#775,.F.);
#777=CARTESIAN_POINT('',(-121.600834389,52.5,-5.));
#778=DIRECTION('',(-0.,-0.,1.));
#779=DIRECTION('',(-1.,0.,0.));
#780=AXIS2_PLACEMENT_3D('',#777,#778,#779);
#781=CIRCLE('',#780,20.);
#782=EDGE_CURVE('',#565,#769,#781,.T.);
#783=ORIENTED_EDGE('',*,*,#782,.F.);
#784=EDGE_LOOP('',(#571,#580,#588,#597,#605,#614,#622,#631,#639,#648,#656,#665,#673,#682,#690,#699,#707,#716,#724,#733,#741,#750,#759,#767,#776,#783));
#785=FACE_BOUND('',#784,.T.);
#786=CARTESIAN_POINT('',(-9.520233243,0.,-5.));
#787=VERTEX_POINT('',#786);
#788=CARTESIAN_POINT('',(-32.020233243,-0.,-5.));
#789=VERTEX_POINT('',#788);
#790=CARTESIAN_POINT('',(-20.770233243,-0.,-5.));
#791=DIRECTION('',(0.,0.,-1.));
#792=DIRECTION('',(-1.,0.,0.));
#793=AXIS2_PLACEMENT_3D('',#790,#791,#792);
#794=CIRCLE('',#793,11.25);
#795=EDGE_CURVE('',#787,#789,#794,.T.);
#796=ORIENTED_EDGE('',*,*,#795,.F.);
#797=CARTESIAN_POINT('',(-20.770233243,-0.,-5.));
#798=DIRECTION('',(0.,0.,-1.));
#799=DIRECTION('',(-1.,0.,0.));
#800=AXIS2_PLACEMENT_3D('',#797,#798,#799);
#801=CIRCLE('',#800,11.25);
#802=EDGE_CURVE('',#789,#787,#801,.T.);
#803=ORIENTED_EDGE('',*,*,#802,.F.);
#804=EDGE_LOOP('',(#796,#803));
#805=FACE_BOUND('',#804,.T.);
#806=CARTESIAN_POINT('',(0.829766757,0.,-5.));
#807=VERTEX_POINT('',#806);
#808=CARTESIAN_POINT('',(-2.370233243,-0.,-5.));
#809=VERTEX_POINT('',#808);
#810=CARTESIAN_POINT('',(-0.770233243,0.,-5.));
#811=DIRECTION('',(0.,0.,-1.));
#812=DIRECTION('',(-1.,0.,0.));
#813=AXIS2_PLACEMENT_3D('',#810,#811,#812);
#814=CIRCLE('',#813,1.6);
#815=EDGE_CURVE('',#807,#809,#814,.T.);
#816=ORIENTED_EDGE('',*,*,#815,.F.);
#817=CARTESIAN_POINT('',(-0.770233243,0.,-5.));
#818=DIRECTION('',(0.,0.,-1.));
#819=DIRECTION('',(-1.,0.,0.));
#820=AXIS2_PLACEMENT_3D('',#817,#818,#819);
#821=CIRCLE('',#820,1.6);
#822=EDGE_CURVE('',#809,#807,#821,.T.);
#823=ORIENTED_EDGE('',*,*,#822,.F.);
#824=EDGE_LOOP('',(#816,#823));
#825=FACE_BOUND('',#824,.T.);
#826=CARTESIAN_POINT('',(-29.170233243,-17.320508076,-5.));
#827=VERTEX_POINT('',#826);
#828=CARTESIAN_POINT('',(-32.370233243,-17.320508076,-5.));
#829=VERTEX_POINT('',#828);
#830=CARTESIAN_POINT('',(-30.770233243,-17.320508076,-5.));
#831=DIRECTION('',(0.,0.,-1.));
#832=DIRECTION('',(-1.,0.,0.));
#833=AXIS2_PLACEMENT_3D('',#830,#831,#832);
#834=CIRCLE('',#833,1.6);
#835=EDGE_CURVE('',#827,#829,#834,.T.);
#836=ORIENTED_EDGE('',*,*,#835,.F.);
#837=CARTESIAN_POINT('',(-30.770233243,-17.320508076,-5.));
#838=DIRECTION('',(0.,0.,-1.));
#839=DIRECTION('',(-1.,0.,0.));
#840=AXIS2_PLACEMENT_3D('',#837,#838,#839);
#841=CIRCLE('',#840,1.6);
#842=EDGE_CURVE('',#829,#827,#841,.T.);
#843=ORIENTED_EDGE('',*,*,#842,.F.);
#844=EDGE_LOOP('',(#836,#843));
#845=FACE_BOUND('',#844,.T.);
#846=CARTESIAN_POINT('',(-29.170233243,17.320508076,-5.));
#847=VERTEX_POINT('',#846);
#848=CARTESIAN_POINT('',(-32.370233243,17.320508076,-5.));
#849=VERTEX_POINT('',#848);
#850=CARTESIAN_POINT('',(-30.770233243,17.320508076,-5.));
#851=DIRECTION('',(0.,0.,-1.));
#852=DIRECTION('',(-1.,0.,0.));
#853=AXIS2_PLACEMENT_3D('',#850,#851,#852);
#854=CIRCLE('',#853,1.6);
#855=EDGE_CURVE('',#847,#849,#854,.T.);
#856=ORIENTED_EDGE('',*,*,#855,.F.);
#857=CARTESIAN_POINT('',(-30.770233243,17.320508076,-5.));
#858=DIRECTION('',(0.,0.,-1.));
#859=DIRECTION('',(-1.,0.,0.));
#860=AXIS2_PLACEMENT_3D('',#857,#858,#859);
#861=CIRCLE('',#860,1.6);
#862=EDGE_CURVE('',#849,#847,#861,.T.);
#863=ORIENTED_EDGE('',*,*,#862,.F.);
#864=EDGE_LOOP('',(#856,#863));
#865=FACE_BOUND('',#864,.T.);
#866=CARTESIAN_POINT('',(-122.924815761,14.999963905,-5.));
#867=VERTEX_POINT('',#866);
#868=CARTESIAN_POINT('',(-121.324815761,14.999963905,-5.));
#869=DIRECTION('',(0.,0.,-1.));
#870=DIRECTION('',(-1.,0.,0.));
#871=AXIS2_PLACEMENT_3D('',#868,#869,#870);
#872=CIRCLE('',#871,1.6);
#873=EDGE_CURVE('',#867,#867,#872,.T.);
#874=ORIENTED_EDGE('',*,*,#873,.F.);
#875=EDGE_LOOP('',(#874));
#876=FACE_BOUND('',#875,.T.);
#877=CARTESIAN_POINT('',(-122.924815761,-5.000036095,-5.));
#878=VERTEX_POINT('',#877);
#879=CARTESIAN_POINT('',(-121.324815761,-5.000036095,-5.));
#880=DIRECTION('',(0.,0.,-1.));
#881=DIRECTION('',(-1.,0.,0.));
#882=AXIS2_PLACEMENT_3D('',#879,#880,#881);
#883=CIRCLE('',#882,1.6);
#884=EDGE_CURVE('',#878,#878,#883,.T.);
#885=ORIENTED_EDGE('',*,*,#884,.F.);
#886=EDGE_LOOP('',(#885));
#887=FACE_BOUND('',#886,.T.);
#888=CARTESIAN_POINT('',(-122.924815761,-15.000036095,-5.));
#889=VERTEX_POINT('',#888);
#890=CARTESIAN_POINT('',(-121.324815761,-15.000036095,-5.));
#891=DIRECTION('',(0.,0.,-1.));
#892=DIRECTION('',(-1.,0.,0.));
#893=AXIS2_PLACEMENT_3D('',#890,#891,#892);
#894=CIRCLE('',#893,1.6);
#895=EDGE_CURVE('',#889,#889,#894,.T.);
#896=ORIENTED_EDGE('',*,*,#895,.F.);
#897=EDGE_LOOP('',(#896));
#898=FACE_BOUND('',#897,.T.);
#899=CARTESIAN_POINT('',(-122.924815761,4.999963905,-5.));
#900=VERTEX_POINT('',#899);
#901=CARTESIAN_POINT('',(-121.324815761,4.999963905,-5.));
#902=DIRECTION('',(0.,0.,-1.));
#903=DIRECTION('',(-1.,0.,0.));
#904=AXIS2_PLACEMENT_3D('',#901,#902,#903);
#905=CIRCLE('',#904,1.6);
#906=EDGE_CURVE('',#900,#900,#905,.T.);
#907=ORIENTED_EDGE('',*,*,#906,.F.);
#908=EDGE_LOOP('',(#907));
#909=FACE_BOUND('',#908,.T.);
#910=CARTESIAN_POINT('',(-19.685534246,-69.5,-5.));
#911=VERTEX_POINT('',#910);
#912=CARTESIAN_POINT('',(-22.885534246,-69.5,-5.));
#913=VERTEX_POINT('',#912);
#914=CARTESIAN_POINT('',(-21.285534246,-69.5,-5.));
#915=DIRECTION('',(0.,0.,-1.));
#916=DIRECTION('',(-1.,0.,0.));
#917=AXIS2_PLACEMENT_3D('',#914,#915,#916);
#918=CIRCLE('',#917,1.6);
#919=EDGE_CURVE('',#911,#913,#918,.T.);
#920=ORIENTED_EDGE('',*,*,#919,.F.);
#921=CARTESIAN_POINT('',(-21.285534246,-69.5,-5.));
#922=DIRECTION('',(0.,0.,-1.));
#923=DIRECTION('',(-1.,0.,0.));
#924=AXIS2_PLACEMENT_3D('',#921,#922,#923);
#925=CIRCLE('',#924,1.6);
#926=EDGE_CURVE('',#913,#911,#925,.T.);
#927=ORIENTED_EDGE('',*,*,#926,.F.);
#928=EDGE_LOOP('',(#920,#927));
#929=FACE_BOUND('',#928,.T.);
#930=CARTESIAN_POINT('',(-59.685534246,-69.5,-5.));
#931=VERTEX_POINT('',#930);
#932=CARTESIAN_POINT('',(-62.885534246,-69.5,-5.));
#933=VERTEX_POINT('',#932);
#934=CARTESIAN_POINT('',(-61.285534246,-69.5,-5.));
#935=DIRECTION('',(0.,0.,-1.));
#936=DIRECTION('',(-1.,0.,0.));
#937=AXIS2_PLACEMENT_3D('',#934,#935,#936);
#938=CIRCLE('',#937,1.6);
#939=EDGE_CURVE('',#931,#933,#938,.T.);
#940=ORIENTED_EDGE('',*,*,#939,.F.);
#941=CARTESIAN_POINT('',(-61.285534246,-69.5,-5.));
#942=DIRECTION('',(0.,0.,-1.));
#943=DIRECTION('',(-1.,0.,0.));
#944=AXIS2_PLACEMENT_3D('',#941,#942,#943);
#945=CIRCLE('',#944,1.6);
#946=EDGE_CURVE('',#933,#931,#945,.T.);
#947=ORIENTED_EDGE('',*,*,#946,.F.);
#948=EDGE_LOOP('',(#940,#947));
#949=FACE_BOUND('',#948,.T.);
#950=CARTESIAN_POINT('',(0.314465754,-69.5,-5.));
#951=VERTEX_POINT('',#950);
#952=CARTESIAN_POINT('',(-2.885534246,-69.5,-5.));
#953=VERTEX_POINT('',#952);
#954=CARTESIAN_POINT('',(-1.285534246,-69.5,-5.));
#955=DIRECTION('',(0.,0.,-1.));
#956=DIRECTION('',(-1.,0.,0.));
#957=AXIS2_PLACEMENT_3D('',#954,#955,#956);
#958=CIRCLE('',#957,1.6);
#959=EDGE_CURVE('',#951,#953,#958,.T.);
#960=ORIENTED_EDGE('',*,*,#959,.F.);
#961=CARTESIAN_POINT('',(-1.285534246,-69.5,-5.));
#962=DIRECTION('',(0.,0.,-1.));
#963=DIRECTION('',(-1.,0.,0.));
#964=AXIS2_PLACEMENT_3D('',#961,#962,#963);
#965=CIRCLE('',#964,1.6);
#966=EDGE_CURVE('',#953,#951,#965,.T.);
#967=ORIENTED_EDGE('',*,*,#966,.F.);
#968=EDGE_LOOP('',(#960,#967));
#969=FACE_BOUND('',#968,.T.);
#970=CARTESIAN_POINT('',(-39.685534246,-69.5,-5.));
#971=VERTEX_POINT('',#970);
#972=CARTESIAN_POINT('',(-42.885534246,-69.5,-5.));
#973=VERTEX_POINT('',#972);
#974=CARTESIAN_POINT('',(-41.285534246,-69.5,-5.));
#975=DIRECTION('',(0.,0.,-1.));
#976=DIRECTION('',(-1.,0.,0.));
#977=AXIS2_PLACEMENT_3D('',#974,#975,#976);
#978=CIRCLE('',#977,1.6);
#979=EDGE_CURVE('',#971,#973,#978,.T.);
#980=ORIENTED_EDGE('',*,*,#979,.F.);
#981=CARTESIAN_POINT('',(-41.285534246,-69.5,-5.));
#982=DIRECTION('',(0.,0.,-1.));
#983=DIRECTION('',(-1.,0.,0.));
#984=AXIS2_PLACEMENT_3D('',#981,#982,#983);
#985=CIRCLE('',#984,1.6);
#986=EDGE_CURVE('',#973,#971,#985,.T.);
#987=ORIENTED_EDGE('',*,*,#986,.F.);
#988=EDGE_LOOP('',(#980,#987));
#989=FACE_BOUND('',#988,.T.);
#990=CARTESIAN_POINT('',(-79.685534246,-69.5,-5.));
#991=VERTEX_POINT('',#990);
#992=CARTESIAN_POINT('',(-82.885534246,-69.5,-5.));
#993=VERTEX_POINT('',#992);
#994=CARTESIAN_POINT('',(-81.285534246,-69.5,-5.));
#995=DIRECTION('',(0.,0.,-1.));
#996=DIRECTION('',(-1.,0.,0.));
#997=AXIS2_PLACEMENT_3D('',#994,#995,#996);
#998=CIRCLE('',#997,1.6);
#999=EDGE_CURVE('',#991,#993,#998,.T.);
#1000=ORIENTED_EDGE('',*,*,#999,.F.);
#1001=CARTESIAN_POINT('',(-81.285534246,-69.5,-5.));
#1002=DIRECTION('',(0.,0.,-1.));
#1003=DIRECTION('',(-1.,0.,0.));
#1004=AXIS2_PLACEMENT_3D('',#1001,#1002,#1003);
#1005=CIRCLE('',#1004,1.6);
#1006=EDGE_CURVE('',#993,#991,#1005,.T.);
#1007=ORIENTED_EDGE('',*,*,#1006,.F.);
#1008=EDGE_LOOP('',(#1000,#1007));
#1009=FACE_BOUND('',#1008,.T.);
#1010=CARTESIAN_POINT('',(-99.685534246,-69.5,-5.));
#1011=VERTEX_POINT('',#1010);
#1012=CARTESIAN_POINT('',(-102.885534246,-69.5,-5.));
#1013=VERTEX_POINT('',#1012);
#1014=CARTESIAN_POINT('',(-101.285534246,-69.5,-5.));
#1015=DIRECTION('',(0.,0.,-1.));
#1016=DIRECTION('',(-1.,0.,0.));
#1017=AXIS2_PLACEMENT_3D('',#1014,#1015,#1016);
#1018=CIRCLE('',#1017,1.6);
#1019=EDGE_CURVE('',#1011,#1013,#1018,.T.);
#1020=ORIENTED_EDGE('',*,*,#1019,.F.);
#1021=CARTESIAN_POINT('',(-101.285534246,-69.5,-5.));
#1022=DIRECTION('',(0.,0.,-1.));
#1023=DIRECTION('',(-1.,0.,0.));
#1024=AXIS2_PLACEMENT_3D('',#1021,#1022,#1023);
#1025=CIRCLE('',#1024,1.6);
#1026=EDGE_CURVE('',#1013,#1011,#1025,.T.);
#1027=ORIENTED_EDGE('',*,*,#1026,.F.);
#1028=EDGE_LOOP('',(#1020,#1027));
#1029=FACE_BOUND('',#1028,.T.);
#1030=CARTESIAN_POINT('',(-82.885534246,69.5,-5.));
#1031=VERTEX_POINT('',#1030);
#1032=CARTESIAN_POINT('',(-79.685534246,69.5,-5.));
#1033=VERTEX_POINT('',#1032);
#1034=CARTESIAN_POINT('',(-81.285534246,69.5,-5.));
#1035=DIRECTION('',(0.,0.,1.));
#1036=DIRECTION('',(-1.,0.,0.));
#1037=AXIS2_PLACEMENT_3D('',#1034,#1035,#1036);
#1038=CIRCLE('',#1037,1.6);
#1039=EDGE_CURVE('',#1031,#1033,#1038,.T.);
#1040=ORIENTED_EDGE('',*,*,#1039,.T.);
#1041=CARTESIAN_POINT('',(-81.285534246,69.5,-5.));
#1042=DIRECTION('',(0.,0.,1.));
#1043=DIRECTION('',(-1.,0.,0.));
#1044=AXIS2_PLACEMENT_3D('',#1041,#1042,#1043);
#1045=CIRCLE('',#1044,1.6);
#1046=EDGE_CURVE('',#1033,#1031,#1045,.T.);
#1047=ORIENTED_EDGE('',*,*,#1046,.T.);
#1048=EDGE_LOOP('',(#1040,#1047));
#1049=FACE_BOUND('',#1048,.T.);
#1050=CARTESIAN_POINT('',(-102.885534246,69.5,-5.));
#1051=VERTEX_POINT('',#1050);
#1052=CARTESIAN_POINT('',(-99.685534246,69.5,-5.));
#1053=VERTEX_POINT('',#1052);
#1054=CARTESIAN_POINT('',(-101.285534246,69.5,-5.));
#1055=DIRECTION('',(0.,0.,1.));
#1056=DIRECTION('',(-1.,0.,0.));
#1057=AXIS2_PLACEMENT_3D('',#1054,#1055,#1056);
#1058=CIRCLE('',#1057,1.6);
#1059=EDGE_CURVE('',#1051,#1053,#1058,.T.);
#1060=ORIENTED_EDGE('',*,*,#1059,.T.);
#1061=CARTESIAN_POINT('',(-101.285534246,69.5,-5.));
#1062=DIRECTION('',(0.,0.,1.));
#1063=DIRECTION('',(-1.,0.,0.));
#1064=AXIS2_PLACEMENT_3D('',#1061,#1062,#1063);
#1065=CIRCLE('',#1064,1.6);
#1066=EDGE_CURVE('',#1053,#1051,#1065,.T.);
#1067=ORIENTED_EDGE('',*,*,#1066,.T.);
#1068=EDGE_LOOP('',(#1060,#1067));
#1069=FACE_BOUND('',#1068,.T.);
#1070=CARTESIAN_POINT('',(54.452925,-12.5,-5.));
#1071=VERTEX_POINT('',#1070);
#1072=CARTESIAN_POINT('',(45.547078361,-12.5,-5.));
#1073=VERTEX_POINT('',#1072);
#1074=CARTESIAN_POINT('',(54.452925,-12.5,-5.));
#1075=DIRECTION('',(-1.,-0.,0.));
#1076=VECTOR('',#1075,8.905846639);
#1077=LINE('',#1074,#1076);
#1078=EDGE_CURVE('',#1071,#1073,#1077,.T.);
#1079=ORIENTED_EDGE('',*,*,#1078,.F.);
#1080=CARTESIAN_POINT('',(54.452925,12.5,-5.));
#1081=VERTEX_POINT('',#1080);
#1082=CARTESIAN_POINT('',(54.452925,12.5,-5.));
#1083=DIRECTION('',(0.,-1.,0.));
#1084=VECTOR('',#1083,25.);
#1085=LINE('',#1082,#1084);
#1086=EDGE_CURVE('',#1081,#1071,#1085,.T.);
#1087=ORIENTED_EDGE('',*,*,#1086,.F.);
#1088=CARTESIAN_POINT('',(45.547078361,12.5,-5.));
#1089=VERTEX_POINT('',#1088);
#1090=CARTESIAN_POINT('',(45.547078361,12.5,-5.));
#1091=DIRECTION('',(1.,0.,0.));
#1092=VECTOR('',#1091,8.905846639);
#1093=LINE('',#1090,#1092);
#1094=EDGE_CURVE('',#1089,#1081,#1093,.T.);
#1095=ORIENTED_EDGE('',*,*,#1094,.F.);
#1096=CARTESIAN_POINT('',(45.547078361,-12.5,-5.));
#1097=DIRECTION('',(0.,1.,0.));
#1098=VECTOR('',#1097,25.);
#1099=LINE('',#1096,#1098);
#1100=EDGE_CURVE('',#1073,#1089,#1099,.T.);
#1101=ORIENTED_EDGE('',*,*,#1100,.F.);
#1102=EDGE_LOOP('',(#1079,#1087,#1095,#1101));
#1103=FACE_BOUND('',#1102,.T.);
#1104=CARTESIAN_POINT('',(2.030199302,30.596916508,-5.));
#1105=VERTEX_POINT('',#1104);
#1106=CARTESIAN_POINT('',(-0.052921639,32.122234231,-5.));
#1107=VERTEX_POINT('',#1106);
#1108=CARTESIAN_POINT('',(1.547078361,32.122234231,-5.));
#1109=DIRECTION('',(0.,0.,-1.));
#1110=DIRECTION('',(-1.,0.,0.));
#1111=AXIS2_PLACEMENT_3D('',#1108,#1109,#1110);
#1112=CIRCLE('',#1111,1.6);
#1113=EDGE_CURVE('',#1105,#1107,#1112,.T.);
#1114=ORIENTED_EDGE('',*,*,#1113,.F.);
#1115=CARTESIAN_POINT('',(1.547078361,32.122234231,-5.));
#1116=DIRECTION('',(0.,0.,-1.));
#1117=DIRECTION('',(-1.,0.,0.));
#1118=AXIS2_PLACEMENT_3D('',#1115,#1116,#1117);
#1119=CIRCLE('',#1118,1.6);
#1120=EDGE_CURVE('',#1107,#1105,#1119,.T.);
#1121=ORIENTED_EDGE('',*,*,#1120,.F.);
#1122=EDGE_LOOP('',(#1114,#1121));
#1123=FACE_BOUND('',#1122,.T.);
#1124=CARTESIAN_POINT('',(85.873053551,-23.385189531,-5.));
#1125=VERTEX_POINT('',#1124);
#1126=CARTESIAN_POINT('',(82.852925027,-24.122234233,-5.));
#1127=VERTEX_POINT('',#1126);
#1128=CARTESIAN_POINT('',(84.452925013,-24.122234233,-5.));
#1129=DIRECTION('',(0.,0.,-1.));
#1130=DIRECTION('',(-1.,0.,0.));
#1131=AXIS2_PLACEMENT_3D('',#1128,#1129,#1130);
#1132=CIRCLE('',#1131,1.599999986);
#1133=EDGE_CURVE('',#1125,#1127,#1132,.T.);
#1134=ORIENTED_EDGE('',*,*,#1133,.F.);
#1135=CARTESIAN_POINT('',(84.452925013,-24.122234233,-5.));
#1136=DIRECTION('',(0.,0.,-1.));
#1137=DIRECTION('',(-1.,0.,0.));
#1138=AXIS2_PLACEMENT_3D('',#1135,#1136,#1137);
#1139=CIRCLE('',#1138,1.599999986);
#1140=EDGE_CURVE('',#1127,#1125,#1139,.T.);
#1141=ORIENTED_EDGE('',*,*,#1140,.F.);
#1142=EDGE_LOOP('',(#1134,#1141));
#1143=FACE_BOUND('',#1142,.T.);
#1144=CARTESIAN_POINT('',(-132.15,53.227625158,-5.));
#1145=VERTEX_POINT('',#1144);
#1146=CARTESIAN_POINT('',(-135.35,53.227625158,-5.));
#1147=VERTEX_POINT('',#1146);
#1148=CARTESIAN_POINT('',(-133.75,53.227625158,-5.));
#1149=DIRECTION('',(0.,0.,-1.));
#1150=DIRECTION('',(-1.,0.,0.));
#1151=AXIS2_PLACEMENT_3D('',#1148,#1149,#1150);
#1152=CIRCLE('',#1151,1.6);
#1153=EDGE_CURVE('',#1145,#1147,#1152,.T.);
#1154=ORIENTED_EDGE('',*,*,#1153,.F.);
#1155=CARTESIAN_POINT('',(-133.75,53.227625158,-5.));
#1156=DIRECTION('',(0.,0.,-1.));
#1157=DIRECTION('',(-1.,0.,0.));
#1158=AXIS2_PLACEMENT_3D('',#1155,#1156,#1157);
#1159=CIRCLE('',#1158,1.6);
#1160=EDGE_CURVE('',#1147,#1145,#1159,.T.);
#1161=ORIENTED_EDGE('',*,*,#1160,.F.);
#1162=EDGE_LOOP('',(#1154,#1161));
#1163=FACE_BOUND('',#1162,.T.);
#1164=CARTESIAN_POINT('',(-132.15,33.227625158,-5.));
#1165=VERTEX_POINT('',#1164);
#1166=CARTESIAN_POINT('',(-135.35,33.227625158,-5.));
#1167=VERTEX_POINT('',#1166);
#1168=CARTESIAN_POINT('',(-133.75,33.227625158,-5.));
#1169=DIRECTION('',(0.,0.,-1.));
#1170=DIRECTION('',(-1.,0.,0.));
#1171=AXIS2_PLACEMENT_3D('',#1168,#1169,#1170);
#1172=CIRCLE('',#1171,1.6);
#1173=EDGE_CURVE('',#1165,#1167,#1172,.T.);
#1174=ORIENTED_EDGE('',*,*,#1173,.F.);
#1175=CARTESIAN_POINT('',(-133.75,33.227625158,-5.));
#1176=DIRECTION('',(0.,0.,-1.));
#1177=DIRECTION('',(-1.,0.,0.));
#1178=AXIS2_PLACEMENT_3D('',#1175,#1176,#1177);
#1179=CIRCLE('',#1178,1.6);
#1180=EDGE_CURVE('',#1167,#1165,#1179,.T.);
#1181=ORIENTED_EDGE('',*,*,#1180,.F.);
#1182=EDGE_LOOP('',(#1174,#1181));
#1183=FACE_BOUND('',#1182,.T.);
#1184=CARTESIAN_POINT('',(-132.15,13.227625158,-5.));
#1185=VERTEX_POINT('',#1184);
#1186=CARTESIAN_POINT('',(-135.35,13.227625158,-5.));
#1187=VERTEX_POINT('',#1186);
#1188=CARTESIAN_POINT('',(-133.75,13.227625158,-5.));
#1189=DIRECTION('',(0.,0.,-1.));
#1190=DIRECTION('',(-1.,0.,0.));
#1191=AXIS2_PLACEMENT_3D('',#1188,#1189,#1190);
#1192=CIRCLE('',#1191,1.6);
#1193=EDGE_CURVE('',#1185,#1187,#1192,.T.);
#1194=ORIENTED_EDGE('',*,*,#1193,.F.);
#1195=CARTESIAN_POINT('',(-133.75,13.227625158,-5.));
#1196=DIRECTION('',(0.,0.,-1.));
#1197=DIRECTION('',(-1.,0.,0.));
#1198=AXIS2_PLACEMENT_3D('',#1195,#1196,#1197);
#1199=CIRCLE('',#1198,1.6);
#1200=EDGE_CURVE('',#1187,#1185,#1199,.T.);
#1201=ORIENTED_EDGE('',*,*,#1200,.F.);
#1202=EDGE_LOOP('',(#1194,#1201));
#1203=FACE_BOUND('',#1202,.T.);
#1204=CARTESIAN_POINT('',(-132.15,-46.772374842,-5.));
#1205=VERTEX_POINT('',#1204);
#1206=CARTESIAN_POINT('',(-135.35,-46.772374842,-5.));
#1207=VERTEX_POINT('',#1206);
#1208=CARTESIAN_POINT('',(-133.75,-46.772374842,-5.));
#1209=DIRECTION('',(0.,0.,-1.));
#1210=DIRECTION('',(-1.,0.,0.));
#1211=AXIS2_PLACEMENT_3D('',#1208,#1209,#1210);
#1212=CIRCLE('',#1211,1.6);
#1213=EDGE_CURVE('',#1205,#1207,#1212,.T.);
#1214=ORIENTED_EDGE('',*,*,#1213,.F.);
#1215=CARTESIAN_POINT('',(-133.75,-46.772374842,-5.));
#1216=DIRECTION('',(0.,0.,-1.));
#1217=DIRECTION('',(-1.,0.,0.));
#1218=AXIS2_PLACEMENT_3D('',#1215,#1216,#1217);
#1219=CIRCLE('',#1218,1.6);
#1220=EDGE_CURVE('',#1207,#1205,#1219,.T.);
#1221=ORIENTED_EDGE('',*,*,#1220,.F.);
#1222=EDGE_LOOP('',(#1214,#1221));
#1223=FACE_BOUND('',#1222,.T.);
#1224=CARTESIAN_POINT('',(-132.15,-6.772374842,-5.));
#1225=VERTEX_POINT('',#1224);
#1226=CARTESIAN_POINT('',(-135.35,-6.772374842,-5.));
#1227=VERTEX_POINT('',#1226);
#1228=CARTESIAN_POINT('',(-133.75,-6.772374842,-5.));
#1229=DIRECTION('',(0.,0.,-1.));
#1230=DIRECTION('',(-1.,0.,0.));
#1231=AXIS2_PLACEMENT_3D('',#1228,#1229,#1230);
#1232=CIRCLE('',#1231,1.6);
#1233=EDGE_CURVE('',#1225,#1227,#1232,.T.);
#1234=ORIENTED_EDGE('',*,*,#1233,.F.);
#1235=CARTESIAN_POINT('',(-133.75,-6.772374842,-5.));
#1236=DIRECTION('',(0.,0.,-1.));
#1237=DIRECTION('',(-1.,0.,0.));
#1238=AXIS2_PLACEMENT_3D('',#1235,#1236,#1237);
#1239=CIRCLE('',#1238,1.6);
#1240=EDGE_CURVE('',#1227,#1225,#1239,.T.);
#1241=ORIENTED_EDGE('',*,*,#1240,.F.);
#1242=EDGE_LOOP('',(#1234,#1241));
#1243=FACE_BOUND('',#1242,.T.);
#1244=CARTESIAN_POINT('',(-132.15,-26.772374842,-5.));
#1245=VERTEX_POINT('',#1244);
#1246=CARTESIAN_POINT('',(-135.35,-26.772374842,-5.));
#1247=VERTEX_POINT('',#1246);
#1248=CARTESIAN_POINT('',(-133.75,-26.772374842,-5.));
#1249=DIRECTION('',(0.,0.,-1.));
#1250=DIRECTION('',(-1.,0.,0.));
#1251=AXIS2_PLACEMENT_3D('',#1248,#1249,#1250);
#1252=CIRCLE('',#1251,1.6);
#1253=EDGE_CURVE('',#1245,#1247,#1252,.T.);
#1254=ORIENTED_EDGE('',*,*,#1253,.F.);
#1255=CARTESIAN_POINT('',(-133.75,-26.772374842,-5.));
#1256=DIRECTION('',(0.,0.,-1.));
#1257=DIRECTION('',(-1.,0.,0.));
#1258=AXIS2_PLACEMENT_3D('',#1255,#1256,#1257);
#1259=CIRCLE('',#1258,1.6);
#1260=EDGE_CURVE('',#1247,#1245,#1259,.T.);
#1261=ORIENTED_EDGE('',*,*,#1260,.F.);
#1262=EDGE_LOOP('',(#1254,#1261));
#1263=FACE_BOUND('',#1262,.T.);
#1264=CARTESIAN_POINT('',(-66.753720641,20.615785778,-5.));
#1265=VERTEX_POINT('',#1264);
#1266=CARTESIAN_POINT('',(-66.753720641,-20.615785778,-5.));
#1267=VERTEX_POINT('',#1266);
#1268=CARTESIAN_POINT('',(-66.753720641,20.615785778,-5.));
#1269=DIRECTION('',(0.,-1.,0.));
#1270=VECTOR('',#1269,41.231571555);
#1271=LINE('',#1268,#1270);
#1272=EDGE_CURVE('',#1265,#1267,#1271,.T.);
#1273=ORIENTED_EDGE('',*,*,#1272,.F.);
#1274=CARTESIAN_POINT('',(-8.064540033,54.5,-5.));
#1275=VERTEX_POINT('',#1274);
#1276=CARTESIAN_POINT('',(-66.753720641,20.615785778,-5.));
#1277=DIRECTION('',(0.866025404,0.5,0.));
#1278=VECTOR('',#1277,67.768428445);
#1279=LINE('',#1276,#1278);
#1280=EDGE_CURVE('',#1265,#1275,#1279,.T.);
#1281=ORIENTED_EDGE('',*,*,#1280,.T.);
#1282=CARTESIAN_POINT('',(11.098291392,54.5,-5.));
#1283=VERTEX_POINT('',#1282);
#1284=CARTESIAN_POINT('',(-8.064540033,54.5,-5.));
#1285=DIRECTION('',(1.,0.,-0.));
#1286=VECTOR('',#1285,19.162831426);
#1287=LINE('',#1284,#1286);
#1288=EDGE_CURVE('',#1275,#1283,#1287,.T.);
#1289=ORIENTED_EDGE('',*,*,#1288,.T.);
#1290=CARTESIAN_POINT('',(11.098291392,54.5,-5.));
#1291=DIRECTION('',(0.,1.,0.));
#1292=VECTOR('',#1291,12.);
#1293=LINE('',#1290,#1292);
#1294=EDGE_CURVE('',#1283,#131,#1293,.T.);
#1295=ORIENTED_EDGE('',*,*,#1294,.T.);
#1296=ORIENTED_EDGE('',*,*,#138,.T.);
#1297=ORIENTED_EDGE('',*,*,#228,.T.);
#1298=CARTESIAN_POINT('',(-1.285534246,69.5,-5.));
#1299=DIRECTION('',(-0.,-0.,1.));
#1300=DIRECTION('',(-1.,0.,0.));
#1301=AXIS2_PLACEMENT_3D('',#1298,#1299,#1300);
#1302=CIRCLE('',#1301,1.6);
#1303=EDGE_CURVE('',#216,#208,#1302,.T.);
#1304=ORIENTED_EDGE('',*,*,#1303,.T.);
#1305=ORIENTED_EDGE('',*,*,#213,.T.);
#1306=CARTESIAN_POINT('',(-21.285534246,69.5,-5.));
#1307=DIRECTION('',(-0.,-0.,1.));
#1308=DIRECTION('',(-1.,0.,0.));
#1309=AXIS2_PLACEMENT_3D('',#1306,#1307,#1308);
#1310=CIRCLE('',#1309,1.6);
#1311=EDGE_CURVE('',#199,#191,#1310,.T.);
#1312=ORIENTED_EDGE('',*,*,#1311,.T.);
#1313=ORIENTED_EDGE('',*,*,#196,.T.);
#1314=CARTESIAN_POINT('',(-41.285534246,69.5,-5.));
#1315=DIRECTION('',(-0.,-0.,1.));
#1316=DIRECTION('',(-1.,0.,0.));
#1317=AXIS2_PLACEMENT_3D('',#1314,#1315,#1316);
#1318=CIRCLE('',#1317,1.6);
#1319=EDGE_CURVE('',#182,#174,#1318,.T.);
#1320=ORIENTED_EDGE('',*,*,#1319,.T.);
#1321=ORIENTED_EDGE('',*,*,#179,.T.);
#1322=CARTESIAN_POINT('',(-61.285534246,69.5,-5.));
#1323=DIRECTION('',(-0.,-0.,1.));
#1324=DIRECTION('',(-1.,0.,0.));
#1325=AXIS2_PLACEMENT_3D('',#1322,#1323,#1324);
#1326=CIRCLE('',#1325,1.6);
#1327=EDGE_CURVE('',#165,#157,#1326,.T.);
#1328=ORIENTED_EDGE('',*,*,#1327,.T.);
#1329=ORIENTED_EDGE('',*,*,#162,.T.);
#1330=ORIENTED_EDGE('',*,*,#154,.T.);
#1331=CARTESIAN_POINT('',(-78.901708608,54.5,-5.));
#1332=VERTEX_POINT('',#1331);
#1333=CARTESIAN_POINT('',(-78.901708608,66.5,-5.));
#1334=DIRECTION('',(0.,-1.,0.));
#1335=VECTOR('',#1334,12.);
#1336=LINE('',#1333,#1335);
#1337=EDGE_CURVE('',#141,#1332,#1336,.T.);
#1338=ORIENTED_EDGE('',*,*,#1337,.T.);
#1339=CARTESIAN_POINT('',(-32.064540033,54.5,-5.));
#1340=VERTEX_POINT('',#1339);
#1341=CARTESIAN_POINT('',(-78.901708608,54.5,-5.));
#1342=DIRECTION('',(1.,0.,-0.));
#1343=VECTOR('',#1342,46.837168574);
#1344=LINE('',#1341,#1343);
#1345=EDGE_CURVE('',#1332,#1340,#1344,.T.);
#1346=ORIENTED_EDGE('',*,*,#1345,.T.);
#1347=CARTESIAN_POINT('',(-101.872851778,14.196152423,-5.));
#1348=VERTEX_POINT('',#1347);
#1349=CARTESIAN_POINT('',(-32.064540033,54.5,-5.));
#1350=DIRECTION('',(-0.866025404,-0.5,0.));
#1351=VECTOR('',#1350,80.607695155);
#1352=LINE('',#1349,#1351);
#1353=EDGE_CURVE('',#1340,#1348,#1352,.T.);
#1354=ORIENTED_EDGE('',*,*,#1353,.T.);
#1355=CARTESIAN_POINT('',(-95.872851778,3.803847577,-5.));
#1356=VERTEX_POINT('',#1355);
#1357=CARTESIAN_POINT('',(-101.872851778,14.196152423,-5.));
#1358=DIRECTION('',(0.5,-0.866025404,0.));
#1359=VECTOR('',#1358,12.);
#1360=LINE('',#1357,#1359);
#1361=EDGE_CURVE('',#1348,#1356,#1360,.T.);
#1362=ORIENTED_EDGE('',*,*,#1361,.T.);
#1363=CARTESIAN_POINT('',(-95.872851778,-3.803847577,-5.));
#1364=VERTEX_POINT('',#1363);
#1365=CARTESIAN_POINT('',(-95.872851778,-3.803847577,-5.));
#1366=DIRECTION('',(0.,1.,0.));
#1367=VECTOR('',#1366,7.607695155);
#1368=LINE('',#1365,#1367);
#1369=EDGE_CURVE('',#1364,#1356,#1368,.T.);
#1370=ORIENTED_EDGE('',*,*,#1369,.F.);
#1371=CARTESIAN_POINT('',(-101.872851778,-14.196152423,-5.));
#1372=VERTEX_POINT('',#1371);
#1373=CARTESIAN_POINT('',(-101.872851778,-14.196152423,-5.));
#1374=DIRECTION('',(0.5,0.866025404,0.));
#1375=VECTOR('',#1374,12.);
#1376=LINE('',#1373,#1375);
#1377=EDGE_CURVE('',#1372,#1364,#1376,.T.);
#1378=ORIENTED_EDGE('',*,*,#1377,.F.);
#1379=CARTESIAN_POINT('',(-32.064540033,-54.5,-5.));
#1380=VERTEX_POINT('',#1379);
#1381=CARTESIAN_POINT('',(-32.064540033,-54.5,-5.));
#1382=DIRECTION('',(-0.866025404,0.5,0.));
#1383=VECTOR('',#1382,80.607695155);
#1384=LINE('',#1381,#1383);
#1385=EDGE_CURVE('',#1380,#1372,#1384,.T.);
#1386=ORIENTED_EDGE('',*,*,#1385,.F.);
#1387=CARTESIAN_POINT('',(-78.901708608,-54.5,-5.));
#1388=VERTEX_POINT('',#1387);
#1389=CARTESIAN_POINT('',(-78.901708608,-54.5,-5.));
#1390=DIRECTION('',(1.,0.,-0.));
#1391=VECTOR('',#1390,46.837168574);
#1392=LINE('',#1389,#1391);
#1393=EDGE_CURVE('',#1388,#1380,#1392,.T.);
#1394=ORIENTED_EDGE('',*,*,#1393,.F.);
#1395=CARTESIAN_POINT('',(-78.901708608,-66.5,-5.));
#1396=VERTEX_POINT('',#1395);
#1397=CARTESIAN_POINT('',(-78.901708608,-66.5,-5.));
#1398=DIRECTION('',(0.,1.,0.));
#1399=VECTOR('',#1398,12.);
#1400=LINE('',#1397,#1399);
#1401=EDGE_CURVE('',#1396,#1388,#1400,.T.);
#1402=ORIENTED_EDGE('',*,*,#1401,.F.);
#1403=CARTESIAN_POINT('',(11.098291392,-66.5,-5.));
#1404=VERTEX_POINT('',#1403);
#1405=CARTESIAN_POINT('',(11.098291392,-66.5,-5.));
#1406=DIRECTION('',(-1.,0.,0.));
#1407=VECTOR('',#1406,90.);
#1408=LINE('',#1405,#1407);
#1409=EDGE_CURVE('',#1404,#1396,#1408,.T.);
#1410=ORIENTED_EDGE('',*,*,#1409,.F.);
#1411=CARTESIAN_POINT('',(11.098291392,-54.5,-5.));
#1412=VERTEX_POINT('',#1411);
#1413=CARTESIAN_POINT('',(11.098291392,-54.5,-5.));
#1414=DIRECTION('',(0.,-1.,0.));
#1415=VECTOR('',#1414,12.);
#1416=LINE('',#1413,#1415);
#1417=EDGE_CURVE('',#1412,#1404,#1416,.T.);
#1418=ORIENTED_EDGE('',*,*,#1417,.F.);
#1419=CARTESIAN_POINT('',(-8.064540033,-54.5,-5.));
#1420=VERTEX_POINT('',#1419);
#1421=CARTESIAN_POINT('',(-8.064540033,-54.5,-5.));
#1422=DIRECTION('',(1.,0.,-0.));
#1423=VECTOR('',#1422,19.162831426);
#1424=LINE('',#1421,#1423);
#1425=EDGE_CURVE('',#1420,#1412,#1424,.T.);
#1426=ORIENTED_EDGE('',*,*,#1425,.F.);
#1427=CARTESIAN_POINT('',(-66.753720641,-20.615785778,-5.));
#1428=DIRECTION('',(0.866025404,-0.5,0.));
#1429=VECTOR('',#1428,67.768428445);
#1430=LINE('',#1427,#1429);
#1431=EDGE_CURVE('',#1267,#1420,#1430,.T.);
#1432=ORIENTED_EDGE('',*,*,#1431,.F.);
#1433=EDGE_LOOP('',(#1273,#1281,#1289,#1295,#1296,#1297,#1304,#1305,#1312,#1313,#1320,#1321,#1328,#1329,#1330,#1338,#1346,#1354,#1362,#1370,#1378,#1386,#1394,#1402,#1410,#1418,
#1426,#1432));
#1434=FACE_BOUND('',#1433,.T.);
#1435=ADVANCED_FACE('',(#241,#261,#281,#301,#321,#341,#361,#381,#401,#421,#441,#461,#481,#501,#521,#541,#561,#785,#805,#825,#845,#865,#876,#887,#898,#909,
#929,#949,#969,#989,#1009,#1029,#1049,#1069,#1103,#1123,#1143,#1163,#1183,#1203,#1223,#1243,#1263,#1434),#237,.T.);
#1436=CARTESIAN_POINT('',(-101.285534246,69.5,-7.9));
#1437=DIRECTION('',(0.,0.,1.));
#1438=DIRECTION('',(1.,0.,-0.));
#1439=AXIS2_PLACEMENT_3D('',#1436,#1437,#1438);
#1440=CYLINDRICAL_SURFACE('',#1439,1.6);
#1441=CARTESIAN_POINT('',(-99.685534246,69.5,0.));
#1442=VERTEX_POINT('',#1441);
#1443=CARTESIAN_POINT('',(-99.685534246,69.5,0.));
#1444=DIRECTION('',(-0.,-0.,-1.));
#1445=VECTOR('',#1444,5.);
#1446=LINE('',#1443,#1445);
#1447=EDGE_CURVE('',#1442,#1053,#1446,.T.);
#1448=ORIENTED_EDGE('',*,*,#1447,.F.);
#1449=CARTESIAN_POINT('',(-101.285534246,69.5,0.));
#1450=DIRECTION('',(0.,0.,-1.));
#1451=DIRECTION('',(1.,0.,0.));
#1452=AXIS2_PLACEMENT_3D('',#1449,#1450,#1451);
#1453=CIRCLE('',#1452,1.6);
#1454=EDGE_CURVE('',#1442,#1442,#1453,.T.);
#1455=ORIENTED_EDGE('',*,*,#1454,.F.);
#1456=ORIENTED_EDGE('',*,*,#1447,.T.);
#1457=ORIENTED_EDGE('',*,*,#1059,.F.);
#1458=ORIENTED_EDGE('',*,*,#1066,.F.);
#1459=EDGE_LOOP('',(#1448,#1455,#1456,#1457,#1458));
#1460=FACE_BOUND('',#1459,.T.);
#1461=ADVANCED_FACE('',(#1460),#1440,.F.);
#1462=CARTESIAN_POINT('',(-81.285534246,69.5,-7.9));
#1463=DIRECTION('',(0.,0.,1.));
#1464=DIRECTION('',(1.,0.,-0.));
#1465=AXIS2_PLACEMENT_3D('',#1462,#1463,#1464);
#1466=CYLINDRICAL_SURFACE('',#1465,1.6);
#1467=CARTESIAN_POINT('',(-79.685534246,69.5,0.));
#1468=VERTEX_POINT('',#1467);
#1469=CARTESIAN_POINT('',(-79.685534246,69.5,0.));
#1470=DIRECTION('',(-0.,-0.,-1.));
#1471=VECTOR('',#1470,5.);
#1472=LINE('',#1469,#1471);
#1473=EDGE_CURVE('',#1468,#1033,#1472,.T.);
#1474=ORIENTED_EDGE('',*,*,#1473,.F.);
#1475=CARTESIAN_POINT('',(-81.285534246,69.5,0.));
#1476=DIRECTION('',(0.,0.,-1.));
#1477=DIRECTION('',(1.,0.,0.));
#1478=AXIS2_PLACEMENT_3D('',#1475,#1476,#1477);
#1479=CIRCLE('',#1478,1.6);
#1480=EDGE_CURVE('',#1468,#1468,#1479,.T.);
#1481=ORIENTED_EDGE('',*,*,#1480,.F.);
#1482=ORIENTED_EDGE('',*,*,#1473,.T.);
#1483=ORIENTED_EDGE('',*,*,#1039,.F.);
#1484=ORIENTED_EDGE('',*,*,#1046,.F.);
#1485=EDGE_LOOP('',(#1474,#1481,#1482,#1483,#1484));
#1486=FACE_BOUND('',#1485,.T.);
#1487=ADVANCED_FACE('',(#1486),#1466,.F.);
#1488=CARTESIAN_POINT('',(-41.285534246,69.5,-7.9));
#1489=DIRECTION('',(0.,0.,1.));
#1490=DIRECTION('',(1.,0.,-0.));
#1491=AXIS2_PLACEMENT_3D('',#1488,#1489,#1490);
#1492=CYLINDRICAL_SURFACE('',#1491,1.6);
#1493=CARTESIAN_POINT('',(-39.685534246,69.5,0.));
#1494=VERTEX_POINT('',#1493);
#1495=CARTESIAN_POINT('',(-39.685534246,69.5,0.));
#1496=DIRECTION('',(-0.,-0.,-1.));
#1497=VECTOR('',#1496,5.);
#1498=LINE('',#1495,#1497);
#1499=EDGE_CURVE('',#1494,#182,#1498,.T.);
#1500=ORIENTED_EDGE('',*,*,#1499,.F.);
#1501=CARTESIAN_POINT('',(-41.285534246,69.5,0.));
#1502=DIRECTION('',(0.,0.,-1.));
#1503=DIRECTION('',(1.,0.,0.));
#1504=AXIS2_PLACEMENT_3D('',#1501,#1502,#1503);
#1505=CIRCLE('',#1504,1.6);
#1506=EDGE_CURVE('',#1494,#1494,#1505,.T.);
#1507=ORIENTED_EDGE('',*,*,#1506,.F.);
#1508=ORIENTED_EDGE('',*,*,#1499,.T.);
#1509=ORIENTED_EDGE('',*,*,#188,.T.);
#1510=ORIENTED_EDGE('',*,*,#1319,.F.);
#1511=EDGE_LOOP('',(#1500,#1507,#1508,#1509,#1510));
#1512=FACE_BOUND('',#1511,.T.);
#1513=ADVANCED_FACE('',(#1512),#1492,.F.);
#1514=CARTESIAN_POINT('',(-1.285534246,69.5,-7.9));
#1515=DIRECTION('',(0.,0.,1.));
#1516=DIRECTION('',(1.,0.,-0.));
#1517=AXIS2_PLACEMENT_3D('',#1514,#1515,#1516);
#1518=CYLINDRICAL_SURFACE('',#1517,1.6);
#1519=CARTESIAN_POINT('',(0.314465754,69.5,0.));
#1520=VERTEX_POINT('',#1519);
#1521=CARTESIAN_POINT('',(0.314465754,69.5,0.));
#1522=DIRECTION('',(-0.,-0.,-1.));
#1523=VECTOR('',#1522,5.);
#1524=LINE('',#1521,#1523);
#1525=EDGE_CURVE('',#1520,#216,#1524,.T.);
#1526=ORIENTED_EDGE('',*,*,#1525,.F.);
#1527=CARTESIAN_POINT('',(-1.285534246,69.5,0.));
#1528=DIRECTION('',(0.,0.,-1.));
#1529=DIRECTION('',(1.,0.,0.));
#1530=AXIS2_PLACEMENT_3D('',#1527,#1528,#1529);
#1531=CIRCLE('',#1530,1.6);
#1532=EDGE_CURVE('',#1520,#1520,#1531,.T.);
#1533=ORIENTED_EDGE('',*,*,#1532,.F.);
#1534=ORIENTED_EDGE('',*,*,#1525,.T.);
#1535=ORIENTED_EDGE('',*,*,#222,.T.);
#1536=ORIENTED_EDGE('',*,*,#1303,.F.);
#1537=EDGE_LOOP('',(#1526,#1533,#1534,#1535,#1536));
#1538=FACE_BOUND('',#1537,.T.);
#1539=ADVANCED_FACE('',(#1538),#1518,.F.);
#1540=CARTESIAN_POINT('',(-61.285534246,69.5,-7.9));
#1541=DIRECTION('',(0.,0.,1.));
#1542=DIRECTION('',(1.,0.,-0.));
#1543=AXIS2_PLACEMENT_3D('',#1540,#1541,#1542);
#1544=CYLINDRICAL_SURFACE('',#1543,1.6);
#1545=CARTESIAN_POINT('',(-59.685534246,69.5,0.));
#1546=VERTEX_POINT('',#1545);
#1547=CARTESIAN_POINT('',(-59.685534246,69.5,0.));
#1548=DIRECTION('',(-0.,-0.,-1.));
#1549=VECTOR('',#1548,5.);
#1550=LINE('',#1547,#1549);
#1551=EDGE_CURVE('',#1546,#165,#1550,.T.);
#1552=ORIENTED_EDGE('',*,*,#1551,.F.);
#1553=CARTESIAN_POINT('',(-61.285534246,69.5,0.));
#1554=DIRECTION('',(0.,0.,-1.));
#1555=DIRECTION('',(1.,0.,0.));
#1556=AXIS2_PLACEMENT_3D('',#1553,#1554,#1555);
#1557=CIRCLE('',#1556,1.6);
#1558=EDGE_CURVE('',#1546,#1546,#1557,.T.);
#1559=ORIENTED_EDGE('',*,*,#1558,.F.);
#1560=ORIENTED_EDGE('',*,*,#1551,.T.);
#1561=ORIENTED_EDGE('',*,*,#171,.T.);
#1562=ORIENTED_EDGE('',*,*,#1327,.F.);
#1563=EDGE_LOOP('',(#1552,#1559,#1560,#1561,#1562));
#1564=FACE_BOUND('',#1563,.T.);
#1565=ADVANCED_FACE('',(#1564),#1544,.F.);
#1566=CARTESIAN_POINT('',(-21.285534246,69.5,-7.9));
#1567=DIRECTION('',(0.,0.,1.));
#1568=DIRECTION('',(1.,0.,-0.));
#1569=AXIS2_PLACEMENT_3D('',#1566,#1567,#1568);
#1570=CYLINDRICAL_SURFACE('',#1569,1.6);
#1571=CARTESIAN_POINT('',(-19.685534246,69.5,0.));
#1572=VERTEX_POINT('',#1571);
#1573=CARTESIAN_POINT('',(-19.685534246,69.5,0.));
#1574=DIRECTION('',(-0.,-0.,-1.));
#1575=VECTOR('',#1574,5.);
#1576=LINE('',#1573,#1575);
#1577=EDGE_CURVE('',#1572,#199,#1576,.T.);
#1578=ORIENTED_EDGE('',*,*,#1577,.F.);
#1579=CARTESIAN_POINT('',(-21.285534246,69.5,0.));
#1580=DIRECTION('',(0.,0.,-1.));
#1581=DIRECTION('',(1.,0.,0.));
#1582=AXIS2_PLACEMENT_3D('',#1579,#1580,#1581);
#1583=CIRCLE('',#1582,1.6);
#1584=EDGE_CURVE('',#1572,#1572,#1583,.T.);
#1585=ORIENTED_EDGE('',*,*,#1584,.F.);
#1586=ORIENTED_EDGE('',*,*,#1577,.T.);
#1587=ORIENTED_EDGE('',*,*,#205,.T.);
#1588=ORIENTED_EDGE('',*,*,#1311,.F.);
#1589=EDGE_LOOP('',(#1578,#1585,#1586,#1587,#1588));
#1590=FACE_BOUND('',#1589,.T.);
#1591=ADVANCED_FACE('',(#1590),#1570,.F.);
#1592=CARTESIAN_POINT('',(101.75,-0.,-2.5));
#1593=DIRECTION('',(1.,0.,0.));
#1594=DIRECTION('',(0.,1.,0.));
#1595=AXIS2_PLACEMENT_3D('',#1592,#1593,#1594);
#1596=PLANE('',#1595);
#1597=CARTESIAN_POINT('',(101.75,-52.5,0.));
#1598=VERTEX_POINT('',#1597);
#1599=CARTESIAN_POINT('',(101.75,-52.5,0.));
#1600=DIRECTION('',(-0.,-0.,-1.));
#1601=VECTOR('',#1600,5.);
#1602=LINE('',#1599,#1601);
#1603=EDGE_CURVE('',#1598,#650,#1602,.T.);
#1604=ORIENTED_EDGE('',*,*,#1603,.T.);
#1605=ORIENTED_EDGE('',*,*,#655,.T.);
#1606=CARTESIAN_POINT('',(101.75,52.5,0.));
#1607=VERTEX_POINT('',#1606);
#1608=CARTESIAN_POINT('',(101.75,52.5,-5.));
#1609=DIRECTION('',(0.,0.,1.));
#1610=VECTOR('',#1609,5.);
#1611=LINE('',#1608,#1610);
#1612=EDGE_CURVE('',#641,#1607,#1611,.T.);
#1613=ORIENTED_EDGE('',*,*,#1612,.T.);
#1614=CARTESIAN_POINT('',(101.75,52.5,0.));
#1615=DIRECTION('',(0.,-1.,0.));
#1616=VECTOR('',#1615,105.);
#1617=LINE('',#1614,#1616);
#1618=EDGE_CURVE('',#1607,#1598,#1617,.T.);
#1619=ORIENTED_EDGE('',*,*,#1618,.T.);
#1620=EDGE_LOOP('',(#1604,#1605,#1613,#1619));
#1621=FACE_BOUND('',#1620,.T.);
#1622=ADVANCED_FACE('',(#1621),#1596,.T.);
#1623=CARTESIAN_POINT('',(-136.75,-0.,-2.5));
#1624=DIRECTION('',(-1.,0.,0.));
#1625=DIRECTION('',(0.,-1.,0.));
#1626=AXIS2_PLACEMENT_3D('',#1623,#1624,#1625);
#1627=PLANE('',#1626);
#1628=CARTESIAN_POINT('',(-136.75,-53.227625158,0.));
#1629=VERTEX_POINT('',#1628);
#1630=CARTESIAN_POINT('',(-136.75,-53.227625158,-5.));
#1631=DIRECTION('',(0.,0.,1.));
#1632=VECTOR('',#1631,5.);
#1633=LINE('',#1630,#1632);
#1634=EDGE_CURVE('',#752,#1629,#1633,.T.);
#1635=ORIENTED_EDGE('',*,*,#1634,.T.);
#1636=CARTESIAN_POINT('',(-136.75,53.227625158,-0.));
#1637=VERTEX_POINT('',#1636);
#1638=CARTESIAN_POINT('',(-136.75,-53.227625158,0.));
#1639=DIRECTION('',(0.,1.,0.));
#1640=VECTOR('',#1639,106.455250317);
#1641=LINE('',#1638,#1640);
#1642=EDGE_CURVE('',#1629,#1637,#1641,.T.);
#1643=ORIENTED_EDGE('',*,*,#1642,.T.);
#1644=CARTESIAN_POINT('',(-136.75,53.227625158,-0.));
#1645=DIRECTION('',(-0.,-0.,-1.));
#1646=VECTOR('',#1645,5.);
#1647=LINE('',#1644,#1646);
#1648=EDGE_CURVE('',#1637,#761,#1647,.T.);
#1649=ORIENTED_EDGE('',*,*,#1648,.T.);
#1650=ORIENTED_EDGE('',*,*,#766,.T.);
#1651=EDGE_LOOP('',(#1635,#1643,#1649,#1650));
#1652=FACE_BOUND('',#1651,.T.);
#1653=ADVANCED_FACE('',(#1652),#1627,.T.);
#1654=CARTESIAN_POINT('',(40.745828054,-72.5,-2.5));
#1655=DIRECTION('',(0.,-1.,0.));
#1656=DIRECTION('',(1.,0.,0.));
#1657=AXIS2_PLACEMENT_3D('',#1654,#1655,#1656);
#1658=PLANE('',#1657);
#1659=CARTESIAN_POINT('',(81.75,-72.5,0.));
#1660=VERTEX_POINT('',#1659);
#1661=CARTESIAN_POINT('',(78.098291392,-72.5,0.));
#1662=VERTEX_POINT('',#1661);
#1663=CARTESIAN_POINT('',(81.75,-72.5,0.));
#1664=DIRECTION('',(-1.,-0.,0.));
#1665=VECTOR('',#1664,3.651708608);
#1666=LINE('',#1663,#1665);
#1667=EDGE_CURVE('',#1660,#1662,#1666,.T.);
#1668=ORIENTED_EDGE('',*,*,#1667,.T.);
#1669=CARTESIAN_POINT('',(78.098291392,-72.5,0.));
#1670=DIRECTION('',(-0.,-0.,-1.));
#1671=VECTOR('',#1670,5.);
#1672=LINE('',#1669,#1671);
#1673=EDGE_CURVE('',#1662,#667,#1672,.T.);
#1674=ORIENTED_EDGE('',*,*,#1673,.T.);
#1675=ORIENTED_EDGE('',*,*,#672,.T.);
#1676=CARTESIAN_POINT('',(81.75,-72.5,-5.));
#1677=DIRECTION('',(0.,0.,1.));
#1678=VECTOR('',#1677,5.);
#1679=LINE('',#1676,#1678);
#1680=EDGE_CURVE('',#658,#1660,#1679,.T.);
#1681=ORIENTED_EDGE('',*,*,#1680,.T.);
#1682=EDGE_LOOP('',(#1668,#1674,#1675,#1681));
#1683=FACE_BOUND('',#1682,.T.);
#1684=ADVANCED_FACE('',(#1683),#1658,.T.);
#1685=CARTESIAN_POINT('',(40.745828054,-72.5,-2.5));
#1686=DIRECTION('',(0.,-1.,0.));
#1687=DIRECTION('',(1.,0.,0.));
#1688=AXIS2_PLACEMENT_3D('',#1685,#1686,#1687);
#1689=PLANE('',#1688);
#1690=ORIENTED_EDGE('',*,*,#740,.T.);
#1691=CARTESIAN_POINT('',(22.098291392,-72.5,0.));
#1692=VERTEX_POINT('',#1691);
#1693=CARTESIAN_POINT('',(22.098291392,-72.5,-5.));
#1694=DIRECTION('',(0.,0.,1.));
#1695=VECTOR('',#1694,5.);
#1696=LINE('',#1693,#1695);
#1697=EDGE_CURVE('',#726,#1692,#1696,.T.);
#1698=ORIENTED_EDGE('',*,*,#1697,.T.);
#1699=CARTESIAN_POINT('',(-121.600834389,-72.5,0.));
#1700=VERTEX_POINT('',#1699);
#1701=CARTESIAN_POINT('',(22.098291392,-72.5,0.));
#1702=DIRECTION('',(-1.,-0.,0.));
#1703=VECTOR('',#1702,143.699125782);
#1704=LINE('',#1701,#1703);
#1705=EDGE_CURVE('',#1692,#1700,#1704,.T.);
#1706=ORIENTED_EDGE('',*,*,#1705,.T.);
#1707=CARTESIAN_POINT('',(-121.600834389,-72.5,0.));
#1708=DIRECTION('',(-0.,-0.,-1.));
#1709=VECTOR('',#1708,5.);
#1710=LINE('',#1707,#1709);
#1711=EDGE_CURVE('',#1700,#735,#1710,.T.);
#1712=ORIENTED_EDGE('',*,*,#1711,.T.);
#1713=EDGE_LOOP('',(#1690,#1698,#1706,#1712));
#1714=FACE_BOUND('',#1713,.T.);
#1715=ADVANCED_FACE('',(#1714),#1689,.T.);
#1716=CARTESIAN_POINT('',(40.745828054,72.5,-2.5));
#1717=DIRECTION('',(0.,1.,0.));
#1718=DIRECTION('',(-1.,0.,0.));
#1719=AXIS2_PLACEMENT_3D('',#1716,#1717,#1718);
#1720=PLANE('',#1719);
#1721=CARTESIAN_POINT('',(-121.600834389,72.5,0.));
#1722=VERTEX_POINT('',#1721);
#1723=CARTESIAN_POINT('',(22.098291392,72.5,0.));
#1724=VERTEX_POINT('',#1723);
#1725=CARTESIAN_POINT('',(-121.600834389,72.5,0.));
#1726=DIRECTION('',(1.,-0.,-0.));
#1727=VECTOR('',#1726,143.699125782);
#1728=LINE('',#1725,#1727);
#1729=EDGE_CURVE('',#1722,#1724,#1728,.T.);
#1730=ORIENTED_EDGE('',*,*,#1729,.T.);
#1731=CARTESIAN_POINT('',(22.098291392,72.5,0.));
#1732=DIRECTION('',(-0.,-0.,-1.));
#1733=VECTOR('',#1732,5.);
#1734=LINE('',#1731,#1733);
#1735=EDGE_CURVE('',#1724,#563,#1734,.T.);
#1736=ORIENTED_EDGE('',*,*,#1735,.T.);
#1737=ORIENTED_EDGE('',*,*,#570,.T.);
#1738=CARTESIAN_POINT('',(-121.600834389,72.5,-5.));
#1739=DIRECTION('',(0.,0.,1.));
#1740=VECTOR('',#1739,5.);
#1741=LINE('',#1738,#1740);
#1742=EDGE_CURVE('',#565,#1722,#1741,.T.);
#1743=ORIENTED_EDGE('',*,*,#1742,.T.);
#1744=EDGE_LOOP('',(#1730,#1736,#1737,#1743));
#1745=FACE_BOUND('',#1744,.T.);
#1746=ADVANCED_FACE('',(#1745),#1720,.T.);
#1747=CARTESIAN_POINT('',(40.745828054,72.5,-2.5));
#1748=DIRECTION('',(0.,1.,0.));
#1749=DIRECTION('',(-1.,0.,0.));
#1750=AXIS2_PLACEMENT_3D('',#1747,#1748,#1749);
#1751=PLANE('',#1750);
#1752=ORIENTED_EDGE('',*,*,#638,.T.);
#1753=CARTESIAN_POINT('',(78.098291392,72.5,0.));
#1754=VERTEX_POINT('',#1753);
#1755=CARTESIAN_POINT('',(78.098291392,72.5,-5.));
#1756=DIRECTION('',(0.,0.,1.));
#1757=VECTOR('',#1756,5.);
#1758=LINE('',#1755,#1757);
#1759=EDGE_CURVE('',#624,#1754,#1758,.T.);
#1760=ORIENTED_EDGE('',*,*,#1759,.T.);
#1761=CARTESIAN_POINT('',(81.75,72.5,0.));
#1762=VERTEX_POINT('',#1761);
#1763=CARTESIAN_POINT('',(78.098291392,72.5,0.));
#1764=DIRECTION('',(1.,-0.,-0.));
#1765=VECTOR('',#1764,3.651708608);
#1766=LINE('',#1763,#1765);
#1767=EDGE_CURVE('',#1754,#1762,#1766,.T.);
#1768=ORIENTED_EDGE('',*,*,#1767,.T.);
#1769=CARTESIAN_POINT('',(81.75,72.5,0.));
#1770=DIRECTION('',(-0.,-0.,-1.));
#1771=VECTOR('',#1770,5.);
#1772=LINE('',#1769,#1771);
#1773=EDGE_CURVE('',#1762,#633,#1772,.T.);
#1774=ORIENTED_EDGE('',*,*,#1773,.T.);
#1775=EDGE_LOOP('',(#1752,#1760,#1768,#1774));
#1776=FACE_BOUND('',#1775,.T.);
#1777=ADVANCED_FACE('',(#1776),#1751,.T.);
#1778=CARTESIAN_POINT('',(75.098291392,64.316621094,-2.5));
#1779=DIRECTION('',(-1.,0.,0.));
#1780=DIRECTION('',(0.,1.,0.));
#1781=AXIS2_PLACEMENT_3D('',#1778,#1779,#1780);
#1782=PLANE('',#1781);
#1783=CARTESIAN_POINT('',(75.098291392,45.53,0.));
#1784=VERTEX_POINT('',#1783);
#1785=CARTESIAN_POINT('',(75.098291392,69.5,0.));
#1786=VERTEX_POINT('',#1785);
#1787=CARTESIAN_POINT('',(75.098291392,45.53,0.));
#1788=DIRECTION('',(0.,1.,0.));
#1789=VECTOR('',#1788,23.97);
#1790=LINE('',#1787,#1789);
#1791=EDGE_CURVE('',#1784,#1786,#1790,.T.);
#1792=ORIENTED_EDGE('',*,*,#1791,.T.);
#1793=CARTESIAN_POINT('',(75.098291392,69.5,0.));
#1794=DIRECTION('',(0.,0.,-1.));
#1795=VECTOR('',#1794,5.);
#1796=LINE('',#1793,#1795);
#1797=EDGE_CURVE('',#1786,#616,#1796,.T.);
#1798=ORIENTED_EDGE('',*,*,#1797,.T.);
#1799=ORIENTED_EDGE('',*,*,#621,.T.);
#1800=CARTESIAN_POINT('',(75.098291392,45.53,-5.));
#1801=DIRECTION('',(-0.,-0.,1.));
#1802=VECTOR('',#1801,5.);
#1803=LINE('',#1800,#1802);
#1804=EDGE_CURVE('',#607,#1784,#1803,.T.);
#1805=ORIENTED_EDGE('',*,*,#1804,.T.);
#1806=EDGE_LOOP('',(#1792,#1798,#1799,#1805));
#1807=FACE_BOUND('',#1806,.T.);
#1808=ADVANCED_FACE('',(#1807),#1782,.T.);
#1809=CARTESIAN_POINT('',(50.098291392,42.53,-2.5));
#1810=DIRECTION('',(0.,1.,0.));
#1811=DIRECTION('',(1.,-0.,0.));
#1812=AXIS2_PLACEMENT_3D('',#1809,#1810,#1811);
#1813=PLANE('',#1812);
#1814=CARTESIAN_POINT('',(28.098291392,42.53,0.));
#1815=VERTEX_POINT('',#1814);
#1816=CARTESIAN_POINT('',(72.098291392,42.53,-0.));
#1817=VERTEX_POINT('',#1816);
#1818=CARTESIAN_POINT('',(28.098291392,42.53,0.));
#1819=DIRECTION('',(1.,-0.,0.));
#1820=VECTOR('',#1819,44.);
#1821=LINE('',#1818,#1820);
#1822=EDGE_CURVE('',#1815,#1817,#1821,.T.);
#1823=ORIENTED_EDGE('',*,*,#1822,.T.);
#1824=CARTESIAN_POINT('',(72.098291392,42.53,0.));
#1825=DIRECTION('',(0.,0.,-1.));
#1826=VECTOR('',#1825,5.);
#1827=LINE('',#1824,#1826);
#1828=EDGE_CURVE('',#1817,#599,#1827,.T.);
#1829=ORIENTED_EDGE('',*,*,#1828,.T.);
#1830=ORIENTED_EDGE('',*,*,#604,.T.);
#1831=CARTESIAN_POINT('',(28.098291392,42.53,-5.));
#1832=DIRECTION('',(-0.,-0.,1.));
#1833=VECTOR('',#1832,5.);
#1834=LINE('',#1831,#1833);
#1835=EDGE_CURVE('',#590,#1815,#1834,.T.);
#1836=ORIENTED_EDGE('',*,*,#1835,.T.);
#1837=EDGE_LOOP('',(#1823,#1829,#1830,#1836));
#1838=FACE_BOUND('',#1837,.T.);
#1839=ADVANCED_FACE('',(#1838),#1813,.T.);
#1840=CARTESIAN_POINT('',(25.098291392,64.316621094,-2.5));
#1841=DIRECTION('',(1.,0.,0.));
#1842=DIRECTION('',(0.,-1.,0.));
#1843=AXIS2_PLACEMENT_3D('',#1840,#1841,#1842);
#1844=PLANE('',#1843);
#1845=CARTESIAN_POINT('',(25.098291392,69.5,0.));
#1846=VERTEX_POINT('',#1845);
#1847=CARTESIAN_POINT('',(25.098291392,45.53,0.));
#1848=VERTEX_POINT('',#1847);
#1849=CARTESIAN_POINT('',(25.098291392,69.5,0.));
#1850=DIRECTION('',(0.,-1.,0.));
#1851=VECTOR('',#1850,23.97);
#1852=LINE('',#1849,#1851);
#1853=EDGE_CURVE('',#1846,#1848,#1852,.T.);
#1854=ORIENTED_EDGE('',*,*,#1853,.T.);
#1855=CARTESIAN_POINT('',(25.098291392,45.53,0.));
#1856=DIRECTION('',(0.,0.,-1.));
#1857=VECTOR('',#1856,5.);
#1858=LINE('',#1855,#1857);
#1859=EDGE_CURVE('',#1848,#582,#1858,.T.);
#1860=ORIENTED_EDGE('',*,*,#1859,.T.);
#1861=ORIENTED_EDGE('',*,*,#587,.T.);
#1862=CARTESIAN_POINT('',(25.098291392,69.5,-5.));
#1863=DIRECTION('',(-0.,-0.,1.));
#1864=VECTOR('',#1863,5.);
#1865=LINE('',#1862,#1864);
#1866=EDGE_CURVE('',#573,#1846,#1865,.T.);
#1867=ORIENTED_EDGE('',*,*,#1866,.T.);
#1868=EDGE_LOOP('',(#1854,#1860,#1861,#1867));
#1869=FACE_BOUND('',#1868,.T.);
#1870=ADVANCED_FACE('',(#1869),#1844,.T.);
#1871=CARTESIAN_POINT('',(25.098291392,-64.316621094,-2.5));
#1872=DIRECTION('',(1.,0.,0.));
#1873=DIRECTION('',(0.,-1.,0.));
#1874=AXIS2_PLACEMENT_3D('',#1871,#1872,#1873);
#1875=PLANE('',#1874);
#1876=CARTESIAN_POINT('',(25.098291392,-45.53,0.));
#1877=VERTEX_POINT('',#1876);
#1878=CARTESIAN_POINT('',(25.098291392,-69.5,0.));
#1879=VERTEX_POINT('',#1878);
#1880=CARTESIAN_POINT('',(25.098291392,-45.53,0.));
#1881=DIRECTION('',(0.,-1.,0.));
#1882=VECTOR('',#1881,23.97);
#1883=LINE('',#1880,#1882);
#1884=EDGE_CURVE('',#1877,#1879,#1883,.T.);
#1885=ORIENTED_EDGE('',*,*,#1884,.T.);
#1886=CARTESIAN_POINT('',(25.098291392,-69.5,0.));
#1887=DIRECTION('',(0.,0.,-1.));
#1888=VECTOR('',#1887,5.);
#1889=LINE('',#1886,#1888);
#1890=EDGE_CURVE('',#1879,#718,#1889,.T.);
#1891=ORIENTED_EDGE('',*,*,#1890,.T.);
#1892=ORIENTED_EDGE('',*,*,#723,.T.);
#1893=CARTESIAN_POINT('',(25.098291392,-45.53,-5.));
#1894=DIRECTION('',(-0.,-0.,1.));
#1895=VECTOR('',#1894,5.);
#1896=LINE('',#1893,#1895);
#1897=EDGE_CURVE('',#709,#1877,#1896,.T.);
#1898=ORIENTED_EDGE('',*,*,#1897,.T.);
#1899=EDGE_LOOP('',(#1885,#1891,#1892,#1898));
#1900=FACE_BOUND('',#1899,.T.);
#1901=ADVANCED_FACE('',(#1900),#1875,.T.);
#1902=CARTESIAN_POINT('',(50.098291392,-42.53,-2.5));
#1903=DIRECTION('',(0.,-1.,0.));
#1904=DIRECTION('',(-1.,0.,0.));
#1905=AXIS2_PLACEMENT_3D('',#1902,#1903,#1904);
#1906=PLANE('',#1905);
#1907=CARTESIAN_POINT('',(72.098291392,-42.53,0.));
#1908=VERTEX_POINT('',#1907);
#1909=CARTESIAN_POINT('',(28.098291392,-42.53,0.));
#1910=VERTEX_POINT('',#1909);
#1911=CARTESIAN_POINT('',(72.098291392,-42.53,0.));
#1912=DIRECTION('',(-1.,0.,0.));
#1913=VECTOR('',#1912,44.);
#1914=LINE('',#1911,#1913);
#1915=EDGE_CURVE('',#1908,#1910,#1914,.T.);
#1916=ORIENTED_EDGE('',*,*,#1915,.T.);
#1917=CARTESIAN_POINT('',(28.098291392,-42.53,0.));
#1918=DIRECTION('',(0.,0.,-1.));
#1919=VECTOR('',#1918,5.);
#1920=LINE('',#1917,#1919);
#1921=EDGE_CURVE('',#1910,#701,#1920,.T.);
#1922=ORIENTED_EDGE('',*,*,#1921,.T.);
#1923=ORIENTED_EDGE('',*,*,#706,.T.);
#1924=CARTESIAN_POINT('',(72.098291392,-42.53,-5.));
#1925=DIRECTION('',(-0.,-0.,1.));
#1926=VECTOR('',#1925,5.);
#1927=LINE('',#1924,#1926);
#1928=EDGE_CURVE('',#692,#1908,#1927,.T.);
#1929=ORIENTED_EDGE('',*,*,#1928,.T.);
#1930=EDGE_LOOP('',(#1916,#1922,#1923,#1929));
#1931=FACE_BOUND('',#1930,.T.);
#1932=ADVANCED_FACE('',(#1931),#1906,.T.);
#1933=CARTESIAN_POINT('',(75.098291392,-64.316621094,-2.5));
#1934=DIRECTION('',(-1.,0.,0.));
#1935=DIRECTION('',(0.,1.,0.));
#1936=AXIS2_PLACEMENT_3D('',#1933,#1934,#1935);
#1937=PLANE('',#1936);
#1938=CARTESIAN_POINT('',(75.098291392,-69.5,0.));
#1939=VERTEX_POINT('',#1938);
#1940=CARTESIAN_POINT('',(75.098291392,-45.53,0.));
#1941=VERTEX_POINT('',#1940);
#1942=CARTESIAN_POINT('',(75.098291392,-69.5,0.));
#1943=DIRECTION('',(0.,1.,0.));
#1944=VECTOR('',#1943,23.97);
#1945=LINE('',#1942,#1944);
#1946=EDGE_CURVE('',#1939,#1941,#1945,.T.);
#1947=ORIENTED_EDGE('',*,*,#1946,.T.);
#1948=CARTESIAN_POINT('',(75.098291392,-45.53,0.));
#1949=DIRECTION('',(0.,0.,-1.));
#1950=VECTOR('',#1949,5.);
#1951=LINE('',#1948,#1950);
#1952=EDGE_CURVE('',#1941,#684,#1951,.T.);
#1953=ORIENTED_EDGE('',*,*,#1952,.T.);
#1954=ORIENTED_EDGE('',*,*,#689,.T.);
#1955=CARTESIAN_POINT('',(75.098291392,-69.5,-5.));
#1956=DIRECTION('',(-0.,-0.,1.));
#1957=VECTOR('',#1956,5.);
#1958=LINE('',#1955,#1957);
#1959=EDGE_CURVE('',#675,#1939,#1958,.T.);
#1960=ORIENTED_EDGE('',*,*,#1959,.T.);
#1961=EDGE_LOOP('',(#1947,#1953,#1954,#1960));
#1962=FACE_BOUND('',#1961,.T.);
#1963=ADVANCED_FACE('',(#1962),#1937,.T.);
#1964=CARTESIAN_POINT('',(81.75,-52.5,0.));
#1965=DIRECTION('',(0.,0.,-1.));
#1966=DIRECTION('',(0.,-1.,0.));
#1967=AXIS2_PLACEMENT_3D('',#1964,#1965,#1966);
#1968=CYLINDRICAL_SURFACE('',#1967,20.);
#1969=ORIENTED_EDGE('',*,*,#1680,.F.);
#1970=ORIENTED_EDGE('',*,*,#664,.T.);
#1971=ORIENTED_EDGE('',*,*,#1603,.F.);
#1972=CARTESIAN_POINT('',(81.75,-52.5,0.));
#1973=DIRECTION('',(-0.,-0.,-1.));
#1974=DIRECTION('',(1.,0.,-0.));
#1975=AXIS2_PLACEMENT_3D('',#1972,#1973,#1974);
#1976=CIRCLE('',#1975,20.);
#1977=EDGE_CURVE('',#1598,#1660,#1976,.T.);
#1978=ORIENTED_EDGE('',*,*,#1977,.T.);
#1979=EDGE_LOOP('',(#1969,#1970,#1971,#1978));
#1980=FACE_BOUND('',#1979,.T.);
#1981=ADVANCED_FACE('',(#1980),#1968,.T.);
#1982=CARTESIAN_POINT('',(81.75,52.5,0.));
#1983=DIRECTION('',(0.,0.,-1.));
#1984=DIRECTION('',(1.,0.,0.));
#1985=AXIS2_PLACEMENT_3D('',#1982,#1983,#1984);
#1986=CYLINDRICAL_SURFACE('',#1985,20.);
#1987=ORIENTED_EDGE('',*,*,#1612,.F.);
#1988=ORIENTED_EDGE('',*,*,#647,.T.);
#1989=ORIENTED_EDGE('',*,*,#1773,.F.);
#1990=CARTESIAN_POINT('',(81.75,52.5,0.));
#1991=DIRECTION('',(-0.,-0.,-1.));
#1992=DIRECTION('',(1.,0.,-0.));
#1993=AXIS2_PLACEMENT_3D('',#1990,#1991,#1992);
#1994=CIRCLE('',#1993,20.);
#1995=EDGE_CURVE('',#1762,#1607,#1994,.T.);
#1996=ORIENTED_EDGE('',*,*,#1995,.T.);
#1997=EDGE_LOOP('',(#1987,#1988,#1989,#1996));
#1998=FACE_BOUND('',#1997,.T.);
#1999=ADVANCED_FACE('',(#1998),#1986,.T.);
#2000=CARTESIAN_POINT('',(-121.600834389,52.5,0.));
#2001=DIRECTION('',(0.,0.,-1.));
#2002=DIRECTION('',(0.,1.,0.));
#2003=AXIS2_PLACEMENT_3D('',#2000,#2001,#2002);
#2004=CYLINDRICAL_SURFACE('',#2003,20.);
#2005=ORIENTED_EDGE('',*,*,#782,.T.);
#2006=CARTESIAN_POINT('',(-122.119835031,72.493264824,0.));
#2007=VERTEX_POINT('',#2006);
#2008=CARTESIAN_POINT('',(-122.119835031,72.493264824,-5.));
#2009=DIRECTION('',(0.,0.,1.));
#2010=VECTOR('',#2009,5.);
#2011=LINE('',#2008,#2010);
#2012=EDGE_CURVE('',#769,#2007,#2011,.T.);
#2013=ORIENTED_EDGE('',*,*,#2012,.T.);
#2014=CARTESIAN_POINT('',(-121.600834389,52.5,0.));
#2015=DIRECTION('',(-0.,-0.,-1.));
#2016=DIRECTION('',(1.,0.,-0.));
#2017=AXIS2_PLACEMENT_3D('',#2014,#2015,#2016);
#2018=CIRCLE('',#2017,20.);
#2019=EDGE_CURVE('',#2007,#1722,#2018,.T.);
#2020=ORIENTED_EDGE('',*,*,#2019,.T.);
#2021=ORIENTED_EDGE('',*,*,#1742,.F.);
#2022=EDGE_LOOP('',(#2005,#2013,#2020,#2021));
#2023=FACE_BOUND('',#2022,.T.);
#2024=ADVANCED_FACE('',(#2023),#2004,.T.);
#2025=CARTESIAN_POINT('',(-116.75,53.227625158,-5.));
#2026=DIRECTION('',(0.,0.,1.));
#2027=DIRECTION('',(-1.,-0.,0.));
#2028=AXIS2_PLACEMENT_3D('',#2025,#2026,#2027);
#2029=CYLINDRICAL_SURFACE('',#2028,20.);
#2030=ORIENTED_EDGE('',*,*,#2012,.F.);
#2031=ORIENTED_EDGE('',*,*,#775,.T.);
#2032=ORIENTED_EDGE('',*,*,#1648,.F.);
#2033=CARTESIAN_POINT('',(-116.75,53.227625158,0.));
#2034=DIRECTION('',(-0.,-0.,-1.));
#2035=DIRECTION('',(1.,0.,-0.));
#2036=AXIS2_PLACEMENT_3D('',#2033,#2034,#2035);
#2037=CIRCLE('',#2036,20.);
#2038=EDGE_CURVE('',#1637,#2007,#2037,.T.);
#2039=ORIENTED_EDGE('',*,*,#2038,.T.);
#2040=EDGE_LOOP('',(#2030,#2031,#2032,#2039));
#2041=FACE_BOUND('',#2040,.T.);
#2042=ADVANCED_FACE('',(#2041),#2029,.T.);
#2043=CARTESIAN_POINT('',(-121.600834389,-52.5,-5.));
#2044=DIRECTION('',(0.,0.,1.));
#2045=DIRECTION('',(0.,-1.,-0.));
#2046=AXIS2_PLACEMENT_3D('',#2043,#2044,#2045);
#2047=CYLINDRICAL_SURFACE('',#2046,20.);
#2048=CARTESIAN_POINT('',(-122.119835031,-72.493264824,0.));
#2049=VERTEX_POINT('',#2048);
#2050=CARTESIAN_POINT('',(-121.600834389,-52.5,0.));
#2051=DIRECTION('',(-0.,-0.,-1.));
#2052=DIRECTION('',(1.,0.,-0.));
#2053=AXIS2_PLACEMENT_3D('',#2050,#2051,#2052);
#2054=CIRCLE('',#2053,20.);
#2055=EDGE_CURVE('',#1700,#2049,#2054,.T.);
#2056=ORIENTED_EDGE('',*,*,#2055,.T.);
#2057=CARTESIAN_POINT('',(-122.119835031,-72.493264824,-0.));
#2058=DIRECTION('',(-0.,0.,-1.));
#2059=VECTOR('',#2058,5.);
#2060=LINE('',#2057,#2059);
#2061=EDGE_CURVE('',#2049,#743,#2060,.T.);
#2062=ORIENTED_EDGE('',*,*,#2061,.T.);
#2063=ORIENTED_EDGE('',*,*,#749,.T.);
#2064=ORIENTED_EDGE('',*,*,#1711,.F.);
#2065=EDGE_LOOP('',(#2056,#2062,#2063,#2064));
#2066=FACE_BOUND('',#2065,.T.);
#2067=ADVANCED_FACE('',(#2066),#2047,.T.);
#2068=CARTESIAN_POINT('',(-116.75,-53.227625158,0.));
#2069=DIRECTION('',(0.,0.,-1.));
#2070=DIRECTION('',(-1.,0.,0.));
#2071=AXIS2_PLACEMENT_3D('',#2068,#2069,#2070);
#2072=CYLINDRICAL_SURFACE('',#2071,20.);
#2073=ORIENTED_EDGE('',*,*,#2061,.F.);
#2074=CARTESIAN_POINT('',(-116.75,-53.227625158,0.));
#2075=DIRECTION('',(-0.,-0.,-1.));
#2076=DIRECTION('',(1.,0.,-0.));
#2077=AXIS2_PLACEMENT_3D('',#2074,#2075,#2076);
#2078=CIRCLE('',#2077,20.);
#2079=EDGE_CURVE('',#2049,#1629,#2078,.T.);
#2080=ORIENTED_EDGE('',*,*,#2079,.T.);
#2081=ORIENTED_EDGE('',*,*,#1634,.F.);
#2082=ORIENTED_EDGE('',*,*,#758,.T.);
#2083=EDGE_LOOP('',(#2073,#2080,#2081,#2082));
#2084=FACE_BOUND('',#2083,.T.);
#2085=ADVANCED_FACE('',(#2084),#2072,.T.);
#2086=CARTESIAN_POINT('',(28.098291392,45.53,0.));
#2087=DIRECTION('',(-0.,0.,-1.));
#2088=DIRECTION('',(-0.,-1.,0.));
#2089=AXIS2_PLACEMENT_3D('',#2086,#2087,#2088);
#2090=CYLINDRICAL_SURFACE('',#2089,3.);
#2091=ORIENTED_EDGE('',*,*,#1859,.F.);
#2092=CARTESIAN_POINT('',(28.098291392,45.53,0.));
#2093=DIRECTION('',(0.,0.,1.));
#2094=DIRECTION('',(1.,0.,-0.));
#2095=AXIS2_PLACEMENT_3D('',#2092,#2093,#2094);
#2096=CIRCLE('',#2095,3.);
#2097=EDGE_CURVE('',#1848,#1815,#2096,.T.);
#2098=ORIENTED_EDGE('',*,*,#2097,.T.);
#2099=ORIENTED_EDGE('',*,*,#1835,.F.);
#2100=ORIENTED_EDGE('',*,*,#596,.T.);
#2101=EDGE_LOOP('',(#2091,#2098,#2099,#2100));
#2102=FACE_BOUND('',#2101,.T.);
#2103=ADVANCED_FACE('',(#2102),#2090,.F.);
#2104=CARTESIAN_POINT('',(72.098291392,45.53,0.));
#2105=DIRECTION('',(0.,0.,-1.));
#2106=DIRECTION('',(1.,-0.,-0.));
#2107=AXIS2_PLACEMENT_3D('',#2104,#2105,#2106);
#2108=CYLINDRICAL_SURFACE('',#2107,3.);
#2109=ORIENTED_EDGE('',*,*,#1828,.F.);
#2110=CARTESIAN_POINT('',(72.098291392,45.53,0.));
#2111=DIRECTION('',(0.,0.,1.));
#2112=DIRECTION('',(1.,0.,-0.));
#2113=AXIS2_PLACEMENT_3D('',#2110,#2111,#2112);
#2114=CIRCLE('',#2113,3.);
#2115=EDGE_CURVE('',#1817,#1784,#2114,.T.);
#2116=ORIENTED_EDGE('',*,*,#2115,.T.);
#2117=ORIENTED_EDGE('',*,*,#1804,.F.);
#2118=ORIENTED_EDGE('',*,*,#613,.T.);
#2119=EDGE_LOOP('',(#2109,#2116,#2117,#2118));
#2120=FACE_BOUND('',#2119,.T.);
#2121=ADVANCED_FACE('',(#2120),#2108,.F.);
#2122=CARTESIAN_POINT('',(72.098291392,-45.53,0.));
#2123=DIRECTION('',(0.,0.,-1.));
#2124=DIRECTION('',(0.,1.,0.));
#2125=AXIS2_PLACEMENT_3D('',#2122,#2123,#2124);
#2126=CYLINDRICAL_SURFACE('',#2125,3.);
#2127=ORIENTED_EDGE('',*,*,#1952,.F.);
#2128=CARTESIAN_POINT('',(72.098291392,-45.53,0.));
#2129=DIRECTION('',(0.,0.,1.));
#2130=DIRECTION('',(1.,0.,-0.));
#2131=AXIS2_PLACEMENT_3D('',#2128,#2129,#2130);
#2132=CIRCLE('',#2131,3.);
#2133=EDGE_CURVE('',#1941,#1908,#2132,.T.);
#2134=ORIENTED_EDGE('',*,*,#2133,.T.);
#2135=ORIENTED_EDGE('',*,*,#1928,.F.);
#2136=ORIENTED_EDGE('',*,*,#698,.T.);
#2137=EDGE_LOOP('',(#2127,#2134,#2135,#2136));
#2138=FACE_BOUND('',#2137,.T.);
#2139=ADVANCED_FACE('',(#2138),#2126,.F.);
#2140=CARTESIAN_POINT('',(28.098291392,-45.53,0.));
#2141=DIRECTION('',(0.,0.,-1.));
#2142=DIRECTION('',(-1.,0.,0.));
#2143=AXIS2_PLACEMENT_3D('',#2140,#2141,#2142);
#2144=CYLINDRICAL_SURFACE('',#2143,3.);
#2145=ORIENTED_EDGE('',*,*,#1921,.F.);
#2146=CARTESIAN_POINT('',(28.098291392,-45.53,0.));
#2147=DIRECTION('',(0.,0.,1.));
#2148=DIRECTION('',(1.,0.,-0.));
#2149=AXIS2_PLACEMENT_3D('',#2146,#2147,#2148);
#2150=CIRCLE('',#2149,3.);
#2151=EDGE_CURVE('',#1910,#1877,#2150,.T.);
#2152=ORIENTED_EDGE('',*,*,#2151,.T.);
#2153=ORIENTED_EDGE('',*,*,#1897,.F.);
#2154=ORIENTED_EDGE('',*,*,#715,.T.);
#2155=EDGE_LOOP('',(#2145,#2152,#2153,#2154));
#2156=FACE_BOUND('',#2155,.T.);
#2157=ADVANCED_FACE('',(#2156),#2144,.F.);
#2158=CARTESIAN_POINT('',(78.098291392,-69.5,-5.));
#2159=DIRECTION('',(0.,0.,1.));
#2160=DIRECTION('',(-0.,-1.,0.));
#2161=AXIS2_PLACEMENT_3D('',#2158,#2159,#2160);
#2162=CYLINDRICAL_SURFACE('',#2161,3.);
#2163=ORIENTED_EDGE('',*,*,#1673,.F.);
#2164=CARTESIAN_POINT('',(78.098291392,-69.5,0.));
#2165=DIRECTION('',(-0.,-0.,-1.));
#2166=DIRECTION('',(1.,0.,-0.));
#2167=AXIS2_PLACEMENT_3D('',#2164,#2165,#2166);
#2168=CIRCLE('',#2167,3.);
#2169=EDGE_CURVE('',#1662,#1939,#2168,.T.);
#2170=ORIENTED_EDGE('',*,*,#2169,.T.);
#2171=ORIENTED_EDGE('',*,*,#1959,.F.);
#2172=ORIENTED_EDGE('',*,*,#681,.T.);
#2173=EDGE_LOOP('',(#2163,#2170,#2171,#2172));
#2174=FACE_BOUND('',#2173,.T.);
#2175=ADVANCED_FACE('',(#2174),#2162,.T.);
#2176=CARTESIAN_POINT('',(22.098291392,-69.5,-0.));
#2177=DIRECTION('',(0.,0.,-1.));
#2178=DIRECTION('',(0.,-1.,0.));
#2179=AXIS2_PLACEMENT_3D('',#2176,#2177,#2178);
#2180=CYLINDRICAL_SURFACE('',#2179,3.);
#2181=ORIENTED_EDGE('',*,*,#1697,.F.);
#2182=ORIENTED_EDGE('',*,*,#732,.T.);
#2183=ORIENTED_EDGE('',*,*,#1890,.F.);
#2184=CARTESIAN_POINT('',(22.098291392,-69.5,0.));
#2185=DIRECTION('',(-0.,-0.,-1.));
#2186=DIRECTION('',(1.,0.,-0.));
#2187=AXIS2_PLACEMENT_3D('',#2184,#2185,#2186);
#2188=CIRCLE('',#2187,3.);
#2189=EDGE_CURVE('',#1879,#1692,#2188,.T.);
#2190=ORIENTED_EDGE('',*,*,#2189,.T.);
#2191=EDGE_LOOP('',(#2181,#2182,#2183,#2190));
#2192=FACE_BOUND('',#2191,.T.);
#2193=ADVANCED_FACE('',(#2192),#2180,.T.);
#2194=CARTESIAN_POINT('',(22.098291392,69.5,-5.));
#2195=DIRECTION('',(0.,-0.,1.));
#2196=DIRECTION('',(0.,1.,0.));
#2197=AXIS2_PLACEMENT_3D('',#2194,#2195,#2196);
#2198=CYLINDRICAL_SURFACE('',#2197,3.);
#2199=ORIENTED_EDGE('',*,*,#1735,.F.);
#2200=CARTESIAN_POINT('',(22.098291392,69.5,0.));
#2201=DIRECTION('',(-0.,-0.,-1.));
#2202=DIRECTION('',(1.,0.,-0.));
#2203=AXIS2_PLACEMENT_3D('',#2200,#2201,#2202);
#2204=CIRCLE('',#2203,3.);
#2205=EDGE_CURVE('',#1724,#1846,#2204,.T.);
#2206=ORIENTED_EDGE('',*,*,#2205,.T.);
#2207=ORIENTED_EDGE('',*,*,#1866,.F.);
#2208=ORIENTED_EDGE('',*,*,#579,.T.);
#2209=EDGE_LOOP('',(#2199,#2206,#2207,#2208));
#2210=FACE_BOUND('',#2209,.T.);
#2211=ADVANCED_FACE('',(#2210),#2198,.T.);
#2212=CARTESIAN_POINT('',(78.098291392,69.5,0.));
#2213=DIRECTION('',(0.,0.,-1.));
#2214=DIRECTION('',(-0.,1.,0.));
#2215=AXIS2_PLACEMENT_3D('',#2212,#2213,#2214);
#2216=CYLINDRICAL_SURFACE('',#2215,3.);
#2217=ORIENTED_EDGE('',*,*,#1759,.F.);
#2218=ORIENTED_EDGE('',*,*,#630,.T.);
#2219=ORIENTED_EDGE('',*,*,#1797,.F.);
#2220=CARTESIAN_POINT('',(78.098291392,69.5,0.));
#2221=DIRECTION('',(-0.,-0.,-1.));
#2222=DIRECTION('',(1.,0.,-0.));
#2223=AXIS2_PLACEMENT_3D('',#2220,#2221,#2222);
#2224=CIRCLE('',#2223,3.);
#2225=EDGE_CURVE('',#1786,#1754,#2224,.T.);
#2226=ORIENTED_EDGE('',*,*,#2225,.T.);
#2227=EDGE_LOOP('',(#2217,#2218,#2219,#2226));
#2228=FACE_BOUND('',#2227,.T.);
#2229=ADVANCED_FACE('',(#2228),#2216,.T.);
#2230=CARTESIAN_POINT('',(54.452925,-24.122234231,-0.));
#2231=DIRECTION('',(0.,-0.,-1.));
#2232=DIRECTION('',(0.,1.,-0.));
#2233=AXIS2_PLACEMENT_3D('',#2230,#2231,#2232);
#2234=CYLINDRICAL_SURFACE('',#2233,1.6);
#2235=CARTESIAN_POINT('',(54.452925,-22.522234231,0.));
#2236=VERTEX_POINT('',#2235);
#2237=CARTESIAN_POINT('',(54.452925,-22.522234231,-5.));
#2238=DIRECTION('',(-0.,0.,1.));
#2239=VECTOR('',#2238,5.);
#2240=LINE('',#2237,#2239);
#2241=EDGE_CURVE('',#543,#2236,#2240,.T.);
#2242=ORIENTED_EDGE('',*,*,#2241,.F.);
#2243=ORIENTED_EDGE('',*,*,#551,.T.);
#2244=ORIENTED_EDGE('',*,*,#558,.T.);
#2245=ORIENTED_EDGE('',*,*,#2241,.T.);
#2246=CARTESIAN_POINT('',(56.052925,-24.122234231,0.));
#2247=VERTEX_POINT('',#2246);
#2248=CARTESIAN_POINT('',(54.452925,-24.122234231,0.));
#2249=DIRECTION('',(0.,0.,1.));
#2250=DIRECTION('',(1.,0.,-0.));
#2251=AXIS2_PLACEMENT_3D('',#2248,#2249,#2250);
#2252=CIRCLE('',#2251,1.6);
#2253=EDGE_CURVE('',#2236,#2247,#2252,.T.);
#2254=ORIENTED_EDGE('',*,*,#2253,.T.);
#2255=CARTESIAN_POINT('',(54.452925,-24.122234231,0.));
#2256=DIRECTION('',(0.,0.,1.));
#2257=DIRECTION('',(1.,0.,-0.));
#2258=AXIS2_PLACEMENT_3D('',#2255,#2256,#2257);
#2259=CIRCLE('',#2258,1.6);
#2260=EDGE_CURVE('',#2247,#2236,#2259,.T.);
#2261=ORIENTED_EDGE('',*,*,#2260,.T.);
#2262=EDGE_LOOP('',(#2242,#2243,#2244,#2245,#2254,#2261));
#2263=FACE_BOUND('',#2262,.T.);
#2264=ADVANCED_FACE('',(#2263),#2234,.F.);
#2265=CARTESIAN_POINT('',(45.547078361,24.122234231,0.));
#2266=DIRECTION('',(0.,0.,-1.));
#2267=DIRECTION('',(0.,1.,0.));
#2268=AXIS2_PLACEMENT_3D('',#2265,#2266,#2267);
#2269=CYLINDRICAL_SURFACE('',#2268,1.6);
#2270=CARTESIAN_POINT('',(45.547078361,25.722234231,0.));
#2271=VERTEX_POINT('',#2270);
#2272=CARTESIAN_POINT('',(45.547078361,25.722234231,-5.));
#2273=DIRECTION('',(-0.,-0.,1.));
#2274=VECTOR('',#2273,5.);
#2275=LINE('',#2272,#2274);
#2276=EDGE_CURVE('',#523,#2271,#2275,.T.);
#2277=ORIENTED_EDGE('',*,*,#2276,.F.);
#2278=ORIENTED_EDGE('',*,*,#531,.T.);
#2279=ORIENTED_EDGE('',*,*,#538,.T.);
#2280=ORIENTED_EDGE('',*,*,#2276,.T.);
#2281=CARTESIAN_POINT('',(47.147078361,24.122234231,0.));
#2282=VERTEX_POINT('',#2281);
#2283=CARTESIAN_POINT('',(45.547078361,24.122234231,0.));
#2284=DIRECTION('',(0.,0.,1.));
#2285=DIRECTION('',(1.,0.,-0.));
#2286=AXIS2_PLACEMENT_3D('',#2283,#2284,#2285);
#2287=CIRCLE('',#2286,1.6);
#2288=EDGE_CURVE('',#2271,#2282,#2287,.T.);
#2289=ORIENTED_EDGE('',*,*,#2288,.T.);
#2290=CARTESIAN_POINT('',(45.547078361,24.122234231,0.));
#2291=DIRECTION('',(0.,0.,1.));
#2292=DIRECTION('',(1.,0.,-0.));
#2293=AXIS2_PLACEMENT_3D('',#2290,#2291,#2292);
#2294=CIRCLE('',#2293,1.6);
#2295=EDGE_CURVE('',#2282,#2271,#2294,.T.);
#2296=ORIENTED_EDGE('',*,*,#2295,.T.);
#2297=EDGE_LOOP('',(#2277,#2278,#2279,#2280,#2289,#2296));
#2298=FACE_BOUND('',#2297,.T.);
#2299=ADVANCED_FACE('',(#2298),#2269,.F.);
#2300=CARTESIAN_POINT('',(84.452925013,-24.122234233,-0.));
#2301=DIRECTION('',(-0.,0.,-1.));
#2302=DIRECTION('',(0.887580344,0.460652943,0.));
#2303=AXIS2_PLACEMENT_3D('',#2300,#2301,#2302);
#2304=CYLINDRICAL_SURFACE('',#2303,1.599999986);
#2305=CARTESIAN_POINT('',(85.873053551,-23.385189531,0.));
#2306=VERTEX_POINT('',#2305);
#2307=CARTESIAN_POINT('',(85.873053551,-23.385189531,-5.));
#2308=DIRECTION('',(0.,-0.,1.));
#2309=VECTOR('',#2308,5.);
#2310=LINE('',#2307,#2309);
#2311=EDGE_CURVE('',#1125,#2306,#2310,.T.);
#2312=ORIENTED_EDGE('',*,*,#2311,.F.);
#2313=ORIENTED_EDGE('',*,*,#1133,.T.);
#2314=ORIENTED_EDGE('',*,*,#1140,.T.);
#2315=ORIENTED_EDGE('',*,*,#2311,.T.);
#2316=CARTESIAN_POINT('',(86.052925,-24.122234233,0.));
#2317=VERTEX_POINT('',#2316);
#2318=CARTESIAN_POINT('',(84.452925013,-24.122234233,0.));
#2319=DIRECTION('',(0.,0.,1.));
#2320=DIRECTION('',(1.,0.,-0.));
#2321=AXIS2_PLACEMENT_3D('',#2318,#2319,#2320);
#2322=CIRCLE('',#2321,1.599999986);
#2323=EDGE_CURVE('',#2306,#2317,#2322,.T.);
#2324=ORIENTED_EDGE('',*,*,#2323,.T.);
#2325=CARTESIAN_POINT('',(84.452925013,-24.122234233,0.));
#2326=DIRECTION('',(0.,0.,1.));
#2327=DIRECTION('',(1.,0.,-0.));
#2328=AXIS2_PLACEMENT_3D('',#2325,#2326,#2327);
#2329=CIRCLE('',#2328,1.599999986);
#2330=EDGE_CURVE('',#2317,#2306,#2329,.T.);
#2331=ORIENTED_EDGE('',*,*,#2330,.T.);
#2332=EDGE_LOOP('',(#2312,#2313,#2314,#2315,#2324,#2331));
#2333=FACE_BOUND('',#2332,.T.);
#2334=ADVANCED_FACE('',(#2333),#2304,.F.);
#2335=CARTESIAN_POINT('',(98.452925,-32.122234231,-0.));
#2336=DIRECTION('',(0.,0.,-1.));
#2337=DIRECTION('',(0.,1.,0.));
#2338=AXIS2_PLACEMENT_3D('',#2335,#2336,#2337);
#2339=CYLINDRICAL_SURFACE('',#2338,1.6);
#2340=CARTESIAN_POINT('',(98.452925,-30.522234231,0.));
#2341=VERTEX_POINT('',#2340);
#2342=CARTESIAN_POINT('',(98.452925,-30.522234231,-5.));
#2343=DIRECTION('',(-0.,-0.,1.));
#2344=VECTOR('',#2343,5.);
#2345=LINE('',#2342,#2344);
#2346=EDGE_CURVE('',#503,#2341,#2345,.T.);
#2347=ORIENTED_EDGE('',*,*,#2346,.F.);
#2348=ORIENTED_EDGE('',*,*,#511,.T.);
#2349=ORIENTED_EDGE('',*,*,#518,.T.);
#2350=ORIENTED_EDGE('',*,*,#2346,.T.);
#2351=CARTESIAN_POINT('',(100.052925,-32.122234231,0.));
#2352=VERTEX_POINT('',#2351);
#2353=CARTESIAN_POINT('',(98.452925,-32.122234231,0.));
#2354=DIRECTION('',(0.,0.,1.));
#2355=DIRECTION('',(1.,0.,-0.));
#2356=AXIS2_PLACEMENT_3D('',#2353,#2354,#2355);
#2357=CIRCLE('',#2356,1.6);
#2358=EDGE_CURVE('',#2341,#2352,#2357,.T.);
#2359=ORIENTED_EDGE('',*,*,#2358,.T.);
#2360=CARTESIAN_POINT('',(98.452925,-32.122234231,0.));
#2361=DIRECTION('',(0.,0.,1.));
#2362=DIRECTION('',(1.,0.,-0.));
#2363=AXIS2_PLACEMENT_3D('',#2360,#2361,#2362);
#2364=CIRCLE('',#2363,1.6);
#2365=EDGE_CURVE('',#2352,#2341,#2364,.T.);
#2366=ORIENTED_EDGE('',*,*,#2365,.T.);
#2367=EDGE_LOOP('',(#2347,#2348,#2349,#2350,#2359,#2366));
#2368=FACE_BOUND('',#2367,.T.);
#2369=ADVANCED_FACE('',(#2368),#2339,.F.);
#2370=CARTESIAN_POINT('',(40.452925,-32.122234231,-0.));
#2371=DIRECTION('',(0.,0.,-1.));
#2372=DIRECTION('',(0.,1.,0.));
#2373=AXIS2_PLACEMENT_3D('',#2370,#2371,#2372);
#2374=CYLINDRICAL_SURFACE('',#2373,1.6);
#2375=CARTESIAN_POINT('',(40.452925,-30.522234231,0.));
#2376=VERTEX_POINT('',#2375);
#2377=CARTESIAN_POINT('',(40.452925,-30.522234231,-5.));
#2378=DIRECTION('',(-0.,-0.,1.));
#2379=VECTOR('',#2378,5.);
#2380=LINE('',#2377,#2379);
#2381=EDGE_CURVE('',#483,#2376,#2380,.T.);
#2382=ORIENTED_EDGE('',*,*,#2381,.F.);
#2383=ORIENTED_EDGE('',*,*,#491,.T.);
#2384=ORIENTED_EDGE('',*,*,#498,.T.);
#2385=ORIENTED_EDGE('',*,*,#2381,.T.);
#2386=CARTESIAN_POINT('',(42.052925,-32.122234231,0.));
#2387=VERTEX_POINT('',#2386);
#2388=CARTESIAN_POINT('',(40.452925,-32.122234231,0.));
#2389=DIRECTION('',(0.,0.,1.));
#2390=DIRECTION('',(1.,0.,-0.));
#2391=AXIS2_PLACEMENT_3D('',#2388,#2389,#2390);
#2392=CIRCLE('',#2391,1.6);
#2393=EDGE_CURVE('',#2376,#2387,#2392,.T.);
#2394=ORIENTED_EDGE('',*,*,#2393,.T.);
#2395=CARTESIAN_POINT('',(40.452925,-32.122234231,0.));
#2396=DIRECTION('',(0.,0.,1.));
#2397=DIRECTION('',(1.,0.,-0.));
#2398=AXIS2_PLACEMENT_3D('',#2395,#2396,#2397);
#2399=CIRCLE('',#2398,1.6);
#2400=EDGE_CURVE('',#2387,#2376,#2399,.T.);
#2401=ORIENTED_EDGE('',*,*,#2400,.T.);
#2402=EDGE_LOOP('',(#2382,#2383,#2384,#2385,#2394,#2401));
#2403=FACE_BOUND('',#2402,.T.);
#2404=ADVANCED_FACE('',(#2403),#2374,.F.);
#2405=CARTESIAN_POINT('',(59.547078361,32.122234231,-0.));
#2406=DIRECTION('',(-0.,0.,-1.));
#2407=DIRECTION('',(-0.,1.,0.));
#2408=AXIS2_PLACEMENT_3D('',#2405,#2406,#2407);
#2409=CYLINDRICAL_SURFACE('',#2408,1.6);
#2410=CARTESIAN_POINT('',(59.547078361,33.722234231,0.));
#2411=VERTEX_POINT('',#2410);
#2412=CARTESIAN_POINT('',(59.547078361,33.722234231,-5.));
#2413=DIRECTION('',(0.,-0.,1.));
#2414=VECTOR('',#2413,5.);
#2415=LINE('',#2412,#2414);
#2416=EDGE_CURVE('',#463,#2411,#2415,.T.);
#2417=ORIENTED_EDGE('',*,*,#2416,.F.);
#2418=ORIENTED_EDGE('',*,*,#471,.T.);
#2419=ORIENTED_EDGE('',*,*,#478,.T.);
#2420=ORIENTED_EDGE('',*,*,#2416,.T.);
#2421=CARTESIAN_POINT('',(61.147078361,32.122234231,0.));
#2422=VERTEX_POINT('',#2421);
#2423=CARTESIAN_POINT('',(59.547078361,32.122234231,0.));
#2424=DIRECTION('',(0.,0.,1.));
#2425=DIRECTION('',(1.,0.,-0.));
#2426=AXIS2_PLACEMENT_3D('',#2423,#2424,#2425);
#2427=CIRCLE('',#2426,1.6);
#2428=EDGE_CURVE('',#2411,#2422,#2427,.T.);
#2429=ORIENTED_EDGE('',*,*,#2428,.T.);
#2430=CARTESIAN_POINT('',(59.547078361,32.122234231,0.));
#2431=DIRECTION('',(0.,0.,1.));
#2432=DIRECTION('',(1.,0.,-0.));
#2433=AXIS2_PLACEMENT_3D('',#2430,#2431,#2432);
#2434=CIRCLE('',#2433,1.6);
#2435=EDGE_CURVE('',#2422,#2411,#2434,.T.);
#2436=ORIENTED_EDGE('',*,*,#2435,.T.);
#2437=EDGE_LOOP('',(#2417,#2418,#2419,#2420,#2429,#2436));
#2438=FACE_BOUND('',#2437,.T.);
#2439=ADVANCED_FACE('',(#2438),#2409,.F.);
#2440=CARTESIAN_POINT('',(-87.75,33.,-0.));
#2441=DIRECTION('',(0.,0.,-1.));
#2442=DIRECTION('',(0.,1.,0.));
#2443=AXIS2_PLACEMENT_3D('',#2440,#2441,#2442);
#2444=CYLINDRICAL_SURFACE('',#2443,1.6);
#2445=CARTESIAN_POINT('',(-87.75,34.6,0.));
#2446=VERTEX_POINT('',#2445);
#2447=CARTESIAN_POINT('',(-87.75,34.6,-5.));
#2448=DIRECTION('',(-0.,-0.,1.));
#2449=VECTOR('',#2448,5.);
#2450=LINE('',#2447,#2449);
#2451=EDGE_CURVE('',#443,#2446,#2450,.T.);
#2452=ORIENTED_EDGE('',*,*,#2451,.F.);
#2453=ORIENTED_EDGE('',*,*,#451,.T.);
#2454=ORIENTED_EDGE('',*,*,#458,.T.);
#2455=ORIENTED_EDGE('',*,*,#2451,.T.);
#2456=CARTESIAN_POINT('',(-86.15,33.,0.));
#2457=VERTEX_POINT('',#2456);
#2458=CARTESIAN_POINT('',(-87.75,33.,0.));
#2459=DIRECTION('',(0.,0.,1.));
#2460=DIRECTION('',(1.,0.,-0.));
#2461=AXIS2_PLACEMENT_3D('',#2458,#2459,#2460);
#2462=CIRCLE('',#2461,1.6);
#2463=EDGE_CURVE('',#2446,#2457,#2462,.T.);
#2464=ORIENTED_EDGE('',*,*,#2463,.T.);
#2465=CARTESIAN_POINT('',(-87.75,33.,0.));
#2466=DIRECTION('',(0.,0.,1.));
#2467=DIRECTION('',(1.,0.,-0.));
#2468=AXIS2_PLACEMENT_3D('',#2465,#2466,#2467);
#2469=CIRCLE('',#2468,1.6);
#2470=EDGE_CURVE('',#2457,#2446,#2469,.T.);
#2471=ORIENTED_EDGE('',*,*,#2470,.T.);
#2472=EDGE_LOOP('',(#2452,#2453,#2454,#2455,#2464,#2471));
#2473=FACE_BOUND('',#2472,.T.);
#2474=ADVANCED_FACE('',(#2473),#2444,.F.);
#2475=CARTESIAN_POINT('',(-111.75,33.,-0.));
#2476=DIRECTION('',(0.,0.,-1.));
#2477=DIRECTION('',(0.,1.,0.));
#2478=AXIS2_PLACEMENT_3D('',#2475,#2476,#2477);
#2479=CYLINDRICAL_SURFACE('',#2478,1.6);
#2480=CARTESIAN_POINT('',(-111.75,34.6,0.));
#2481=VERTEX_POINT('',#2480);
#2482=CARTESIAN_POINT('',(-111.75,34.6,-5.));
#2483=DIRECTION('',(-0.,-0.,1.));
#2484=VECTOR('',#2483,5.);
#2485=LINE('',#2482,#2484);
#2486=EDGE_CURVE('',#423,#2481,#2485,.T.);
#2487=ORIENTED_EDGE('',*,*,#2486,.F.);
#2488=ORIENTED_EDGE('',*,*,#431,.T.);
#2489=ORIENTED_EDGE('',*,*,#438,.T.);
#2490=ORIENTED_EDGE('',*,*,#2486,.T.);
#2491=CARTESIAN_POINT('',(-110.15,33.,0.));
#2492=VERTEX_POINT('',#2491);
#2493=CARTESIAN_POINT('',(-111.75,33.,0.));
#2494=DIRECTION('',(0.,0.,1.));
#2495=DIRECTION('',(1.,0.,-0.));
#2496=AXIS2_PLACEMENT_3D('',#2493,#2494,#2495);
#2497=CIRCLE('',#2496,1.6);
#2498=EDGE_CURVE('',#2481,#2492,#2497,.T.);
#2499=ORIENTED_EDGE('',*,*,#2498,.T.);
#2500=CARTESIAN_POINT('',(-111.75,33.,0.));
#2501=DIRECTION('',(0.,0.,1.));
#2502=DIRECTION('',(1.,0.,-0.));
#2503=AXIS2_PLACEMENT_3D('',#2500,#2501,#2502);
#2504=CIRCLE('',#2503,1.6);
#2505=EDGE_CURVE('',#2492,#2481,#2504,.T.);
#2506=ORIENTED_EDGE('',*,*,#2505,.T.);
#2507=EDGE_LOOP('',(#2487,#2488,#2489,#2490,#2499,#2506));
#2508=FACE_BOUND('',#2507,.T.);
#2509=ADVANCED_FACE('',(#2508),#2479,.F.);
#2510=CARTESIAN_POINT('',(-111.75,63.,-0.));
#2511=DIRECTION('',(0.,0.,-1.));
#2512=DIRECTION('',(-0.,1.,0.));
#2513=AXIS2_PLACEMENT_3D('',#2510,#2511,#2512);
#2514=CYLINDRICAL_SURFACE('',#2513,1.6);
#2515=CARTESIAN_POINT('',(-111.75,64.6,0.));
#2516=VERTEX_POINT('',#2515);
#2517=CARTESIAN_POINT('',(-111.75,64.6,-5.));
#2518=DIRECTION('',(-0.,-0.,1.));
#2519=VECTOR('',#2518,5.);
#2520=LINE('',#2517,#2519);
#2521=EDGE_CURVE('',#403,#2516,#2520,.T.);
#2522=ORIENTED_EDGE('',*,*,#2521,.F.);
#2523=ORIENTED_EDGE('',*,*,#411,.T.);
#2524=ORIENTED_EDGE('',*,*,#418,.T.);
#2525=ORIENTED_EDGE('',*,*,#2521,.T.);
#2526=CARTESIAN_POINT('',(-110.15,63.,0.));
#2527=VERTEX_POINT('',#2526);
#2528=CARTESIAN_POINT('',(-111.75,63.,0.));
#2529=DIRECTION('',(0.,0.,1.));
#2530=DIRECTION('',(1.,0.,-0.));
#2531=AXIS2_PLACEMENT_3D('',#2528,#2529,#2530);
#2532=CIRCLE('',#2531,1.6);
#2533=EDGE_CURVE('',#2516,#2527,#2532,.T.);
#2534=ORIENTED_EDGE('',*,*,#2533,.T.);
#2535=CARTESIAN_POINT('',(-111.75,63.,0.));
#2536=DIRECTION('',(0.,0.,1.));
#2537=DIRECTION('',(1.,0.,-0.));
#2538=AXIS2_PLACEMENT_3D('',#2535,#2536,#2537);
#2539=CIRCLE('',#2538,1.6);
#2540=EDGE_CURVE('',#2527,#2516,#2539,.T.);
#2541=ORIENTED_EDGE('',*,*,#2540,.T.);
#2542=EDGE_LOOP('',(#2522,#2523,#2524,#2525,#2534,#2541));
#2543=FACE_BOUND('',#2542,.T.);
#2544=ADVANCED_FACE('',(#2543),#2514,.F.);
#2545=CARTESIAN_POINT('',(-87.75,63.,-0.));
#2546=DIRECTION('',(0.,0.,-1.));
#2547=DIRECTION('',(-0.,1.,0.));
#2548=AXIS2_PLACEMENT_3D('',#2545,#2546,#2547);
#2549=CYLINDRICAL_SURFACE('',#2548,1.6);
#2550=CARTESIAN_POINT('',(-87.75,64.6,0.));
#2551=VERTEX_POINT('',#2550);
#2552=CARTESIAN_POINT('',(-87.75,64.6,-5.));
#2553=DIRECTION('',(-0.,-0.,1.));
#2554=VECTOR('',#2553,5.);
#2555=LINE('',#2552,#2554);
#2556=EDGE_CURVE('',#383,#2551,#2555,.T.);
#2557=ORIENTED_EDGE('',*,*,#2556,.F.);
#2558=ORIENTED_EDGE('',*,*,#391,.T.);
#2559=ORIENTED_EDGE('',*,*,#398,.T.);
#2560=ORIENTED_EDGE('',*,*,#2556,.T.);
#2561=CARTESIAN_POINT('',(-86.15,63.,0.));
#2562=VERTEX_POINT('',#2561);
#2563=CARTESIAN_POINT('',(-87.75,63.,0.));
#2564=DIRECTION('',(0.,0.,1.));
#2565=DIRECTION('',(1.,0.,-0.));
#2566=AXIS2_PLACEMENT_3D('',#2563,#2564,#2565);
#2567=CIRCLE('',#2566,1.6);
#2568=EDGE_CURVE('',#2551,#2562,#2567,.T.);
#2569=ORIENTED_EDGE('',*,*,#2568,.T.);
#2570=CARTESIAN_POINT('',(-87.75,63.,0.));
#2571=DIRECTION('',(0.,0.,1.));
#2572=DIRECTION('',(1.,0.,-0.));
#2573=AXIS2_PLACEMENT_3D('',#2570,#2571,#2572);
#2574=CIRCLE('',#2573,1.6);
#2575=EDGE_CURVE('',#2562,#2551,#2574,.T.);
#2576=ORIENTED_EDGE('',*,*,#2575,.T.);
#2577=EDGE_LOOP('',(#2557,#2558,#2559,#2560,#2569,#2576));
#2578=FACE_BOUND('',#2577,.T.);
#2579=ADVANCED_FACE('',(#2578),#2549,.F.);
#2580=CARTESIAN_POINT('',(-111.75,-33.,-0.));
#2581=DIRECTION('',(0.,0.,-1.));
#2582=DIRECTION('',(0.,1.,0.));
#2583=AXIS2_PLACEMENT_3D('',#2580,#2581,#2582);
#2584=CYLINDRICAL_SURFACE('',#2583,1.6);
#2585=CARTESIAN_POINT('',(-111.75,-31.4,0.));
#2586=VERTEX_POINT('',#2585);
#2587=CARTESIAN_POINT('',(-111.75,-31.4,-5.));
#2588=DIRECTION('',(-0.,-0.,1.));
#2589=VECTOR('',#2588,5.);
#2590=LINE('',#2587,#2589);
#2591=EDGE_CURVE('',#363,#2586,#2590,.T.);
#2592=ORIENTED_EDGE('',*,*,#2591,.F.);
#2593=ORIENTED_EDGE('',*,*,#371,.T.);
#2594=ORIENTED_EDGE('',*,*,#378,.T.);
#2595=ORIENTED_EDGE('',*,*,#2591,.T.);
#2596=CARTESIAN_POINT('',(-110.15,-33.,0.));
#2597=VERTEX_POINT('',#2596);
#2598=CARTESIAN_POINT('',(-111.75,-33.,0.));
#2599=DIRECTION('',(0.,0.,1.));
#2600=DIRECTION('',(1.,0.,-0.));
#2601=AXIS2_PLACEMENT_3D('',#2598,#2599,#2600);
#2602=CIRCLE('',#2601,1.6);
#2603=EDGE_CURVE('',#2586,#2597,#2602,.T.);
#2604=ORIENTED_EDGE('',*,*,#2603,.T.);
#2605=CARTESIAN_POINT('',(-111.75,-33.,0.));
#2606=DIRECTION('',(0.,0.,1.));
#2607=DIRECTION('',(1.,0.,-0.));
#2608=AXIS2_PLACEMENT_3D('',#2605,#2606,#2607);
#2609=CIRCLE('',#2608,1.6);
#2610=EDGE_CURVE('',#2597,#2586,#2609,.T.);
#2611=ORIENTED_EDGE('',*,*,#2610,.T.);
#2612=EDGE_LOOP('',(#2592,#2593,#2594,#2595,#2604,#2611));
#2613=FACE_BOUND('',#2612,.T.);
#2614=ADVANCED_FACE('',(#2613),#2584,.F.);
#2615=CARTESIAN_POINT('',(-87.75,-33.,-0.));
#2616=DIRECTION('',(0.,0.,-1.));
#2617=DIRECTION('',(0.,1.,0.));
#2618=AXIS2_PLACEMENT_3D('',#2615,#2616,#2617);
#2619=CYLINDRICAL_SURFACE('',#2618,1.6);
#2620=CARTESIAN_POINT('',(-87.75,-31.4,0.));
#2621=VERTEX_POINT('',#2620);
#2622=CARTESIAN_POINT('',(-87.75,-31.4,-5.));
#2623=DIRECTION('',(-0.,-0.,1.));
#2624=VECTOR('',#2623,5.);
#2625=LINE('',#2622,#2624);
#2626=EDGE_CURVE('',#343,#2621,#2625,.T.);
#2627=ORIENTED_EDGE('',*,*,#2626,.F.);
#2628=ORIENTED_EDGE('',*,*,#351,.T.);
#2629=ORIENTED_EDGE('',*,*,#358,.T.);
#2630=ORIENTED_EDGE('',*,*,#2626,.T.);
#2631=CARTESIAN_POINT('',(-86.15,-33.,0.));
#2632=VERTEX_POINT('',#2631);
#2633=CARTESIAN_POINT('',(-87.75,-33.,0.));
#2634=DIRECTION('',(0.,0.,1.));
#2635=DIRECTION('',(1.,0.,-0.));
#2636=AXIS2_PLACEMENT_3D('',#2633,#2634,#2635);
#2637=CIRCLE('',#2636,1.6);
#2638=EDGE_CURVE('',#2621,#2632,#2637,.T.);
#2639=ORIENTED_EDGE('',*,*,#2638,.T.);
#2640=CARTESIAN_POINT('',(-87.75,-33.,0.));
#2641=DIRECTION('',(0.,0.,1.));
#2642=DIRECTION('',(1.,0.,-0.));
#2643=AXIS2_PLACEMENT_3D('',#2640,#2641,#2642);
#2644=CIRCLE('',#2643,1.6);
#2645=EDGE_CURVE('',#2632,#2621,#2644,.T.);
#2646=ORIENTED_EDGE('',*,*,#2645,.T.);
#2647=EDGE_LOOP('',(#2627,#2628,#2629,#2630,#2639,#2646));
#2648=FACE_BOUND('',#2647,.T.);
#2649=ADVANCED_FACE('',(#2648),#2619,.F.);
#2650=CARTESIAN_POINT('',(1.547078361,32.122234231,-0.));
#2651=DIRECTION('',(0.,-0.,-1.));
#2652=DIRECTION('',(0.301950588,-0.953323577,0.));
#2653=AXIS2_PLACEMENT_3D('',#2650,#2651,#2652);
#2654=CYLINDRICAL_SURFACE('',#2653,1.6);
#2655=CARTESIAN_POINT('',(2.030199302,30.596916508,0.));
#2656=VERTEX_POINT('',#2655);
#2657=CARTESIAN_POINT('',(2.030199302,30.596916508,-5.));
#2658=DIRECTION('',(-0.,0.,1.));
#2659=VECTOR('',#2658,5.);
#2660=LINE('',#2657,#2659);
#2661=EDGE_CURVE('',#1105,#2656,#2660,.T.);
#2662=ORIENTED_EDGE('',*,*,#2661,.F.);
#2663=ORIENTED_EDGE('',*,*,#1113,.T.);
#2664=ORIENTED_EDGE('',*,*,#1120,.T.);
#2665=ORIENTED_EDGE('',*,*,#2661,.T.);
#2666=CARTESIAN_POINT('',(3.147078361,32.122234231,0.));
#2667=VERTEX_POINT('',#2666);
#2668=CARTESIAN_POINT('',(1.547078361,32.122234231,0.));
#2669=DIRECTION('',(0.,0.,1.));
#2670=DIRECTION('',(1.,0.,-0.));
#2671=AXIS2_PLACEMENT_3D('',#2668,#2669,#2670);
#2672=CIRCLE('',#2671,1.6);
#2673=EDGE_CURVE('',#2656,#2667,#2672,.T.);
#2674=ORIENTED_EDGE('',*,*,#2673,.T.);
#2675=CARTESIAN_POINT('',(1.547078361,32.122234231,0.));
#2676=DIRECTION('',(0.,0.,1.));
#2677=DIRECTION('',(1.,0.,-0.));
#2678=AXIS2_PLACEMENT_3D('',#2675,#2676,#2677);
#2679=CIRCLE('',#2678,1.6);
#2680=EDGE_CURVE('',#2667,#2656,#2679,.T.);
#2681=ORIENTED_EDGE('',*,*,#2680,.T.);
#2682=EDGE_LOOP('',(#2662,#2663,#2664,#2665,#2674,#2681));
#2683=FACE_BOUND('',#2682,.T.);
#2684=ADVANCED_FACE('',(#2683),#2654,.F.);
#2685=CARTESIAN_POINT('',(15.547078361,24.122234231,0.));
#2686=DIRECTION('',(-0.,0.,-1.));
#2687=DIRECTION('',(-0.,1.,0.));
#2688=AXIS2_PLACEMENT_3D('',#2685,#2686,#2687);
#2689=CYLINDRICAL_SURFACE('',#2688,1.6);
#2690=CARTESIAN_POINT('',(15.547078361,25.722234231,0.));
#2691=VERTEX_POINT('',#2690);
#2692=CARTESIAN_POINT('',(15.547078361,25.722234231,-5.));
#2693=DIRECTION('',(0.,-0.,1.));
#2694=VECTOR('',#2693,5.);
#2695=LINE('',#2692,#2694);
#2696=EDGE_CURVE('',#323,#2691,#2695,.T.);
#2697=ORIENTED_EDGE('',*,*,#2696,.F.);
#2698=ORIENTED_EDGE('',*,*,#331,.T.);
#2699=ORIENTED_EDGE('',*,*,#338,.T.);
#2700=ORIENTED_EDGE('',*,*,#2696,.T.);
#2701=CARTESIAN_POINT('',(17.147078361,24.122234231,0.));
#2702=VERTEX_POINT('',#2701);
#2703=CARTESIAN_POINT('',(15.547078361,24.122234231,0.));
#2704=DIRECTION('',(0.,0.,1.));
#2705=DIRECTION('',(1.,0.,-0.));
#2706=AXIS2_PLACEMENT_3D('',#2703,#2704,#2705);
#2707=CIRCLE('',#2706,1.6);
#2708=EDGE_CURVE('',#2691,#2702,#2707,.T.);
#2709=ORIENTED_EDGE('',*,*,#2708,.T.);
#2710=CARTESIAN_POINT('',(15.547078361,24.122234231,0.));
#2711=DIRECTION('',(0.,0.,1.));
#2712=DIRECTION('',(1.,0.,-0.));
#2713=AXIS2_PLACEMENT_3D('',#2710,#2711,#2712);
#2714=CIRCLE('',#2713,1.6);
#2715=EDGE_CURVE('',#2702,#2691,#2714,.T.);
#2716=ORIENTED_EDGE('',*,*,#2715,.T.);
#2717=EDGE_LOOP('',(#2697,#2698,#2699,#2700,#2709,#2716));
#2718=FACE_BOUND('',#2717,.T.);
#2719=ADVANCED_FACE('',(#2718),#2689,.F.);
#2720=CARTESIAN_POINT('',(-111.75,-63.,0.));
#2721=DIRECTION('',(0.,0.,-1.));
#2722=DIRECTION('',(-0.,1.,0.));
#2723=AXIS2_PLACEMENT_3D('',#2720,#2721,#2722);
#2724=CYLINDRICAL_SURFACE('',#2723,1.6);
#2725=CARTESIAN_POINT('',(-111.75,-61.4,0.));
#2726=VERTEX_POINT('',#2725);
#2727=CARTESIAN_POINT('',(-111.75,-61.4,-5.));
#2728=DIRECTION('',(-0.,-0.,1.));
#2729=VECTOR('',#2728,5.);
#2730=LINE('',#2727,#2729);
#2731=EDGE_CURVE('',#283,#2726,#2730,.T.);
#2732=ORIENTED_EDGE('',*,*,#2731,.F.);
#2733=ORIENTED_EDGE('',*,*,#291,.T.);
#2734=ORIENTED_EDGE('',*,*,#298,.T.);
#2735=ORIENTED_EDGE('',*,*,#2731,.T.);
#2736=CARTESIAN_POINT('',(-110.15,-63.,0.));
#2737=VERTEX_POINT('',#2736);
#2738=CARTESIAN_POINT('',(-111.75,-63.,0.));
#2739=DIRECTION('',(0.,0.,1.));
#2740=DIRECTION('',(1.,0.,-0.));
#2741=AXIS2_PLACEMENT_3D('',#2738,#2739,#2740);
#2742=CIRCLE('',#2741,1.6);
#2743=EDGE_CURVE('',#2726,#2737,#2742,.T.);
#2744=ORIENTED_EDGE('',*,*,#2743,.T.);
#2745=CARTESIAN_POINT('',(-111.75,-63.,0.));
#2746=DIRECTION('',(0.,0.,1.));
#2747=DIRECTION('',(1.,0.,-0.));
#2748=AXIS2_PLACEMENT_3D('',#2745,#2746,#2747);
#2749=CIRCLE('',#2748,1.6);
#2750=EDGE_CURVE('',#2737,#2726,#2749,.T.);
#2751=ORIENTED_EDGE('',*,*,#2750,.T.);
#2752=EDGE_LOOP('',(#2732,#2733,#2734,#2735,#2744,#2751));
#2753=FACE_BOUND('',#2752,.T.);
#2754=ADVANCED_FACE('',(#2753),#2724,.F.);
#2755=CARTESIAN_POINT('',(-87.75,-63.,-0.));
#2756=DIRECTION('',(0.,0.,-1.));
#2757=DIRECTION('',(0.,1.,0.));
#2758=AXIS2_PLACEMENT_3D('',#2755,#2756,#2757);
#2759=CYLINDRICAL_SURFACE('',#2758,1.6);
#2760=CARTESIAN_POINT('',(-87.75,-61.4,0.));
#2761=VERTEX_POINT('',#2760);
#2762=CARTESIAN_POINT('',(-87.75,-61.4,-5.));
#2763=DIRECTION('',(-0.,-0.,1.));
#2764=VECTOR('',#2763,5.);
#2765=LINE('',#2762,#2764);
#2766=EDGE_CURVE('',#303,#2761,#2765,.T.);
#2767=ORIENTED_EDGE('',*,*,#2766,.F.);
#2768=ORIENTED_EDGE('',*,*,#311,.T.);
#2769=ORIENTED_EDGE('',*,*,#318,.T.);
#2770=ORIENTED_EDGE('',*,*,#2766,.T.);
#2771=CARTESIAN_POINT('',(-86.15,-63.,0.));
#2772=VERTEX_POINT('',#2771);
#2773=CARTESIAN_POINT('',(-87.75,-63.,0.));
#2774=DIRECTION('',(0.,0.,1.));
#2775=DIRECTION('',(1.,0.,-0.));
#2776=AXIS2_PLACEMENT_3D('',#2773,#2774,#2775);
#2777=CIRCLE('',#2776,1.6);
#2778=EDGE_CURVE('',#2761,#2772,#2777,.T.);
#2779=ORIENTED_EDGE('',*,*,#2778,.T.);
#2780=CARTESIAN_POINT('',(-87.75,-63.,0.));
#2781=DIRECTION('',(0.,0.,1.));
#2782=DIRECTION('',(1.,0.,-0.));
#2783=AXIS2_PLACEMENT_3D('',#2780,#2781,#2782);
#2784=CIRCLE('',#2783,1.6);
#2785=EDGE_CURVE('',#2772,#2761,#2784,.T.);
#2786=ORIENTED_EDGE('',*,*,#2785,.T.);
#2787=EDGE_LOOP('',(#2767,#2768,#2769,#2770,#2779,#2786));
#2788=FACE_BOUND('',#2787,.T.);
#2789=ADVANCED_FACE('',(#2788),#2759,.F.);
#2790=CARTESIAN_POINT('',(-114.,0.,0.));
#2791=DIRECTION('',(0.,0.,1.));
#2792=DIRECTION('',(0.,1.,0.));
#2793=AXIS2_PLACEMENT_3D('',#2790,#2791,#2792);
#2794=PLANE('',#2793);
#2795=ORIENTED_EDGE('',*,*,#103,.F.);
#2796=EDGE_LOOP('',(#2795));
#2797=FACE_BOUND('',#2796,.T.);
#2798=CARTESIAN_POINT('',(100.35,-10.,0.));
#2799=VERTEX_POINT('',#2798);
#2800=CARTESIAN_POINT('',(98.75,-10.,0.));
#2801=DIRECTION('',(0.,0.,1.));
#2802=DIRECTION('',(1.,0.,-0.));
#2803=AXIS2_PLACEMENT_3D('',#2800,#2801,#2802);
#2804=CIRCLE('',#2803,1.6);
#2805=EDGE_CURVE('',#2799,#2799,#2804,.T.);
#2806=ORIENTED_EDGE('',*,*,#2805,.F.);
#2807=EDGE_LOOP('',(#2806));
#2808=FACE_BOUND('',#2807,.T.);
#2809=CARTESIAN_POINT('',(99.6,10.,0.));
#2810=VERTEX_POINT('',#2809);
#2811=CARTESIAN_POINT('',(98.,10.,0.));
#2812=DIRECTION('',(0.,0.,1.));
#2813=DIRECTION('',(1.,0.,-0.));
#2814=AXIS2_PLACEMENT_3D('',#2811,#2812,#2813);
#2815=CIRCLE('',#2814,1.6);
#2816=EDGE_CURVE('',#2810,#2810,#2815,.T.);
#2817=ORIENTED_EDGE('',*,*,#2816,.F.);
#2818=EDGE_LOOP('',(#2817));
#2819=FACE_BOUND('',#2818,.T.);
#2820=CARTESIAN_POINT('',(-132.15,-26.772374842,0.));
#2821=VERTEX_POINT('',#2820);
#2822=CARTESIAN_POINT('',(-133.75,-26.772374842,0.));
#2823=DIRECTION('',(0.,0.,1.));
#2824=DIRECTION('',(1.,0.,-0.));
#2825=AXIS2_PLACEMENT_3D('',#2822,#2823,#2824);
#2826=CIRCLE('',#2825,1.6);
#2827=EDGE_CURVE('',#2821,#2821,#2826,.T.);
#2828=ORIENTED_EDGE('',*,*,#2827,.F.);
#2829=EDGE_LOOP('',(#2828));
#2830=FACE_BOUND('',#2829,.T.);
#2831=CARTESIAN_POINT('',(-132.15,-6.772374842,0.));
#2832=VERTEX_POINT('',#2831);
#2833=CARTESIAN_POINT('',(-133.75,-6.772374842,0.));
#2834=DIRECTION('',(0.,0.,1.));
#2835=DIRECTION('',(1.,0.,-0.));
#2836=AXIS2_PLACEMENT_3D('',#2833,#2834,#2835);
#2837=CIRCLE('',#2836,1.6);
#2838=EDGE_CURVE('',#2832,#2832,#2837,.T.);
#2839=ORIENTED_EDGE('',*,*,#2838,.F.);
#2840=EDGE_LOOP('',(#2839));
#2841=FACE_BOUND('',#2840,.T.);
#2842=CARTESIAN_POINT('',(-132.15,-46.772374842,0.));
#2843=VERTEX_POINT('',#2842);
#2844=CARTESIAN_POINT('',(-133.75,-46.772374842,0.));
#2845=DIRECTION('',(0.,0.,1.));
#2846=DIRECTION('',(1.,0.,-0.));
#2847=AXIS2_PLACEMENT_3D('',#2844,#2845,#2846);
#2848=CIRCLE('',#2847,1.6);
#2849=EDGE_CURVE('',#2843,#2843,#2848,.T.);
#2850=ORIENTED_EDGE('',*,*,#2849,.F.);
#2851=EDGE_LOOP('',(#2850));
#2852=FACE_BOUND('',#2851,.T.);
#2853=CARTESIAN_POINT('',(-132.15,13.227625158,0.));
#2854=VERTEX_POINT('',#2853);
#2855=CARTESIAN_POINT('',(-133.75,13.227625158,0.));
#2856=DIRECTION('',(0.,0.,1.));
#2857=DIRECTION('',(1.,0.,-0.));
#2858=AXIS2_PLACEMENT_3D('',#2855,#2856,#2857);
#2859=CIRCLE('',#2858,1.6);
#2860=EDGE_CURVE('',#2854,#2854,#2859,.T.);
#2861=ORIENTED_EDGE('',*,*,#2860,.F.);
#2862=EDGE_LOOP('',(#2861));
#2863=FACE_BOUND('',#2862,.T.);
#2864=CARTESIAN_POINT('',(-132.15,33.227625158,0.));
#2865=VERTEX_POINT('',#2864);
#2866=CARTESIAN_POINT('',(-133.75,33.227625158,0.));
#2867=DIRECTION('',(0.,0.,1.));
#2868=DIRECTION('',(1.,0.,-0.));
#2869=AXIS2_PLACEMENT_3D('',#2866,#2867,#2868);
#2870=CIRCLE('',#2869,1.6);
#2871=EDGE_CURVE('',#2865,#2865,#2870,.T.);
#2872=ORIENTED_EDGE('',*,*,#2871,.F.);
#2873=EDGE_LOOP('',(#2872));
#2874=FACE_BOUND('',#2873,.T.);
#2875=CARTESIAN_POINT('',(-132.15,53.227625158,0.));
#2876=VERTEX_POINT('',#2875);
#2877=CARTESIAN_POINT('',(-133.75,53.227625158,0.));
#2878=DIRECTION('',(0.,0.,1.));
#2879=DIRECTION('',(1.,0.,-0.));
#2880=AXIS2_PLACEMENT_3D('',#2877,#2878,#2879);
#2881=CIRCLE('',#2880,1.6);
#2882=EDGE_CURVE('',#2876,#2876,#2881,.T.);
#2883=ORIENTED_EDGE('',*,*,#2882,.F.);
#2884=EDGE_LOOP('',(#2883));
#2885=FACE_BOUND('',#2884,.T.);
#2886=CARTESIAN_POINT('',(-61.068695906,-31.75,0.));
#2887=VERTEX_POINT('',#2886);
#2888=CARTESIAN_POINT('',(-57.868695906,-31.75,0.));
#2889=VERTEX_POINT('',#2888);
#2890=CARTESIAN_POINT('',(-59.468695906,-31.75,0.));
#2891=DIRECTION('',(0.,0.,1.));
#2892=DIRECTION('',(1.,0.,-0.));
#2893=AXIS2_PLACEMENT_3D('',#2890,#2891,#2892);
#2894=CIRCLE('',#2893,1.6);
#2895=EDGE_CURVE('',#2887,#2889,#2894,.T.);
#2896=ORIENTED_EDGE('',*,*,#2895,.F.);
#2897=CARTESIAN_POINT('',(-59.468695906,-31.75,0.));
#2898=DIRECTION('',(0.,0.,1.));
#2899=DIRECTION('',(1.,0.,-0.));
#2900=AXIS2_PLACEMENT_3D('',#2897,#2898,#2899);
#2901=CIRCLE('',#2900,1.6);
#2902=EDGE_CURVE('',#2889,#2887,#2901,.T.);
#2903=ORIENTED_EDGE('',*,*,#2902,.F.);
#2904=EDGE_LOOP('',(#2896,#2903));
#2905=FACE_BOUND('',#2904,.T.);
#2906=CARTESIAN_POINT('',(-43.74818783,-41.75,0.));
#2907=VERTEX_POINT('',#2906);
#2908=CARTESIAN_POINT('',(-40.54818783,-41.75,0.));
#2909=VERTEX_POINT('',#2908);
#2910=CARTESIAN_POINT('',(-42.14818783,-41.75,0.));
#2911=DIRECTION('',(0.,0.,1.));
#2912=DIRECTION('',(1.,0.,-0.));
#2913=AXIS2_PLACEMENT_3D('',#2910,#2911,#2912);
#2914=CIRCLE('',#2913,1.6);
#2915=EDGE_CURVE('',#2907,#2909,#2914,.T.);
#2916=ORIENTED_EDGE('',*,*,#2915,.F.);
#2917=CARTESIAN_POINT('',(-42.14818783,-41.75,0.));
#2918=DIRECTION('',(0.,0.,1.));
#2919=DIRECTION('',(1.,0.,-0.));
#2920=AXIS2_PLACEMENT_3D('',#2917,#2918,#2919);
#2921=CIRCLE('',#2920,1.6);
#2922=EDGE_CURVE('',#2909,#2907,#2921,.T.);
#2923=ORIENTED_EDGE('',*,*,#2922,.F.);
#2924=EDGE_LOOP('',(#2916,#2923));
#2925=FACE_BOUND('',#2924,.T.);
#2926=CARTESIAN_POINT('',(-61.068695906,31.75,0.));
#2927=VERTEX_POINT('',#2926);
#2928=CARTESIAN_POINT('',(-57.868695906,31.75,0.));
#2929=VERTEX_POINT('',#2928);
#2930=CARTESIAN_POINT('',(-59.468695906,31.75,0.));
#2931=DIRECTION('',(0.,0.,1.));
#2932=DIRECTION('',(1.,0.,-0.));
#2933=AXIS2_PLACEMENT_3D('',#2930,#2931,#2932);
#2934=CIRCLE('',#2933,1.6);
#2935=EDGE_CURVE('',#2927,#2929,#2934,.T.);
#2936=ORIENTED_EDGE('',*,*,#2935,.F.);
#2937=CARTESIAN_POINT('',(-59.468695906,31.75,0.));
#2938=DIRECTION('',(0.,0.,1.));
#2939=DIRECTION('',(1.,0.,-0.));
#2940=AXIS2_PLACEMENT_3D('',#2937,#2938,#2939);
#2941=CIRCLE('',#2940,1.6);
#2942=EDGE_CURVE('',#2929,#2927,#2941,.T.);
#2943=ORIENTED_EDGE('',*,*,#2942,.F.);
#2944=EDGE_LOOP('',(#2936,#2943));
#2945=FACE_BOUND('',#2944,.T.);
#2946=CARTESIAN_POINT('',(-43.74818783,41.75,0.));
#2947=VERTEX_POINT('',#2946);
#2948=CARTESIAN_POINT('',(-40.54818783,41.75,0.));
#2949=VERTEX_POINT('',#2948);
#2950=CARTESIAN_POINT('',(-42.14818783,41.75,0.));
#2951=DIRECTION('',(0.,0.,1.));
#2952=DIRECTION('',(1.,0.,-0.));
#2953=AXIS2_PLACEMENT_3D('',#2950,#2951,#2952);
#2954=CIRCLE('',#2953,1.6);
#2955=EDGE_CURVE('',#2947,#2949,#2954,.T.);
#2956=ORIENTED_EDGE('',*,*,#2955,.F.);
#2957=CARTESIAN_POINT('',(-42.14818783,41.75,0.));
#2958=DIRECTION('',(0.,0.,1.));
#2959=DIRECTION('',(1.,0.,-0.));
#2960=AXIS2_PLACEMENT_3D('',#2957,#2958,#2959);
#2961=CIRCLE('',#2960,1.6);
#2962=EDGE_CURVE('',#2949,#2947,#2961,.T.);
#2963=ORIENTED_EDGE('',*,*,#2962,.F.);
#2964=EDGE_LOOP('',(#2956,#2963));
#2965=FACE_BOUND('',#2964,.T.);
#2966=ORIENTED_EDGE('',*,*,#2323,.F.);
#2967=ORIENTED_EDGE('',*,*,#2330,.F.);
#2968=EDGE_LOOP('',(#2966,#2967));
#2969=FACE_BOUND('',#2968,.T.);
#2970=ORIENTED_EDGE('',*,*,#2673,.F.);
#2971=ORIENTED_EDGE('',*,*,#2680,.F.);
#2972=EDGE_LOOP('',(#2970,#2971));
#2973=FACE_BOUND('',#2972,.T.);
#2974=CARTESIAN_POINT('',(45.547078361,-12.5,0.));
#2975=VERTEX_POINT('',#2974);
#2976=CARTESIAN_POINT('',(54.452925,-12.5,0.));
#2977=VERTEX_POINT('',#2976);
#2978=CARTESIAN_POINT('',(45.547078361,-12.5,0.));
#2979=DIRECTION('',(1.,0.,0.));
#2980=VECTOR('',#2979,8.905846639);
#2981=LINE('',#2978,#2980);
#2982=EDGE_CURVE('',#2975,#2977,#2981,.T.);
#2983=ORIENTED_EDGE('',*,*,#2982,.F.);
#2984=CARTESIAN_POINT('',(45.547078361,12.5,0.));
#2985=VERTEX_POINT('',#2984);
#2986=CARTESIAN_POINT('',(45.547078361,12.5,0.));
#2987=DIRECTION('',(0.,-1.,0.));
#2988=VECTOR('',#2987,25.);
#2989=LINE('',#2986,#2988);
#2990=EDGE_CURVE('',#2985,#2975,#2989,.T.);
#2991=ORIENTED_EDGE('',*,*,#2990,.F.);
#2992=CARTESIAN_POINT('',(54.452925,12.5,0.));
#2993=VERTEX_POINT('',#2992);
#2994=CARTESIAN_POINT('',(54.452925,12.5,0.));
#2995=DIRECTION('',(-1.,-0.,0.));
#2996=VECTOR('',#2995,8.905846639);
#2997=LINE('',#2994,#2996);
#2998=EDGE_CURVE('',#2993,#2985,#2997,.T.);
#2999=ORIENTED_EDGE('',*,*,#2998,.F.);
#3000=CARTESIAN_POINT('',(54.452925,-12.5,0.));
#3001=DIRECTION('',(0.,1.,0.));
#3002=VECTOR('',#3001,25.);
#3003=LINE('',#3000,#3002);
#3004=EDGE_CURVE('',#2977,#2993,#3003,.T.);
#3005=ORIENTED_EDGE('',*,*,#3004,.F.);
#3006=EDGE_LOOP('',(#2983,#2991,#2999,#3005));
#3007=FACE_BOUND('',#3006,.T.);
#3008=CARTESIAN_POINT('',(-76.753720641,-14.842283086,0.));
#3009=VERTEX_POINT('',#3008);
#3010=CARTESIAN_POINT('',(-76.753720641,14.842283086,0.));
#3011=VERTEX_POINT('',#3010);
#3012=CARTESIAN_POINT('',(-76.753720641,-14.842283086,0.));
#3013=DIRECTION('',(0.,1.,0.));
#3014=VECTOR('',#3013,29.684566172);
#3015=LINE('',#3012,#3014);
#3016=EDGE_CURVE('',#3009,#3011,#3015,.T.);
#3017=ORIENTED_EDGE('',*,*,#3016,.F.);
#3018=CARTESIAN_POINT('',(-95.872851778,-3.803847577,0.));
#3019=VERTEX_POINT('',#3018);
#3020=CARTESIAN_POINT('',(-95.872851778,-3.803847577,0.));
#3021=DIRECTION('',(0.866025404,-0.5,0.));
#3022=VECTOR('',#3021,22.076871017);
#3023=LINE('',#3020,#3022);
#3024=EDGE_CURVE('',#3019,#3009,#3023,.T.);
#3025=ORIENTED_EDGE('',*,*,#3024,.F.);
#3026=CARTESIAN_POINT('',(-95.872851778,3.803847577,0.));
#3027=VERTEX_POINT('',#3026);
#3028=CARTESIAN_POINT('',(-95.872851778,3.803847577,0.));
#3029=DIRECTION('',(0.,-1.,0.));
#3030=VECTOR('',#3029,7.607695155);
#3031=LINE('',#3028,#3030);
#3032=EDGE_CURVE('',#3027,#3019,#3031,.T.);
#3033=ORIENTED_EDGE('',*,*,#3032,.F.);
#3034=CARTESIAN_POINT('',(-76.753720641,14.842283086,0.));
#3035=DIRECTION('',(-0.866025404,-0.5,0.));
#3036=VECTOR('',#3035,22.076871017);
#3037=LINE('',#3034,#3036);
#3038=EDGE_CURVE('',#3011,#3027,#3037,.T.);
#3039=ORIENTED_EDGE('',*,*,#3038,.F.);
#3040=EDGE_LOOP('',(#3017,#3025,#3033,#3039));
#3041=FACE_BOUND('',#3040,.T.);
#3042=ORIENTED_EDGE('',*,*,#1454,.T.);
#3043=EDGE_LOOP('',(#3042));
#3044=FACE_BOUND('',#3043,.T.);
#3045=ORIENTED_EDGE('',*,*,#1480,.T.);
#3046=EDGE_LOOP('',(#3045));
#3047=FACE_BOUND('',#3046,.T.);
#3048=ORIENTED_EDGE('',*,*,#1506,.T.);
#3049=EDGE_LOOP('',(#3048));
#3050=FACE_BOUND('',#3049,.T.);
#3051=ORIENTED_EDGE('',*,*,#1532,.T.);
#3052=EDGE_LOOP('',(#3051));
#3053=FACE_BOUND('',#3052,.T.);
#3054=ORIENTED_EDGE('',*,*,#1558,.T.);
#3055=EDGE_LOOP('',(#3054));
#3056=FACE_BOUND('',#3055,.T.);
#3057=ORIENTED_EDGE('',*,*,#1584,.T.);
#3058=EDGE_LOOP('',(#3057));
#3059=FACE_BOUND('',#3058,.T.);
#3060=CARTESIAN_POINT('',(-99.685534246,-69.5,0.));
#3061=VERTEX_POINT('',#3060);
#3062=CARTESIAN_POINT('',(-101.285534246,-69.5,0.));
#3063=DIRECTION('',(0.,0.,1.));
#3064=DIRECTION('',(1.,0.,-0.));
#3065=AXIS2_PLACEMENT_3D('',#3062,#3063,#3064);
#3066=CIRCLE('',#3065,1.6);
#3067=EDGE_CURVE('',#3061,#3061,#3066,.T.);
#3068=ORIENTED_EDGE('',*,*,#3067,.F.);
#3069=EDGE_LOOP('',(#3068));
#3070=FACE_BOUND('',#3069,.T.);
#3071=CARTESIAN_POINT('',(-79.685534246,-69.5,0.));
#3072=VERTEX_POINT('',#3071);
#3073=CARTESIAN_POINT('',(-81.285534246,-69.5,0.));
#3074=DIRECTION('',(0.,0.,1.));
#3075=DIRECTION('',(1.,0.,-0.));
#3076=AXIS2_PLACEMENT_3D('',#3073,#3074,#3075);
#3077=CIRCLE('',#3076,1.6);
#3078=EDGE_CURVE('',#3072,#3072,#3077,.T.);
#3079=ORIENTED_EDGE('',*,*,#3078,.F.);
#3080=EDGE_LOOP('',(#3079));
#3081=FACE_BOUND('',#3080,.T.);
#3082=CARTESIAN_POINT('',(-39.685534246,-69.5,0.));
#3083=VERTEX_POINT('',#3082);
#3084=CARTESIAN_POINT('',(-41.285534246,-69.5,0.));
#3085=DIRECTION('',(0.,0.,1.));
#3086=DIRECTION('',(1.,0.,-0.));
#3087=AXIS2_PLACEMENT_3D('',#3084,#3085,#3086);
#3088=CIRCLE('',#3087,1.6);
#3089=EDGE_CURVE('',#3083,#3083,#3088,.T.);
#3090=ORIENTED_EDGE('',*,*,#3089,.F.);
#3091=EDGE_LOOP('',(#3090));
#3092=FACE_BOUND('',#3091,.T.);
#3093=CARTESIAN_POINT('',(0.314465754,-69.5,0.));
#3094=VERTEX_POINT('',#3093);
#3095=CARTESIAN_POINT('',(-1.285534246,-69.5,0.));
#3096=DIRECTION('',(0.,0.,1.));
#3097=DIRECTION('',(1.,0.,-0.));
#3098=AXIS2_PLACEMENT_3D('',#3095,#3096,#3097);
#3099=CIRCLE('',#3098,1.6);
#3100=EDGE_CURVE('',#3094,#3094,#3099,.T.);
#3101=ORIENTED_EDGE('',*,*,#3100,.F.);
#3102=EDGE_LOOP('',(#3101));
#3103=FACE_BOUND('',#3102,.T.);
#3104=CARTESIAN_POINT('',(-59.685534246,-69.5,0.));
#3105=VERTEX_POINT('',#3104);
#3106=CARTESIAN_POINT('',(-61.285534246,-69.5,0.));
#3107=DIRECTION('',(0.,0.,1.));
#3108=DIRECTION('',(1.,0.,-0.));
#3109=AXIS2_PLACEMENT_3D('',#3106,#3107,#3108);
#3110=CIRCLE('',#3109,1.6);
#3111=EDGE_CURVE('',#3105,#3105,#3110,.T.);
#3112=ORIENTED_EDGE('',*,*,#3111,.F.);
#3113=EDGE_LOOP('',(#3112));
#3114=FACE_BOUND('',#3113,.T.);
#3115=CARTESIAN_POINT('',(-19.685534246,-69.5,0.));
#3116=VERTEX_POINT('',#3115);
#3117=CARTESIAN_POINT('',(-21.285534246,-69.5,0.));
#3118=DIRECTION('',(0.,0.,1.));
#3119=DIRECTION('',(1.,0.,-0.));
#3120=AXIS2_PLACEMENT_3D('',#3117,#3118,#3119);
#3121=CIRCLE('',#3120,1.6);
#3122=EDGE_CURVE('',#3116,#3116,#3121,.T.);
#3123=ORIENTED_EDGE('',*,*,#3122,.F.);
#3124=EDGE_LOOP('',(#3123));
#3125=FACE_BOUND('',#3124,.T.);
#3126=CARTESIAN_POINT('',(-122.924815761,4.999963905,0.));
#3127=VERTEX_POINT('',#3126);
#3128=CARTESIAN_POINT('',(-119.724815761,4.999963905,0.));
#3129=VERTEX_POINT('',#3128);
#3130=CARTESIAN_POINT('',(-121.324815761,4.999963905,0.));
#3131=DIRECTION('',(0.,0.,1.));
#3132=DIRECTION('',(1.,0.,-0.));
#3133=AXIS2_PLACEMENT_3D('',#3130,#3131,#3132);
#3134=CIRCLE('',#3133,1.6);
#3135=EDGE_CURVE('',#3127,#3129,#3134,.T.);
#3136=ORIENTED_EDGE('',*,*,#3135,.F.);
#3137=CARTESIAN_POINT('',(-121.324815761,4.999963905,0.));
#3138=DIRECTION('',(0.,0.,1.));
#3139=DIRECTION('',(1.,0.,-0.));
#3140=AXIS2_PLACEMENT_3D('',#3137,#3138,#3139);
#3141=CIRCLE('',#3140,1.6);
#3142=EDGE_CURVE('',#3129,#3127,#3141,.T.);
#3143=ORIENTED_EDGE('',*,*,#3142,.F.);
#3144=EDGE_LOOP('',(#3136,#3143));
#3145=FACE_BOUND('',#3144,.T.);
#3146=CARTESIAN_POINT('',(-122.924815761,-15.000036095,0.));
#3147=VERTEX_POINT('',#3146);
#3148=CARTESIAN_POINT('',(-119.724815761,-15.000036095,0.));
#3149=VERTEX_POINT('',#3148);
#3150=CARTESIAN_POINT('',(-121.324815761,-15.000036095,0.));
#3151=DIRECTION('',(0.,0.,1.));
#3152=DIRECTION('',(1.,0.,-0.));
#3153=AXIS2_PLACEMENT_3D('',#3150,#3151,#3152);
#3154=CIRCLE('',#3153,1.6);
#3155=EDGE_CURVE('',#3147,#3149,#3154,.T.);
#3156=ORIENTED_EDGE('',*,*,#3155,.F.);
#3157=CARTESIAN_POINT('',(-121.324815761,-15.000036095,0.));
#3158=DIRECTION('',(0.,0.,1.));
#3159=DIRECTION('',(1.,0.,-0.));
#3160=AXIS2_PLACEMENT_3D('',#3157,#3158,#3159);
#3161=CIRCLE('',#3160,1.6);
#3162=EDGE_CURVE('',#3149,#3147,#3161,.T.);
#3163=ORIENTED_EDGE('',*,*,#3162,.F.);
#3164=EDGE_LOOP('',(#3156,#3163));
#3165=FACE_BOUND('',#3164,.T.);
#3166=CARTESIAN_POINT('',(-122.924815761,-5.000036095,0.));
#3167=VERTEX_POINT('',#3166);
#3168=CARTESIAN_POINT('',(-119.724815761,-5.000036095,0.));
#3169=VERTEX_POINT('',#3168);
#3170=CARTESIAN_POINT('',(-121.324815761,-5.000036095,0.));
#3171=DIRECTION('',(0.,0.,1.));
#3172=DIRECTION('',(1.,0.,-0.));
#3173=AXIS2_PLACEMENT_3D('',#3170,#3171,#3172);
#3174=CIRCLE('',#3173,1.6);
#3175=EDGE_CURVE('',#3167,#3169,#3174,.T.);
#3176=ORIENTED_EDGE('',*,*,#3175,.F.);
#3177=CARTESIAN_POINT('',(-121.324815761,-5.000036095,0.));
#3178=DIRECTION('',(0.,0.,1.));
#3179=DIRECTION('',(1.,0.,-0.));
#3180=AXIS2_PLACEMENT_3D('',#3177,#3178,#3179);
#3181=CIRCLE('',#3180,1.6);
#3182=EDGE_CURVE('',#3169,#3167,#3181,.T.);
#3183=ORIENTED_EDGE('',*,*,#3182,.F.);
#3184=EDGE_LOOP('',(#3176,#3183));
#3185=FACE_BOUND('',#3184,.T.);
#3186=CARTESIAN_POINT('',(-122.924815761,14.999963905,0.));
#3187=VERTEX_POINT('',#3186);
#3188=CARTESIAN_POINT('',(-119.724815761,14.999963905,0.));
#3189=VERTEX_POINT('',#3188);
#3190=CARTESIAN_POINT('',(-121.324815761,14.999963905,0.));
#3191=DIRECTION('',(0.,0.,1.));
#3192=DIRECTION('',(1.,0.,-0.));
#3193=AXIS2_PLACEMENT_3D('',#3190,#3191,#3192);
#3194=CIRCLE('',#3193,1.6);
#3195=EDGE_CURVE('',#3187,#3189,#3194,.T.);
#3196=ORIENTED_EDGE('',*,*,#3195,.F.);
#3197=CARTESIAN_POINT('',(-121.324815761,14.999963905,0.));
#3198=DIRECTION('',(0.,0.,1.));
#3199=DIRECTION('',(1.,0.,-0.));
#3200=AXIS2_PLACEMENT_3D('',#3197,#3198,#3199);
#3201=CIRCLE('',#3200,1.6);
#3202=EDGE_CURVE('',#3189,#3187,#3201,.T.);
#3203=ORIENTED_EDGE('',*,*,#3202,.F.);
#3204=EDGE_LOOP('',(#3196,#3203));
#3205=FACE_BOUND('',#3204,.T.);
#3206=CARTESIAN_POINT('',(-29.170233243,17.320508076,0.));
#3207=VERTEX_POINT('',#3206);
#3208=CARTESIAN_POINT('',(-30.770233243,17.320508076,0.));
#3209=DIRECTION('',(0.,0.,1.));
#3210=DIRECTION('',(1.,0.,-0.));
#3211=AXIS2_PLACEMENT_3D('',#3208,#3209,#3210);
#3212=CIRCLE('',#3211,1.6);
#3213=EDGE_CURVE('',#3207,#3207,#3212,.T.);
#3214=ORIENTED_EDGE('',*,*,#3213,.F.);
#3215=EDGE_LOOP('',(#3214));
#3216=FACE_BOUND('',#3215,.T.);
#3217=CARTESIAN_POINT('',(-29.170233243,-17.320508076,0.));
#3218=VERTEX_POINT('',#3217);
#3219=CARTESIAN_POINT('',(-30.770233243,-17.320508076,0.));
#3220=DIRECTION('',(0.,0.,1.));
#3221=DIRECTION('',(1.,0.,-0.));
#3222=AXIS2_PLACEMENT_3D('',#3219,#3220,#3221);
#3223=CIRCLE('',#3222,1.6);
#3224=EDGE_CURVE('',#3218,#3218,#3223,.T.);
#3225=ORIENTED_EDGE('',*,*,#3224,.F.);
#3226=EDGE_LOOP('',(#3225));
#3227=FACE_BOUND('',#3226,.T.);
#3228=CARTESIAN_POINT('',(0.829766757,-0.,0.));
#3229=VERTEX_POINT('',#3228);
#3230=CARTESIAN_POINT('',(-0.770233243,0.,0.));
#3231=DIRECTION('',(0.,0.,1.));
#3232=DIRECTION('',(1.,0.,-0.));
#3233=AXIS2_PLACEMENT_3D('',#3230,#3231,#3232);
#3234=CIRCLE('',#3233,1.6);
#3235=EDGE_CURVE('',#3229,#3229,#3234,.T.);
#3236=ORIENTED_EDGE('',*,*,#3235,.F.);
#3237=EDGE_LOOP('',(#3236));
#3238=FACE_BOUND('',#3237,.T.);
#3239=CARTESIAN_POINT('',(-9.520233243,-0.,0.));
#3240=VERTEX_POINT('',#3239);
#3241=CARTESIAN_POINT('',(-20.770233243,-0.,0.));
#3242=DIRECTION('',(0.,0.,1.));
#3243=DIRECTION('',(1.,0.,-0.));
#3244=AXIS2_PLACEMENT_3D('',#3241,#3242,#3243);
#3245=CIRCLE('',#3244,11.25);
#3246=EDGE_CURVE('',#3240,#3240,#3245,.T.);
#3247=ORIENTED_EDGE('',*,*,#3246,.F.);
#3248=EDGE_LOOP('',(#3247));
#3249=FACE_BOUND('',#3248,.T.);
#3250=ORIENTED_EDGE('',*,*,#2019,.F.);
#3251=ORIENTED_EDGE('',*,*,#2038,.F.);
#3252=ORIENTED_EDGE('',*,*,#1642,.F.);
#3253=ORIENTED_EDGE('',*,*,#2079,.F.);
#3254=ORIENTED_EDGE('',*,*,#2055,.F.);
#3255=ORIENTED_EDGE('',*,*,#1705,.F.);
#3256=ORIENTED_EDGE('',*,*,#2189,.F.);
#3257=ORIENTED_EDGE('',*,*,#1884,.F.);
#3258=ORIENTED_EDGE('',*,*,#2151,.F.);
#3259=ORIENTED_EDGE('',*,*,#1915,.F.);
#3260=ORIENTED_EDGE('',*,*,#2133,.F.);
#3261=ORIENTED_EDGE('',*,*,#1946,.F.);
#3262=ORIENTED_EDGE('',*,*,#2169,.F.);
#3263=ORIENTED_EDGE('',*,*,#1667,.F.);
#3264=ORIENTED_EDGE('',*,*,#1977,.F.);
#3265=ORIENTED_EDGE('',*,*,#1618,.F.);
#3266=ORIENTED_EDGE('',*,*,#1995,.F.);
#3267=ORIENTED_EDGE('',*,*,#1767,.F.);
#3268=ORIENTED_EDGE('',*,*,#2225,.F.);
#3269=ORIENTED_EDGE('',*,*,#1791,.F.);
#3270=ORIENTED_EDGE('',*,*,#2115,.F.);
#3271=ORIENTED_EDGE('',*,*,#1822,.F.);
#3272=ORIENTED_EDGE('',*,*,#2097,.F.);
#3273=ORIENTED_EDGE('',*,*,#1853,.F.);
#3274=ORIENTED_EDGE('',*,*,#2205,.F.);
#3275=ORIENTED_EDGE('',*,*,#1729,.F.);
#3276=EDGE_LOOP('',(#3250,#3251,#3252,#3253,#3254,#3255,#3256,#3257,#3258,#3259,#3260,#3261,#3262,#3263,#3264,#3265,#3266,#3267,#3268,#3269,#3270,#3271,#3272,#3273,#3274,#3275));
#3277=FACE_BOUND('',#3276,.T.);
#3278=ORIENTED_EDGE('',*,*,#2253,.F.);
#3279=ORIENTED_EDGE('',*,*,#2260,.F.);
#3280=EDGE_LOOP('',(#3278,#3279));
#3281=FACE_BOUND('',#3280,.T.);
#3282=ORIENTED_EDGE('',*,*,#2288,.F.);
#3283=ORIENTED_EDGE('',*,*,#2295,.F.);
#3284=EDGE_LOOP('',(#3282,#3283));
#3285=FACE_BOUND('',#3284,.T.);
#3286=ORIENTED_EDGE('',*,*,#2358,.F.);
#3287=ORIENTED_EDGE('',*,*,#2365,.F.);
#3288=EDGE_LOOP('',(#3286,#3287));
#3289=FACE_BOUND('',#3288,.T.);
#3290=ORIENTED_EDGE('',*,*,#2393,.F.);
#3291=ORIENTED_EDGE('',*,*,#2400,.F.);
#3292=EDGE_LOOP('',(#3290,#3291));
#3293=FACE_BOUND('',#3292,.T.);
#3294=ORIENTED_EDGE('',*,*,#2428,.F.);
#3295=ORIENTED_EDGE('',*,*,#2435,.F.);
#3296=EDGE_LOOP('',(#3294,#3295));
#3297=FACE_BOUND('',#3296,.T.);
#3298=ORIENTED_EDGE('',*,*,#2463,.F.);
#3299=ORIENTED_EDGE('',*,*,#2470,.F.);
#3300=EDGE_LOOP('',(#3298,#3299));
#3301=FACE_BOUND('',#3300,.T.);
#3302=ORIENTED_EDGE('',*,*,#2498,.F.);
#3303=ORIENTED_EDGE('',*,*,#2505,.F.);
#3304=EDGE_LOOP('',(#3302,#3303));
#3305=FACE_BOUND('',#3304,.T.);
#3306=ORIENTED_EDGE('',*,*,#2533,.F.);
#3307=ORIENTED_EDGE('',*,*,#2540,.F.);
#3308=EDGE_LOOP('',(#3306,#3307));
#3309=FACE_BOUND('',#3308,.T.);
#3310=ORIENTED_EDGE('',*,*,#2568,.F.);
#3311=ORIENTED_EDGE('',*,*,#2575,.F.);
#3312=EDGE_LOOP('',(#3310,#3311));
#3313=FACE_BOUND('',#3312,.T.);
#3314=ORIENTED_EDGE('',*,*,#2603,.F.);
#3315=ORIENTED_EDGE('',*,*,#2610,.F.);
#3316=EDGE_LOOP('',(#3314,#3315));
#3317=FACE_BOUND('',#3316,.T.);
#3318=ORIENTED_EDGE('',*,*,#2638,.F.);
#3319=ORIENTED_EDGE('',*,*,#2645,.F.);
#3320=EDGE_LOOP('',(#3318,#3319));
#3321=FACE_BOUND('',#3320,.T.);
#3322=ORIENTED_EDGE('',*,*,#2708,.F.);
#3323=ORIENTED_EDGE('',*,*,#2715,.F.);
#3324=EDGE_LOOP('',(#3322,#3323));
#3325=FACE_BOUND('',#3324,.T.);
#3326=ORIENTED_EDGE('',*,*,#2743,.F.);
#3327=ORIENTED_EDGE('',*,*,#2750,.F.);
#3328=EDGE_LOOP('',(#3326,#3327));
#3329=FACE_BOUND('',#3328,.T.);
#3330=ORIENTED_EDGE('',*,*,#2778,.F.);
#3331=ORIENTED_EDGE('',*,*,#2785,.F.);
#3332=EDGE_LOOP('',(#3330,#3331));
#3333=FACE_BOUND('',#3332,.T.);
#3334=ADVANCED_FACE('',(#2797,#2808,#2819,#2830,#2841,#2852,#2863,#2874,#2885,#2905,#2925,#2945,#2965,#2969,#2973,#3007,#3041,#3044,#3047,#3050,#3053,#3056,#3059,#3070,#3081,#3092,
#3103,#3114,#3125,#3145,#3165,#3185,#3205,#3216,#3227,#3238,#3249,#3277,#3281,#3285,#3289,#3293,#3297,#3301,#3305,#3309,#3313,#3317,#3321,#3325,#3329,
#3333),#2794,.T.);
#3335=CARTESIAN_POINT('',(-20.770233243,-0.,-15.));
#3336=DIRECTION('',(0.,0.,1.));
#3337=DIRECTION('',(1.,0.,-0.));
#3338=AXIS2_PLACEMENT_3D('',#3335,#3336,#3337);
#3339=CYLINDRICAL_SURFACE('',#3338,11.25);
#3340=CARTESIAN_POINT('',(-9.520233243,-0.,-0.));
#3341=DIRECTION('',(-0.,-0.,-1.));
#3342=VECTOR('',#3341,5.);
#3343=LINE('',#3340,#3342);
#3344=EDGE_CURVE('',#3240,#787,#3343,.T.);
#3345=ORIENTED_EDGE('',*,*,#3344,.F.);
#3346=ORIENTED_EDGE('',*,*,#3246,.T.);
#3347=ORIENTED_EDGE('',*,*,#3344,.T.);
#3348=ORIENTED_EDGE('',*,*,#795,.T.);
#3349=ORIENTED_EDGE('',*,*,#802,.T.);
#3350=EDGE_LOOP('',(#3345,#3346,#3347,#3348,#3349));
#3351=FACE_BOUND('',#3350,.T.);
#3352=ADVANCED_FACE('',(#3351),#3339,.F.);
#3353=CARTESIAN_POINT('',(-0.770233243,0.,-15.));
#3354=DIRECTION('',(0.,0.,1.));
#3355=DIRECTION('',(1.,0.,-0.));
#3356=AXIS2_PLACEMENT_3D('',#3353,#3354,#3355);
#3357=CYLINDRICAL_SURFACE('',#3356,1.6);
#3358=CARTESIAN_POINT('',(0.829766757,0.,-0.));
#3359=DIRECTION('',(-0.,-0.,-1.));
#3360=VECTOR('',#3359,5.);
#3361=LINE('',#3358,#3360);
#3362=EDGE_CURVE('',#3229,#807,#3361,.T.);
#3363=ORIENTED_EDGE('',*,*,#3362,.F.);
#3364=ORIENTED_EDGE('',*,*,#3235,.T.);
#3365=ORIENTED_EDGE('',*,*,#3362,.T.);
#3366=ORIENTED_EDGE('',*,*,#815,.T.);
#3367=ORIENTED_EDGE('',*,*,#822,.T.);
#3368=EDGE_LOOP('',(#3363,#3364,#3365,#3366,#3367));
#3369=FACE_BOUND('',#3368,.T.);
#3370=ADVANCED_FACE('',(#3369),#3357,.F.);
#3371=CARTESIAN_POINT('',(-30.770233243,-17.320508076,-15.));
#3372=DIRECTION('',(0.,0.,1.));
#3373=DIRECTION('',(1.,0.,-0.));
#3374=AXIS2_PLACEMENT_3D('',#3371,#3372,#3373);
#3375=CYLINDRICAL_SURFACE('',#3374,1.6);
#3376=CARTESIAN_POINT('',(-29.170233243,-17.320508076,-0.));
#3377=DIRECTION('',(-0.,-0.,-1.));
#3378=VECTOR('',#3377,5.);
#3379=LINE('',#3376,#3378);
#3380=EDGE_CURVE('',#3218,#827,#3379,.T.);
#3381=ORIENTED_EDGE('',*,*,#3380,.F.);
#3382=ORIENTED_EDGE('',*,*,#3224,.T.);
#3383=ORIENTED_EDGE('',*,*,#3380,.T.);
#3384=ORIENTED_EDGE('',*,*,#835,.T.);
#3385=ORIENTED_EDGE('',*,*,#842,.T.);
#3386=EDGE_LOOP('',(#3381,#3382,#3383,#3384,#3385));
#3387=FACE_BOUND('',#3386,.T.);
#3388=ADVANCED_FACE('',(#3387),#3375,.F.);
#3389=CARTESIAN_POINT('',(-30.770233243,17.320508076,-15.));
#3390=DIRECTION('',(0.,0.,1.));
#3391=DIRECTION('',(1.,0.,-0.));
#3392=AXIS2_PLACEMENT_3D('',#3389,#3390,#3391);
#3393=CYLINDRICAL_SURFACE('',#3392,1.6);
#3394=CARTESIAN_POINT('',(-29.170233243,17.320508076,-0.));
#3395=DIRECTION('',(-0.,-0.,-1.));
#3396=VECTOR('',#3395,5.);
#3397=LINE('',#3394,#3396);
#3398=EDGE_CURVE('',#3207,#847,#3397,.T.);
#3399=ORIENTED_EDGE('',*,*,#3398,.F.);
#3400=ORIENTED_EDGE('',*,*,#3213,.T.);
#3401=ORIENTED_EDGE('',*,*,#3398,.T.);
#3402=ORIENTED_EDGE('',*,*,#855,.T.);
#3403=ORIENTED_EDGE('',*,*,#862,.T.);
#3404=EDGE_LOOP('',(#3399,#3400,#3401,#3402,#3403));
#3405=FACE_BOUND('',#3404,.T.);
#3406=ADVANCED_FACE('',(#3405),#3393,.F.);
#3407=CARTESIAN_POINT('',(-121.324815761,14.999963905,3.9));
#3408=DIRECTION('',(0.,0.,-1.));
#3409=DIRECTION('',(-1.,0.,0.));
#3410=AXIS2_PLACEMENT_3D('',#3407,#3408,#3409);
#3411=CYLINDRICAL_SURFACE('',#3410,1.6);
#3412=CARTESIAN_POINT('',(-122.924815761,14.999963905,-5.));
#3413=DIRECTION('',(-0.,-0.,1.));
#3414=VECTOR('',#3413,5.);
#3415=LINE('',#3412,#3414);
#3416=EDGE_CURVE('',#867,#3187,#3415,.T.);
#3417=ORIENTED_EDGE('',*,*,#3416,.F.);
#3418=ORIENTED_EDGE('',*,*,#873,.T.);
#3419=ORIENTED_EDGE('',*,*,#3416,.T.);
#3420=ORIENTED_EDGE('',*,*,#3195,.T.);
#3421=ORIENTED_EDGE('',*,*,#3202,.T.);
#3422=EDGE_LOOP('',(#3417,#3418,#3419,#3420,#3421));
#3423=FACE_BOUND('',#3422,.T.);
#3424=ADVANCED_FACE('',(#3423),#3411,.F.);
#3425=CARTESIAN_POINT('',(-121.324815761,-5.000036095,3.9));
#3426=DIRECTION('',(0.,0.,-1.));
#3427=DIRECTION('',(-1.,0.,0.));
#3428=AXIS2_PLACEMENT_3D('',#3425,#3426,#3427);
#3429=CYLINDRICAL_SURFACE('',#3428,1.6);
#3430=CARTESIAN_POINT('',(-122.924815761,-5.000036095,-5.));
#3431=DIRECTION('',(-0.,-0.,1.));
#3432=VECTOR('',#3431,5.);
#3433=LINE('',#3430,#3432);
#3434=EDGE_CURVE('',#878,#3167,#3433,.T.);
#3435=ORIENTED_EDGE('',*,*,#3434,.F.);
#3436=ORIENTED_EDGE('',*,*,#884,.T.);
#3437=ORIENTED_EDGE('',*,*,#3434,.T.);
#3438=ORIENTED_EDGE('',*,*,#3175,.T.);
#3439=ORIENTED_EDGE('',*,*,#3182,.T.);
#3440=EDGE_LOOP('',(#3435,#3436,#3437,#3438,#3439));
#3441=FACE_BOUND('',#3440,.T.);
#3442=ADVANCED_FACE('',(#3441),#3429,.F.);
#3443=CARTESIAN_POINT('',(-121.324815761,-15.000036095,3.9));
#3444=DIRECTION('',(0.,0.,-1.));
#3445=DIRECTION('',(-1.,0.,0.));
#3446=AXIS2_PLACEMENT_3D('',#3443,#3444,#3445);
#3447=CYLINDRICAL_SURFACE('',#3446,1.6);
#3448=CARTESIAN_POINT('',(-122.924815761,-15.000036095,-5.));
#3449=DIRECTION('',(-0.,-0.,1.));
#3450=VECTOR('',#3449,5.);
#3451=LINE('',#3448,#3450);
#3452=EDGE_CURVE('',#889,#3147,#3451,.T.);
#3453=ORIENTED_EDGE('',*,*,#3452,.F.);
#3454=ORIENTED_EDGE('',*,*,#895,.T.);
#3455=ORIENTED_EDGE('',*,*,#3452,.T.);
#3456=ORIENTED_EDGE('',*,*,#3155,.T.);
#3457=ORIENTED_EDGE('',*,*,#3162,.T.);
#3458=EDGE_LOOP('',(#3453,#3454,#3455,#3456,#3457));
#3459=FACE_BOUND('',#3458,.T.);
#3460=ADVANCED_FACE('',(#3459),#3447,.F.);
#3461=CARTESIAN_POINT('',(-121.324815761,4.999963905,3.9));
#3462=DIRECTION('',(0.,0.,-1.));
#3463=DIRECTION('',(-1.,0.,0.));
#3464=AXIS2_PLACEMENT_3D('',#3461,#3462,#3463);
#3465=CYLINDRICAL_SURFACE('',#3464,1.6);
#3466=CARTESIAN_POINT('',(-122.924815761,4.999963905,-5.));
#3467=DIRECTION('',(-0.,-0.,1.));
#3468=VECTOR('',#3467,5.);
#3469=LINE('',#3466,#3468);
#3470=EDGE_CURVE('',#900,#3127,#3469,.T.);
#3471=ORIENTED_EDGE('',*,*,#3470,.F.);
#3472=ORIENTED_EDGE('',*,*,#906,.T.);
#3473=ORIENTED_EDGE('',*,*,#3470,.T.);
#3474=ORIENTED_EDGE('',*,*,#3135,.T.);
#3475=ORIENTED_EDGE('',*,*,#3142,.T.);
#3476=EDGE_LOOP('',(#3471,#3472,#3473,#3474,#3475));
#3477=FACE_BOUND('',#3476,.T.);
#3478=ADVANCED_FACE('',(#3477),#3465,.F.);
#3479=CARTESIAN_POINT('',(-76.753720641,-2.044047788,-15.));
#3480=DIRECTION('',(1.,0.,0.));
#3481=DIRECTION('',(0.,0.,-1.));
#3482=AXIS2_PLACEMENT_3D('',#3479,#3480,#3481);
#3483=PLANE('',#3482);
#3484=CARTESIAN_POINT('',(-76.753720641,-14.842283086,-15.));
#3485=VERTEX_POINT('',#3484);
#3486=CARTESIAN_POINT('',(-76.753720641,-14.842283086,-15.));
#3487=DIRECTION('',(0.,0.,1.));
#3488=VECTOR('',#3487,15.);
#3489=LINE('',#3486,#3488);
#3490=EDGE_CURVE('',#3485,#3009,#3489,.T.);
#3491=ORIENTED_EDGE('',*,*,#3490,.T.);
#3492=ORIENTED_EDGE('',*,*,#3016,.T.);
#3493=CARTESIAN_POINT('',(-76.753720641,14.842283086,-15.));
#3494=VERTEX_POINT('',#3493);
#3495=CARTESIAN_POINT('',(-76.753720641,14.842283086,-15.));
#3496=DIRECTION('',(0.,0.,1.));
#3497=VECTOR('',#3496,15.);
#3498=LINE('',#3495,#3497);
#3499=EDGE_CURVE('',#3494,#3011,#3498,.T.);
#3500=ORIENTED_EDGE('',*,*,#3499,.F.);
#3501=CARTESIAN_POINT('',(-76.753720641,-14.842283086,-15.));
#3502=DIRECTION('',(0.,1.,0.));
#3503=VECTOR('',#3502,29.684566172);
#3504=LINE('',#3501,#3503);
#3505=EDGE_CURVE('',#3485,#3494,#3504,.T.);
#3506=ORIENTED_EDGE('',*,*,#3505,.F.);
#3507=EDGE_LOOP('',(#3491,#3492,#3500,#3506));
#3508=FACE_BOUND('',#3507,.T.);
#3509=ADVANCED_FACE('',(#3508),#3483,.F.);
#3510=CARTESIAN_POINT('',(-66.753720641,-2.044047788,-15.));
#3511=DIRECTION('',(-1.,0.,0.));
#3512=DIRECTION('',(0.,0.,1.));
#3513=AXIS2_PLACEMENT_3D('',#3510,#3511,#3512);
#3514=PLANE('',#3513);
#3515=ORIENTED_EDGE('',*,*,#1272,.T.);
#3516=CARTESIAN_POINT('',(-66.753720641,-20.615785778,-15.));
#3517=VERTEX_POINT('',#3516);
#3518=CARTESIAN_POINT('',(-66.753720641,-20.615785778,-15.));
#3519=DIRECTION('',(0.,0.,1.));
#3520=VECTOR('',#3519,10.);
#3521=LINE('',#3518,#3520);
#3522=EDGE_CURVE('',#3517,#1267,#3521,.T.);
#3523=ORIENTED_EDGE('',*,*,#3522,.F.);
#3524=CARTESIAN_POINT('',(-66.753720641,20.615785778,-15.));
#3525=VERTEX_POINT('',#3524);
#3526=CARTESIAN_POINT('',(-66.753720641,20.615785778,-15.));
#3527=DIRECTION('',(0.,-1.,0.));
#3528=VECTOR('',#3527,41.231571555);
#3529=LINE('',#3526,#3528);
#3530=EDGE_CURVE('',#3525,#3517,#3529,.T.);
#3531=ORIENTED_EDGE('',*,*,#3530,.F.);
#3532=CARTESIAN_POINT('',(-66.753720641,20.615785778,-15.));
#3533=DIRECTION('',(0.,0.,1.));
#3534=VECTOR('',#3533,10.);
#3535=LINE('',#3532,#3534);
#3536=EDGE_CURVE('',#3525,#1265,#3535,.T.);
#3537=ORIENTED_EDGE('',*,*,#3536,.T.);
#3538=EDGE_LOOP('',(#3515,#3523,#3531,#3537));
#3539=FACE_BOUND('',#3538,.T.);
#3540=ADVANCED_FACE('',(#3539),#3514,.F.);
#3541=CARTESIAN_POINT('',(0.,0.,-15.));
#3542=DIRECTION('',(0.,0.,-1.));
#3543=DIRECTION('',(-1.,0.,0.));
#3544=AXIS2_PLACEMENT_3D('',#3541,#3542,#3543);
#3545=PLANE('',#3544);
#3546=ORIENTED_EDGE('',*,*,#3505,.T.);
#3547=CARTESIAN_POINT('',(-95.872851778,3.803847577,-15.));
#3548=VERTEX_POINT('',#3547);
#3549=CARTESIAN_POINT('',(-95.872851778,3.803847577,-15.));
#3550=DIRECTION('',(0.866025404,0.5,0.));
#3551=VECTOR('',#3550,22.076871017);
#3552=LINE('',#3549,#3551);
#3553=EDGE_CURVE('',#3548,#3494,#3552,.T.);
#3554=ORIENTED_EDGE('',*,*,#3553,.F.);
#3555=CARTESIAN_POINT('',(-101.872851778,14.196152423,-15.));
#3556=VERTEX_POINT('',#3555);
#3557=CARTESIAN_POINT('',(-101.872851778,14.196152423,-15.));
#3558=DIRECTION('',(0.5,-0.866025404,0.));
#3559=VECTOR('',#3558,12.);
#3560=LINE('',#3557,#3559);
#3561=EDGE_CURVE('',#3556,#3548,#3560,.T.);
#3562=ORIENTED_EDGE('',*,*,#3561,.F.);
#3563=CARTESIAN_POINT('',(-32.064540033,54.5,-15.));
#3564=VERTEX_POINT('',#3563);
#3565=CARTESIAN_POINT('',(-32.064540033,54.5,-15.));
#3566=DIRECTION('',(-0.866025404,-0.5,0.));
#3567=VECTOR('',#3566,80.607695155);
#3568=LINE('',#3565,#3567);
#3569=EDGE_CURVE('',#3564,#3556,#3568,.T.);
#3570=ORIENTED_EDGE('',*,*,#3569,.F.);
#3571=CARTESIAN_POINT('',(-78.901708608,54.5,-15.));
#3572=VERTEX_POINT('',#3571);
#3573=CARTESIAN_POINT('',(-78.901708608,54.5,-15.));
#3574=DIRECTION('',(1.,0.,-0.));
#3575=VECTOR('',#3574,46.837168574);
#3576=LINE('',#3573,#3575);
#3577=EDGE_CURVE('',#3572,#3564,#3576,.T.);
#3578=ORIENTED_EDGE('',*,*,#3577,.F.);
#3579=CARTESIAN_POINT('',(-78.901708608,66.5,-15.));
#3580=VERTEX_POINT('',#3579);
#3581=CARTESIAN_POINT('',(-78.901708608,66.5,-15.));
#3582=DIRECTION('',(0.,-1.,0.));
#3583=VECTOR('',#3582,12.);
#3584=LINE('',#3581,#3583);
#3585=EDGE_CURVE('',#3580,#3572,#3584,.T.);
#3586=ORIENTED_EDGE('',*,*,#3585,.F.);
#3587=CARTESIAN_POINT('',(11.098291392,66.5,-15.));
#3588=VERTEX_POINT('',#3587);
#3589=CARTESIAN_POINT('',(11.098291392,66.5,-15.));
#3590=DIRECTION('',(-1.,0.,0.));
#3591=VECTOR('',#3590,90.);
#3592=LINE('',#3589,#3591);
#3593=EDGE_CURVE('',#3588,#3580,#3592,.T.);
#3594=ORIENTED_EDGE('',*,*,#3593,.F.);
#3595=CARTESIAN_POINT('',(11.098291392,54.5,-15.));
#3596=VERTEX_POINT('',#3595);
#3597=CARTESIAN_POINT('',(11.098291392,54.5,-15.));
#3598=DIRECTION('',(0.,1.,0.));
#3599=VECTOR('',#3598,12.);
#3600=LINE('',#3597,#3599);
#3601=EDGE_CURVE('',#3596,#3588,#3600,.T.);
#3602=ORIENTED_EDGE('',*,*,#3601,.F.);
#3603=CARTESIAN_POINT('',(-8.064540033,54.5,-15.));
#3604=VERTEX_POINT('',#3603);
#3605=CARTESIAN_POINT('',(-8.064540033,54.5,-15.));
#3606=DIRECTION('',(1.,0.,-0.));
#3607=VECTOR('',#3606,19.162831426);
#3608=LINE('',#3605,#3607);
#3609=EDGE_CURVE('',#3604,#3596,#3608,.T.);
#3610=ORIENTED_EDGE('',*,*,#3609,.F.);
#3611=CARTESIAN_POINT('',(-66.753720641,20.615785778,-15.));
#3612=DIRECTION('',(0.866025404,0.5,0.));
#3613=VECTOR('',#3612,67.768428445);
#3614=LINE('',#3611,#3613);
#3615=EDGE_CURVE('',#3525,#3604,#3614,.T.);
#3616=ORIENTED_EDGE('',*,*,#3615,.F.);
#3617=ORIENTED_EDGE('',*,*,#3530,.T.);
#3618=CARTESIAN_POINT('',(-8.064540033,-54.5,-15.));
#3619=VERTEX_POINT('',#3618);
#3620=CARTESIAN_POINT('',(-66.753720641,-20.615785778,-15.));
#3621=DIRECTION('',(0.866025404,-0.5,0.));
#3622=VECTOR('',#3621,67.768428445);
#3623=LINE('',#3620,#3622);
#3624=EDGE_CURVE('',#3517,#3619,#3623,.T.);
#3625=ORIENTED_EDGE('',*,*,#3624,.T.);
#3626=CARTESIAN_POINT('',(11.098291392,-54.5,-15.));
#3627=VERTEX_POINT('',#3626);
#3628=CARTESIAN_POINT('',(-8.064540033,-54.5,-15.));
#3629=DIRECTION('',(1.,0.,-0.));
#3630=VECTOR('',#3629,19.162831426);
#3631=LINE('',#3628,#3630);
#3632=EDGE_CURVE('',#3619,#3627,#3631,.T.);
#3633=ORIENTED_EDGE('',*,*,#3632,.T.);
#3634=CARTESIAN_POINT('',(11.098291392,-66.5,-15.));
#3635=VERTEX_POINT('',#3634);
#3636=CARTESIAN_POINT('',(11.098291392,-54.5,-15.));
#3637=DIRECTION('',(0.,-1.,0.));
#3638=VECTOR('',#3637,12.);
#3639=LINE('',#3636,#3638);
#3640=EDGE_CURVE('',#3627,#3635,#3639,.T.);
#3641=ORIENTED_EDGE('',*,*,#3640,.T.);
#3642=CARTESIAN_POINT('',(-78.901708608,-66.5,-15.));
#3643=VERTEX_POINT('',#3642);
#3644=CARTESIAN_POINT('',(11.098291392,-66.5,-15.));
#3645=DIRECTION('',(-1.,0.,0.));
#3646=VECTOR('',#3645,90.);
#3647=LINE('',#3644,#3646);
#3648=EDGE_CURVE('',#3635,#3643,#3647,.T.);
#3649=ORIENTED_EDGE('',*,*,#3648,.T.);
#3650=CARTESIAN_POINT('',(-78.901708608,-54.5,-15.));
#3651=VERTEX_POINT('',#3650);
#3652=CARTESIAN_POINT('',(-78.901708608,-66.5,-15.));
#3653=DIRECTION('',(0.,1.,0.));
#3654=VECTOR('',#3653,12.);
#3655=LINE('',#3652,#3654);
#3656=EDGE_CURVE('',#3643,#3651,#3655,.T.);
#3657=ORIENTED_EDGE('',*,*,#3656,.T.);
#3658=CARTESIAN_POINT('',(-32.064540033,-54.5,-15.));
#3659=VERTEX_POINT('',#3658);
#3660=CARTESIAN_POINT('',(-78.901708608,-54.5,-15.));
#3661=DIRECTION('',(1.,0.,-0.));
#3662=VECTOR('',#3661,46.837168574);
#3663=LINE('',#3660,#3662);
#3664=EDGE_CURVE('',#3651,#3659,#3663,.T.);
#3665=ORIENTED_EDGE('',*,*,#3664,.T.);
#3666=CARTESIAN_POINT('',(-101.872851778,-14.196152423,-15.));
#3667=VERTEX_POINT('',#3666);
#3668=CARTESIAN_POINT('',(-32.064540033,-54.5,-15.));
#3669=DIRECTION('',(-0.866025404,0.5,0.));
#3670=VECTOR('',#3669,80.607695155);
#3671=LINE('',#3668,#3670);
#3672=EDGE_CURVE('',#3659,#3667,#3671,.T.);
#3673=ORIENTED_EDGE('',*,*,#3672,.T.);
#3674=CARTESIAN_POINT('',(-95.872851778,-3.803847577,-15.));
#3675=VERTEX_POINT('',#3674);
#3676=CARTESIAN_POINT('',(-101.872851778,-14.196152423,-15.));
#3677=DIRECTION('',(0.5,0.866025404,0.));
#3678=VECTOR('',#3677,12.);
#3679=LINE('',#3676,#3678);
#3680=EDGE_CURVE('',#3667,#3675,#3679,.T.);
#3681=ORIENTED_EDGE('',*,*,#3680,.T.);
#3682=CARTESIAN_POINT('',(-95.872851778,-3.803847577,-15.));
#3683=DIRECTION('',(0.866025404,-0.5,0.));
#3684=VECTOR('',#3683,22.076871017);
#3685=LINE('',#3682,#3684);
#3686=EDGE_CURVE('',#3675,#3485,#3685,.T.);
#3687=ORIENTED_EDGE('',*,*,#3686,.T.);
#3688=EDGE_LOOP('',(#3546,#3554,#3562,#3570,#3578,#3586,#3594,#3602,#3610,#3616,#3617,#3625,#3633,#3641,#3649,#3657,#3665,#3673,#3681,#3687));
#3689=FACE_BOUND('',#3688,.T.);
#3690=CARTESIAN_POINT('',(-61.068695906,-31.75,-15.));
#3691=VERTEX_POINT('',#3690);
#3692=CARTESIAN_POINT('',(-59.468695906,-31.75,-15.));
#3693=DIRECTION('',(0.,0.,-1.));
#3694=DIRECTION('',(-1.,0.,0.));
#3695=AXIS2_PLACEMENT_3D('',#3692,#3693,#3694);
#3696=CIRCLE('',#3695,1.6);
#3697=EDGE_CURVE('',#3691,#3691,#3696,.T.);
#3698=ORIENTED_EDGE('',*,*,#3697,.F.);
#3699=EDGE_LOOP('',(#3698));
#3700=FACE_BOUND('',#3699,.T.);
#3701=CARTESIAN_POINT('',(-43.74818783,-41.75,-15.));
#3702=VERTEX_POINT('',#3701);
#3703=CARTESIAN_POINT('',(-42.14818783,-41.75,-15.));
#3704=DIRECTION('',(0.,0.,-1.));
#3705=DIRECTION('',(-1.,0.,0.));
#3706=AXIS2_PLACEMENT_3D('',#3703,#3704,#3705);
#3707=CIRCLE('',#3706,1.6);
#3708=EDGE_CURVE('',#3702,#3702,#3707,.T.);
#3709=ORIENTED_EDGE('',*,*,#3708,.F.);
#3710=EDGE_LOOP('',(#3709));
#3711=FACE_BOUND('',#3710,.T.);
#3712=CARTESIAN_POINT('',(-61.068695906,31.75,-15.));
#3713=VERTEX_POINT('',#3712);
#3714=CARTESIAN_POINT('',(-59.468695906,31.75,-15.));
#3715=DIRECTION('',(0.,0.,-1.));
#3716=DIRECTION('',(-1.,0.,0.));
#3717=AXIS2_PLACEMENT_3D('',#3714,#3715,#3716);
#3718=CIRCLE('',#3717,1.6);
#3719=EDGE_CURVE('',#3713,#3713,#3718,.T.);
#3720=ORIENTED_EDGE('',*,*,#3719,.F.);
#3721=EDGE_LOOP('',(#3720));
#3722=FACE_BOUND('',#3721,.T.);
#3723=CARTESIAN_POINT('',(-43.74818783,41.75,-15.));
#3724=VERTEX_POINT('',#3723);
#3725=CARTESIAN_POINT('',(-42.14818783,41.75,-15.));
#3726=DIRECTION('',(0.,0.,-1.));
#3727=DIRECTION('',(-1.,0.,0.));
#3728=AXIS2_PLACEMENT_3D('',#3725,#3726,#3727);
#3729=CIRCLE('',#3728,1.6);
#3730=EDGE_CURVE('',#3724,#3724,#3729,.T.);
#3731=ORIENTED_EDGE('',*,*,#3730,.F.);
#3732=EDGE_LOOP('',(#3731));
#3733=FACE_BOUND('',#3732,.T.);
#3734=ADVANCED_FACE('',(#3689,#3700,#3711,#3722,#3733),#3545,.T.);
#3735=CARTESIAN_POINT('',(-21.285534246,-69.5,-7.9));
#3736=DIRECTION('',(0.,0.,1.));
#3737=DIRECTION('',(1.,0.,-0.));
#3738=AXIS2_PLACEMENT_3D('',#3735,#3736,#3737);
#3739=CYLINDRICAL_SURFACE('',#3738,1.6);
#3740=CARTESIAN_POINT('',(-19.685534246,-69.5,0.));
#3741=DIRECTION('',(-0.,-0.,-1.));
#3742=VECTOR('',#3741,5.);
#3743=LINE('',#3740,#3742);
#3744=EDGE_CURVE('',#3116,#911,#3743,.T.);
#3745=ORIENTED_EDGE('',*,*,#3744,.F.);
#3746=ORIENTED_EDGE('',*,*,#3122,.T.);
#3747=ORIENTED_EDGE('',*,*,#3744,.T.);
#3748=ORIENTED_EDGE('',*,*,#919,.T.);
#3749=ORIENTED_EDGE('',*,*,#926,.T.);
#3750=EDGE_LOOP('',(#3745,#3746,#3747,#3748,#3749));
#3751=FACE_BOUND('',#3750,.T.);
#3752=ADVANCED_FACE('',(#3751),#3739,.F.);
#3753=CARTESIAN_POINT('',(-61.285534246,-69.5,-7.9));
#3754=DIRECTION('',(0.,0.,1.));
#3755=DIRECTION('',(1.,0.,-0.));
#3756=AXIS2_PLACEMENT_3D('',#3753,#3754,#3755);
#3757=CYLINDRICAL_SURFACE('',#3756,1.6);
#3758=CARTESIAN_POINT('',(-59.685534246,-69.5,0.));
#3759=DIRECTION('',(-0.,-0.,-1.));
#3760=VECTOR('',#3759,5.);
#3761=LINE('',#3758,#3760);
#3762=EDGE_CURVE('',#3105,#931,#3761,.T.);
#3763=ORIENTED_EDGE('',*,*,#3762,.F.);
#3764=ORIENTED_EDGE('',*,*,#3111,.T.);
#3765=ORIENTED_EDGE('',*,*,#3762,.T.);
#3766=ORIENTED_EDGE('',*,*,#939,.T.);
#3767=ORIENTED_EDGE('',*,*,#946,.T.);
#3768=EDGE_LOOP('',(#3763,#3764,#3765,#3766,#3767));
#3769=FACE_BOUND('',#3768,.T.);
#3770=ADVANCED_FACE('',(#3769),#3757,.F.);
#3771=CARTESIAN_POINT('',(-1.285534246,-69.5,-7.9));
#3772=DIRECTION('',(0.,0.,1.));
#3773=DIRECTION('',(1.,0.,-0.));
#3774=AXIS2_PLACEMENT_3D('',#3771,#3772,#3773);
#3775=CYLINDRICAL_SURFACE('',#3774,1.6);
#3776=CARTESIAN_POINT('',(0.314465754,-69.5,0.));
#3777=DIRECTION('',(-0.,-0.,-1.));
#3778=VECTOR('',#3777,5.);
#3779=LINE('',#3776,#3778);
#3780=EDGE_CURVE('',#3094,#951,#3779,.T.);
#3781=ORIENTED_EDGE('',*,*,#3780,.F.);
#3782=ORIENTED_EDGE('',*,*,#3100,.T.);
#3783=ORIENTED_EDGE('',*,*,#3780,.T.);
#3784=ORIENTED_EDGE('',*,*,#959,.T.);
#3785=ORIENTED_EDGE('',*,*,#966,.T.);
#3786=EDGE_LOOP('',(#3781,#3782,#3783,#3784,#3785));
#3787=FACE_BOUND('',#3786,.T.);
#3788=ADVANCED_FACE('',(#3787),#3775,.F.);
#3789=CARTESIAN_POINT('',(-41.285534246,-69.5,-7.9));
#3790=DIRECTION('',(0.,0.,1.));
#3791=DIRECTION('',(1.,0.,-0.));
#3792=AXIS2_PLACEMENT_3D('',#3789,#3790,#3791);
#3793=CYLINDRICAL_SURFACE('',#3792,1.6);
#3794=CARTESIAN_POINT('',(-39.685534246,-69.5,0.));
#3795=DIRECTION('',(-0.,-0.,-1.));
#3796=VECTOR('',#3795,5.);
#3797=LINE('',#3794,#3796);
#3798=EDGE_CURVE('',#3083,#971,#3797,.T.);
#3799=ORIENTED_EDGE('',*,*,#3798,.F.);
#3800=ORIENTED_EDGE('',*,*,#3089,.T.);
#3801=ORIENTED_EDGE('',*,*,#3798,.T.);
#3802=ORIENTED_EDGE('',*,*,#979,.T.);
#3803=ORIENTED_EDGE('',*,*,#986,.T.);
#3804=EDGE_LOOP('',(#3799,#3800,#3801,#3802,#3803));
#3805=FACE_BOUND('',#3804,.T.);
#3806=ADVANCED_FACE('',(#3805),#3793,.F.);
#3807=CARTESIAN_POINT('',(-81.285534246,-69.5,-7.9));
#3808=DIRECTION('',(0.,0.,1.));
#3809=DIRECTION('',(1.,0.,-0.));
#3810=AXIS2_PLACEMENT_3D('',#3807,#3808,#3809);
#3811=CYLINDRICAL_SURFACE('',#3810,1.6);
#3812=CARTESIAN_POINT('',(-79.685534246,-69.5,0.));
#3813=DIRECTION('',(-0.,-0.,-1.));
#3814=VECTOR('',#3813,5.);
#3815=LINE('',#3812,#3814);
#3816=EDGE_CURVE('',#3072,#991,#3815,.T.);
#3817=ORIENTED_EDGE('',*,*,#3816,.F.);
#3818=ORIENTED_EDGE('',*,*,#3078,.T.);
#3819=ORIENTED_EDGE('',*,*,#3816,.T.);
#3820=ORIENTED_EDGE('',*,*,#999,.T.);
#3821=ORIENTED_EDGE('',*,*,#1006,.T.);
#3822=EDGE_LOOP('',(#3817,#3818,#3819,#3820,#3821));
#3823=FACE_BOUND('',#3822,.T.);
#3824=ADVANCED_FACE('',(#3823),#3811,.F.);
#3825=CARTESIAN_POINT('',(-101.285534246,-69.5,-7.9));
#3826=DIRECTION('',(0.,0.,1.));
#3827=DIRECTION('',(1.,0.,-0.));
#3828=AXIS2_PLACEMENT_3D('',#3825,#3826,#3827);
#3829=CYLINDRICAL_SURFACE('',#3828,1.6);
#3830=CARTESIAN_POINT('',(-99.685534246,-69.5,0.));
#3831=DIRECTION('',(-0.,-0.,-1.));
#3832=VECTOR('',#3831,5.);
#3833=LINE('',#3830,#3832);
#3834=EDGE_CURVE('',#3061,#1011,#3833,.T.);
#3835=ORIENTED_EDGE('',*,*,#3834,.F.);
#3836=ORIENTED_EDGE('',*,*,#3067,.T.);
#3837=ORIENTED_EDGE('',*,*,#3834,.T.);
#3838=ORIENTED_EDGE('',*,*,#1019,.T.);
#3839=ORIENTED_EDGE('',*,*,#1026,.T.);
#3840=EDGE_LOOP('',(#3835,#3836,#3837,#3838,#3839));
#3841=FACE_BOUND('',#3840,.T.);
#3842=ADVANCED_FACE('',(#3841),#3829,.F.);
#3843=CARTESIAN_POINT('',(-86.31328621,-9.323065332,19.));
#3844=DIRECTION('',(-0.5,-0.866025404,0.));
#3845=DIRECTION('',(0.866025404,-0.5,0.));
#3846=AXIS2_PLACEMENT_3D('',#3843,#3844,#3845);
#3847=PLANE('',#3846);
#3848=ORIENTED_EDGE('',*,*,#3024,.T.);
#3849=ORIENTED_EDGE('',*,*,#3490,.F.);
#3850=ORIENTED_EDGE('',*,*,#3686,.F.);
#3851=CARTESIAN_POINT('',(-95.872851778,-3.803847577,-15.));
#3852=DIRECTION('',(0.,0.,1.));
#3853=VECTOR('',#3852,10.);
#3854=LINE('',#3851,#3853);
#3855=EDGE_CURVE('',#3675,#1364,#3854,.T.);
#3856=ORIENTED_EDGE('',*,*,#3855,.T.);
#3857=CARTESIAN_POINT('',(-95.872851778,-3.803847577,0.));
#3858=DIRECTION('',(0.,0.,-1.));
#3859=VECTOR('',#3858,5.);
#3860=LINE('',#3857,#3859);
#3861=EDGE_CURVE('',#3019,#1364,#3860,.T.);
#3862=ORIENTED_EDGE('',*,*,#3861,.F.);
#3863=EDGE_LOOP('',(#3848,#3849,#3850,#3856,#3862));
#3864=FACE_BOUND('',#3863,.T.);
#3865=ADVANCED_FACE('',(#3864),#3847,.F.);
#3866=CARTESIAN_POINT('',(-95.872851778,0.,19.));
#3867=DIRECTION('',(-1.,0.,0.));
#3868=DIRECTION('',(0.,0.,1.));
#3869=AXIS2_PLACEMENT_3D('',#3866,#3867,#3868);
#3870=PLANE('',#3869);
#3871=ORIENTED_EDGE('',*,*,#3032,.T.);
#3872=ORIENTED_EDGE('',*,*,#3861,.T.);
#3873=ORIENTED_EDGE('',*,*,#1369,.T.);
#3874=CARTESIAN_POINT('',(-95.872851778,3.803847577,0.));
#3875=DIRECTION('',(0.,0.,-1.));
#3876=VECTOR('',#3875,5.);
#3877=LINE('',#3874,#3876);
#3878=EDGE_CURVE('',#3027,#1356,#3877,.T.);
#3879=ORIENTED_EDGE('',*,*,#3878,.F.);
#3880=EDGE_LOOP('',(#3871,#3872,#3873,#3879));
#3881=FACE_BOUND('',#3880,.T.);
#3882=ADVANCED_FACE('',(#3881),#3870,.F.);
#3883=CARTESIAN_POINT('',(-86.31328621,9.323065332,19.));
#3884=DIRECTION('',(-0.5,0.866025404,0.));
#3885=DIRECTION('',(-0.866025404,-0.5,0.));
#3886=AXIS2_PLACEMENT_3D('',#3883,#3884,#3885);
#3887=PLANE('',#3886);
#3888=ORIENTED_EDGE('',*,*,#3038,.T.);
#3889=ORIENTED_EDGE('',*,*,#3878,.T.);
#3890=CARTESIAN_POINT('',(-95.872851778,3.803847577,-15.));
#3891=DIRECTION('',(0.,0.,1.));
#3892=VECTOR('',#3891,10.);
#3893=LINE('',#3890,#3892);
#3894=EDGE_CURVE('',#3548,#1356,#3893,.T.);
#3895=ORIENTED_EDGE('',*,*,#3894,.F.);
#3896=ORIENTED_EDGE('',*,*,#3553,.T.);
#3897=ORIENTED_EDGE('',*,*,#3499,.T.);
#3898=EDGE_LOOP('',(#3888,#3889,#3895,#3896,#3897));
#3899=FACE_BOUND('',#3898,.T.);
#3900=ADVANCED_FACE('',(#3899),#3887,.F.);
#3901=CARTESIAN_POINT('',(50.000001681,-12.5,-10.6));
#3902=DIRECTION('',(0.,-1.,0.));
#3903=DIRECTION('',(1.,0.,0.));
#3904=AXIS2_PLACEMENT_3D('',#3901,#3902,#3903);
#3905=PLANE('',#3904);
#3906=ORIENTED_EDGE('',*,*,#1078,.T.);
#3907=CARTESIAN_POINT('',(45.547078361,-12.5,-5.));
#3908=DIRECTION('',(0.,0.,1.));
#3909=VECTOR('',#3908,5.);
#3910=LINE('',#3907,#3909);
#3911=EDGE_CURVE('',#1073,#2975,#3910,.T.);
#3912=ORIENTED_EDGE('',*,*,#3911,.T.);
#3913=ORIENTED_EDGE('',*,*,#2982,.T.);
#3914=CARTESIAN_POINT('',(54.452925,-12.5,-5.));
#3915=DIRECTION('',(0.,0.,1.));
#3916=VECTOR('',#3915,5.);
#3917=LINE('',#3914,#3916);
#3918=EDGE_CURVE('',#1071,#2977,#3917,.T.);
#3919=ORIENTED_EDGE('',*,*,#3918,.F.);
#3920=EDGE_LOOP('',(#3906,#3912,#3913,#3919));
#3921=FACE_BOUND('',#3920,.T.);
#3922=ADVANCED_FACE('',(#3921),#3905,.F.);
#3923=CARTESIAN_POINT('',(54.452925,0.,-10.6));
#3924=DIRECTION('',(1.,0.,0.));
#3925=DIRECTION('',(0.,0.,-1.));
#3926=AXIS2_PLACEMENT_3D('',#3923,#3924,#3925);
#3927=PLANE('',#3926);
#3928=ORIENTED_EDGE('',*,*,#1086,.T.);
#3929=ORIENTED_EDGE('',*,*,#3918,.T.);
#3930=ORIENTED_EDGE('',*,*,#3004,.T.);
#3931=CARTESIAN_POINT('',(54.452925,12.5,-5.));
#3932=DIRECTION('',(0.,0.,1.));
#3933=VECTOR('',#3932,5.);
#3934=LINE('',#3931,#3933);
#3935=EDGE_CURVE('',#1081,#2993,#3934,.T.);
#3936=ORIENTED_EDGE('',*,*,#3935,.F.);
#3937=EDGE_LOOP('',(#3928,#3929,#3930,#3936));
#3938=FACE_BOUND('',#3937,.T.);
#3939=ADVANCED_FACE('',(#3938),#3927,.F.);
#3940=CARTESIAN_POINT('',(50.000001681,12.5,-10.6));
#3941=DIRECTION('',(-0.,1.,0.));
#3942=DIRECTION('',(-1.,-0.,0.));
#3943=AXIS2_PLACEMENT_3D('',#3940,#3941,#3942);
#3944=PLANE('',#3943);
#3945=ORIENTED_EDGE('',*,*,#1094,.T.);
#3946=ORIENTED_EDGE('',*,*,#3935,.T.);
#3947=ORIENTED_EDGE('',*,*,#2998,.T.);
#3948=CARTESIAN_POINT('',(45.547078361,12.5,-5.));
#3949=DIRECTION('',(0.,0.,1.));
#3950=VECTOR('',#3949,5.);
#3951=LINE('',#3948,#3950);
#3952=EDGE_CURVE('',#1089,#2985,#3951,.T.);
#3953=ORIENTED_EDGE('',*,*,#3952,.F.);
#3954=EDGE_LOOP('',(#3945,#3946,#3947,#3953));
#3955=FACE_BOUND('',#3954,.T.);
#3956=ADVANCED_FACE('',(#3955),#3944,.F.);
#3957=CARTESIAN_POINT('',(45.547078361,-0.,-10.6));
#3958=DIRECTION('',(-1.,0.,0.));
#3959=DIRECTION('',(0.,0.,1.));
#3960=AXIS2_PLACEMENT_3D('',#3957,#3958,#3959);
#3961=PLANE('',#3960);
#3962=ORIENTED_EDGE('',*,*,#1100,.T.);
#3963=ORIENTED_EDGE('',*,*,#3952,.T.);
#3964=ORIENTED_EDGE('',*,*,#2990,.T.);
#3965=ORIENTED_EDGE('',*,*,#3911,.F.);
#3966=EDGE_LOOP('',(#3962,#3963,#3964,#3965));
#3967=FACE_BOUND('',#3966,.T.);
#3968=ADVANCED_FACE('',(#3967),#3961,.F.);
#3969=CARTESIAN_POINT('',(-42.14818783,41.75,7.1));
#3970=DIRECTION('',(0.,0.,-1.));
#3971=DIRECTION('',(-1.,0.,0.));
#3972=AXIS2_PLACEMENT_3D('',#3969,#3970,#3971);
#3973=CYLINDRICAL_SURFACE('',#3972,1.6);
#3974=CARTESIAN_POINT('',(-43.74818783,41.75,-15.));
#3975=DIRECTION('',(-0.,-0.,1.));
#3976=VECTOR('',#3975,15.);
#3977=LINE('',#3974,#3976);
#3978=EDGE_CURVE('',#3724,#2947,#3977,.T.);
#3979=ORIENTED_EDGE('',*,*,#3978,.F.);
#3980=ORIENTED_EDGE('',*,*,#3730,.T.);
#3981=ORIENTED_EDGE('',*,*,#3978,.T.);
#3982=ORIENTED_EDGE('',*,*,#2955,.T.);
#3983=ORIENTED_EDGE('',*,*,#2962,.T.);
#3984=EDGE_LOOP('',(#3979,#3980,#3981,#3982,#3983));
#3985=FACE_BOUND('',#3984,.T.);
#3986=ADVANCED_FACE('',(#3985),#3973,.F.);
#3987=CARTESIAN_POINT('',(-59.468695906,31.75,7.1));
#3988=DIRECTION('',(0.,0.,-1.));
#3989=DIRECTION('',(-1.,0.,0.));
#3990=AXIS2_PLACEMENT_3D('',#3987,#3988,#3989);
#3991=CYLINDRICAL_SURFACE('',#3990,1.6);
#3992=CARTESIAN_POINT('',(-61.068695906,31.75,-15.));
#3993=DIRECTION('',(-0.,-0.,1.));
#3994=VECTOR('',#3993,15.);
#3995=LINE('',#3992,#3994);
#3996=EDGE_CURVE('',#3713,#2927,#3995,.T.);
#3997=ORIENTED_EDGE('',*,*,#3996,.F.);
#3998=ORIENTED_EDGE('',*,*,#3719,.T.);
#3999=ORIENTED_EDGE('',*,*,#3996,.T.);
#4000=ORIENTED_EDGE('',*,*,#2935,.T.);
#4001=ORIENTED_EDGE('',*,*,#2942,.T.);
#4002=EDGE_LOOP('',(#3997,#3998,#3999,#4000,#4001));
#4003=FACE_BOUND('',#4002,.T.);
#4004=ADVANCED_FACE('',(#4003),#3991,.F.);
#4005=CARTESIAN_POINT('',(-42.14818783,-41.75,11.1));
#4006=DIRECTION('',(0.,0.,-1.));
#4007=DIRECTION('',(-1.,0.,0.));
#4008=AXIS2_PLACEMENT_3D('',#4005,#4006,#4007);
#4009=CYLINDRICAL_SURFACE('',#4008,1.6);
#4010=CARTESIAN_POINT('',(-43.74818783,-41.75,-15.));
#4011=DIRECTION('',(-0.,-0.,1.));
#4012=VECTOR('',#4011,15.);
#4013=LINE('',#4010,#4012);
#4014=EDGE_CURVE('',#3702,#2907,#4013,.T.);
#4015=ORIENTED_EDGE('',*,*,#4014,.F.);
#4016=ORIENTED_EDGE('',*,*,#3708,.T.);
#4017=ORIENTED_EDGE('',*,*,#4014,.T.);
#4018=ORIENTED_EDGE('',*,*,#2915,.T.);
#4019=ORIENTED_EDGE('',*,*,#2922,.T.);
#4020=EDGE_LOOP('',(#4015,#4016,#4017,#4018,#4019));
#4021=FACE_BOUND('',#4020,.T.);
#4022=ADVANCED_FACE('',(#4021),#4009,.F.);
#4023=CARTESIAN_POINT('',(-59.468695906,-31.75,11.1));
#4024=DIRECTION('',(0.,0.,-1.));
#4025=DIRECTION('',(-1.,0.,0.));
#4026=AXIS2_PLACEMENT_3D('',#4023,#4024,#4025);
#4027=CYLINDRICAL_SURFACE('',#4026,1.6);
#4028=CARTESIAN_POINT('',(-61.068695906,-31.75,-15.));
#4029=DIRECTION('',(-0.,-0.,1.));
#4030=VECTOR('',#4029,15.);
#4031=LINE('',#4028,#4030);
#4032=EDGE_CURVE('',#3691,#2887,#4031,.T.);
#4033=ORIENTED_EDGE('',*,*,#4032,.F.);
#4034=ORIENTED_EDGE('',*,*,#3697,.T.);
#4035=ORIENTED_EDGE('',*,*,#4032,.T.);
#4036=ORIENTED_EDGE('',*,*,#2895,.T.);
#4037=ORIENTED_EDGE('',*,*,#2902,.T.);
#4038=EDGE_LOOP('',(#4033,#4034,#4035,#4036,#4037));
#4039=FACE_BOUND('',#4038,.T.);
#4040=ADVANCED_FACE('',(#4039),#4027,.F.);
#4041=CARTESIAN_POINT('',(-133.75,53.227625158,-10.));
#4042=DIRECTION('',(0.,0.,1.));
#4043=DIRECTION('',(1.,0.,-0.));
#4044=AXIS2_PLACEMENT_3D('',#4041,#4042,#4043);
#4045=CYLINDRICAL_SURFACE('',#4044,1.6);
#4046=CARTESIAN_POINT('',(-132.15,53.227625158,0.));
#4047=DIRECTION('',(-0.,-0.,-1.));
#4048=VECTOR('',#4047,5.);
#4049=LINE('',#4046,#4048);
#4050=EDGE_CURVE('',#2876,#1145,#4049,.T.);
#4051=ORIENTED_EDGE('',*,*,#4050,.F.);
#4052=ORIENTED_EDGE('',*,*,#2882,.T.);
#4053=ORIENTED_EDGE('',*,*,#4050,.T.);
#4054=ORIENTED_EDGE('',*,*,#1153,.T.);
#4055=ORIENTED_EDGE('',*,*,#1160,.T.);
#4056=EDGE_LOOP('',(#4051,#4052,#4053,#4054,#4055));
#4057=FACE_BOUND('',#4056,.T.);
#4058=ADVANCED_FACE('',(#4057),#4045,.F.);
#4059=CARTESIAN_POINT('',(-133.75,33.227625158,-10.));
#4060=DIRECTION('',(0.,0.,1.));
#4061=DIRECTION('',(1.,0.,-0.));
#4062=AXIS2_PLACEMENT_3D('',#4059,#4060,#4061);
#4063=CYLINDRICAL_SURFACE('',#4062,1.6);
#4064=CARTESIAN_POINT('',(-132.15,33.227625158,0.));
#4065=DIRECTION('',(-0.,-0.,-1.));
#4066=VECTOR('',#4065,5.);
#4067=LINE('',#4064,#4066);
#4068=EDGE_CURVE('',#2865,#1165,#4067,.T.);
#4069=ORIENTED_EDGE('',*,*,#4068,.F.);
#4070=ORIENTED_EDGE('',*,*,#2871,.T.);
#4071=ORIENTED_EDGE('',*,*,#4068,.T.);
#4072=ORIENTED_EDGE('',*,*,#1173,.T.);
#4073=ORIENTED_EDGE('',*,*,#1180,.T.);
#4074=EDGE_LOOP('',(#4069,#4070,#4071,#4072,#4073));
#4075=FACE_BOUND('',#4074,.T.);
#4076=ADVANCED_FACE('',(#4075),#4063,.F.);
#4077=CARTESIAN_POINT('',(-133.75,13.227625158,-10.));
#4078=DIRECTION('',(0.,0.,1.));
#4079=DIRECTION('',(1.,0.,-0.));
#4080=AXIS2_PLACEMENT_3D('',#4077,#4078,#4079);
#4081=CYLINDRICAL_SURFACE('',#4080,1.6);
#4082=CARTESIAN_POINT('',(-132.15,13.227625158,0.));
#4083=DIRECTION('',(-0.,-0.,-1.));
#4084=VECTOR('',#4083,5.);
#4085=LINE('',#4082,#4084);
#4086=EDGE_CURVE('',#2854,#1185,#4085,.T.);
#4087=ORIENTED_EDGE('',*,*,#4086,.F.);
#4088=ORIENTED_EDGE('',*,*,#2860,.T.);
#4089=ORIENTED_EDGE('',*,*,#4086,.T.);
#4090=ORIENTED_EDGE('',*,*,#1193,.T.);
#4091=ORIENTED_EDGE('',*,*,#1200,.T.);
#4092=EDGE_LOOP('',(#4087,#4088,#4089,#4090,#4091));
#4093=FACE_BOUND('',#4092,.T.);
#4094=ADVANCED_FACE('',(#4093),#4081,.F.);
#4095=CARTESIAN_POINT('',(-133.75,-46.772374842,-10.));
#4096=DIRECTION('',(0.,0.,1.));
#4097=DIRECTION('',(1.,0.,-0.));
#4098=AXIS2_PLACEMENT_3D('',#4095,#4096,#4097);
#4099=CYLINDRICAL_SURFACE('',#4098,1.6);
#4100=CARTESIAN_POINT('',(-132.15,-46.772374842,0.));
#4101=DIRECTION('',(-0.,-0.,-1.));
#4102=VECTOR('',#4101,5.);
#4103=LINE('',#4100,#4102);
#4104=EDGE_CURVE('',#2843,#1205,#4103,.T.);
#4105=ORIENTED_EDGE('',*,*,#4104,.F.);
#4106=ORIENTED_EDGE('',*,*,#2849,.T.);
#4107=ORIENTED_EDGE('',*,*,#4104,.T.);
#4108=ORIENTED_EDGE('',*,*,#1213,.T.);
#4109=ORIENTED_EDGE('',*,*,#1220,.T.);
#4110=EDGE_LOOP('',(#4105,#4106,#4107,#4108,#4109));
#4111=FACE_BOUND('',#4110,.T.);
#4112=ADVANCED_FACE('',(#4111),#4099,.F.);
#4113=CARTESIAN_POINT('',(-133.75,-6.772374842,-10.));
#4114=DIRECTION('',(0.,0.,1.));
#4115=DIRECTION('',(1.,0.,-0.));
#4116=AXIS2_PLACEMENT_3D('',#4113,#4114,#4115);
#4117=CYLINDRICAL_SURFACE('',#4116,1.6);
#4118=CARTESIAN_POINT('',(-132.15,-6.772374842,0.));
#4119=DIRECTION('',(-0.,-0.,-1.));
#4120=VECTOR('',#4119,5.);
#4121=LINE('',#4118,#4120);
#4122=EDGE_CURVE('',#2832,#1225,#4121,.T.);
#4123=ORIENTED_EDGE('',*,*,#4122,.F.);
#4124=ORIENTED_EDGE('',*,*,#2838,.T.);
#4125=ORIENTED_EDGE('',*,*,#4122,.T.);
#4126=ORIENTED_EDGE('',*,*,#1233,.T.);
#4127=ORIENTED_EDGE('',*,*,#1240,.T.);
#4128=EDGE_LOOP('',(#4123,#4124,#4125,#4126,#4127));
#4129=FACE_BOUND('',#4128,.T.);
#4130=ADVANCED_FACE('',(#4129),#4117,.F.);
#4131=CARTESIAN_POINT('',(-133.75,-26.772374842,-10.));
#4132=DIRECTION('',(0.,0.,1.));
#4133=DIRECTION('',(1.,0.,-0.));
#4134=AXIS2_PLACEMENT_3D('',#4131,#4132,#4133);
#4135=CYLINDRICAL_SURFACE('',#4134,1.6);
#4136=CARTESIAN_POINT('',(-132.15,-26.772374842,0.));
#4137=DIRECTION('',(-0.,-0.,-1.));
#4138=VECTOR('',#4137,5.);
#4139=LINE('',#4136,#4138);
#4140=EDGE_CURVE('',#2821,#1245,#4139,.T.);
#4141=ORIENTED_EDGE('',*,*,#4140,.F.);
#4142=ORIENTED_EDGE('',*,*,#2827,.T.);
#4143=ORIENTED_EDGE('',*,*,#4140,.T.);
#4144=ORIENTED_EDGE('',*,*,#1253,.T.);
#4145=ORIENTED_EDGE('',*,*,#1260,.T.);
#4146=EDGE_LOOP('',(#4141,#4142,#4143,#4144,#4145));
#4147=FACE_BOUND('',#4146,.T.);
#4148=ADVANCED_FACE('',(#4147),#4135,.F.);
#4149=CARTESIAN_POINT('',(-52.571581589,-28.803847577,-15.));
#4150=DIRECTION('',(0.5,0.866025404,0.));
#4151=DIRECTION('',(0.,0.,-1.));
#4152=AXIS2_PLACEMENT_3D('',#4149,#4150,#4151);
#4153=PLANE('',#4152);
#4154=ORIENTED_EDGE('',*,*,#3624,.F.);
#4155=ORIENTED_EDGE('',*,*,#3522,.T.);
#4156=ORIENTED_EDGE('',*,*,#1431,.T.);
#4157=CARTESIAN_POINT('',(-8.064540033,-54.5,-5.));
#4158=DIRECTION('',(0.,0.,-1.));
#4159=VECTOR('',#4158,10.);
#4160=LINE('',#4157,#4159);
#4161=EDGE_CURVE('',#1420,#3619,#4160,.T.);
#4162=ORIENTED_EDGE('',*,*,#4161,.T.);
#4163=EDGE_LOOP('',(#4154,#4155,#4156,#4162));
#4164=FACE_BOUND('',#4163,.T.);
#4165=ADVANCED_FACE('',(#4164),#4153,.T.);
#4166=CARTESIAN_POINT('',(-58.571581589,-39.196152423,-15.));
#4167=DIRECTION('',(-0.5,-0.866025404,0.));
#4168=DIRECTION('',(0.,0.,1.));
#4169=AXIS2_PLACEMENT_3D('',#4166,#4167,#4168);
#4170=PLANE('',#4169);
#4171=CARTESIAN_POINT('',(-32.064540033,-54.5,-15.));
#4172=DIRECTION('',(0.,0.,1.));
#4173=VECTOR('',#4172,10.);
#4174=LINE('',#4171,#4173);
#4175=EDGE_CURVE('',#3659,#1380,#4174,.T.);
#4176=ORIENTED_EDGE('',*,*,#4175,.T.);
#4177=ORIENTED_EDGE('',*,*,#1385,.T.);
#4178=CARTESIAN_POINT('',(-101.872851778,-14.196152423,-15.));
#4179=DIRECTION('',(0.,0.,1.));
#4180=VECTOR('',#4179,10.);
#4181=LINE('',#4178,#4180);
#4182=EDGE_CURVE('',#3667,#1372,#4181,.T.);
#4183=ORIENTED_EDGE('',*,*,#4182,.F.);
#4184=ORIENTED_EDGE('',*,*,#3672,.F.);
#4185=EDGE_LOOP('',(#4176,#4177,#4183,#4184));
#4186=FACE_BOUND('',#4185,.T.);
#4187=ADVANCED_FACE('',(#4186),#4170,.T.);
#4188=CARTESIAN_POINT('',(-98.872851778,-9.,-15.));
#4189=DIRECTION('',(-0.866025404,0.5,0.));
#4190=DIRECTION('',(0.,0.,1.));
#4191=AXIS2_PLACEMENT_3D('',#4188,#4189,#4190);
#4192=PLANE('',#4191);
#4193=ORIENTED_EDGE('',*,*,#1377,.T.);
#4194=ORIENTED_EDGE('',*,*,#3855,.F.);
#4195=ORIENTED_EDGE('',*,*,#3680,.F.);
#4196=ORIENTED_EDGE('',*,*,#4182,.T.);
#4197=EDGE_LOOP('',(#4193,#4194,#4195,#4196));
#4198=FACE_BOUND('',#4197,.T.);
#4199=ADVANCED_FACE('',(#4198),#4192,.T.);
#4200=CARTESIAN_POINT('',(-28.901708608,-54.5,-15.));
#4201=DIRECTION('',(0.,1.,0.));
#4202=DIRECTION('',(0.,0.,-1.));
#4203=AXIS2_PLACEMENT_3D('',#4200,#4201,#4202);
#4204=PLANE('',#4203);
#4205=ORIENTED_EDGE('',*,*,#1425,.T.);
#4206=CARTESIAN_POINT('',(11.098291392,-54.5,-15.));
#4207=DIRECTION('',(0.,0.,1.));
#4208=VECTOR('',#4207,10.);
#4209=LINE('',#4206,#4208);
#4210=EDGE_CURVE('',#3627,#1412,#4209,.T.);
#4211=ORIENTED_EDGE('',*,*,#4210,.F.);
#4212=ORIENTED_EDGE('',*,*,#3632,.F.);
#4213=ORIENTED_EDGE('',*,*,#4161,.F.);
#4214=EDGE_LOOP('',(#4205,#4211,#4212,#4213));
#4215=FACE_BOUND('',#4214,.T.);
#4216=ADVANCED_FACE('',(#4215),#4204,.T.);
#4217=CARTESIAN_POINT('',(-28.901708608,-54.5,-15.));
#4218=DIRECTION('',(0.,1.,0.));
#4219=DIRECTION('',(0.,0.,-1.));
#4220=AXIS2_PLACEMENT_3D('',#4217,#4218,#4219);
#4221=PLANE('',#4220);
#4222=ORIENTED_EDGE('',*,*,#3664,.F.);
#4223=CARTESIAN_POINT('',(-78.901708608,-54.5,-15.));
#4224=DIRECTION('',(0.,0.,1.));
#4225=VECTOR('',#4224,10.);
#4226=LINE('',#4223,#4225);
#4227=EDGE_CURVE('',#3651,#1388,#4226,.T.);
#4228=ORIENTED_EDGE('',*,*,#4227,.T.);
#4229=ORIENTED_EDGE('',*,*,#1393,.T.);
#4230=ORIENTED_EDGE('',*,*,#4175,.F.);
#4231=EDGE_LOOP('',(#4222,#4228,#4229,#4230));
#4232=FACE_BOUND('',#4231,.T.);
#4233=ADVANCED_FACE('',(#4232),#4221,.T.);
#4234=CARTESIAN_POINT('',(11.098291392,-60.5,-15.));
#4235=DIRECTION('',(1.,0.,0.));
#4236=DIRECTION('',(0.,0.,-1.));
#4237=AXIS2_PLACEMENT_3D('',#4234,#4235,#4236);
#4238=PLANE('',#4237);
#4239=ORIENTED_EDGE('',*,*,#1417,.T.);
#4240=CARTESIAN_POINT('',(11.098291392,-66.5,-15.));
#4241=DIRECTION('',(0.,0.,1.));
#4242=VECTOR('',#4241,10.);
#4243=LINE('',#4240,#4242);
#4244=EDGE_CURVE('',#3635,#1404,#4243,.T.);
#4245=ORIENTED_EDGE('',*,*,#4244,.F.);
#4246=ORIENTED_EDGE('',*,*,#3640,.F.);
#4247=ORIENTED_EDGE('',*,*,#4210,.T.);
#4248=EDGE_LOOP('',(#4239,#4245,#4246,#4247));
#4249=FACE_BOUND('',#4248,.T.);
#4250=ADVANCED_FACE('',(#4249),#4238,.T.);
#4251=CARTESIAN_POINT('',(-28.901708608,-66.5,-15.));
#4252=DIRECTION('',(0.,-1.,0.));
#4253=DIRECTION('',(0.,0.,1.));
#4254=AXIS2_PLACEMENT_3D('',#4251,#4252,#4253);
#4255=PLANE('',#4254);
#4256=ORIENTED_EDGE('',*,*,#1409,.T.);
#4257=CARTESIAN_POINT('',(-78.901708608,-66.5,-15.));
#4258=DIRECTION('',(0.,0.,1.));
#4259=VECTOR('',#4258,10.);
#4260=LINE('',#4257,#4259);
#4261=EDGE_CURVE('',#3643,#1396,#4260,.T.);
#4262=ORIENTED_EDGE('',*,*,#4261,.F.);
#4263=ORIENTED_EDGE('',*,*,#3648,.F.);
#4264=ORIENTED_EDGE('',*,*,#4244,.T.);
#4265=EDGE_LOOP('',(#4256,#4262,#4263,#4264));
#4266=FACE_BOUND('',#4265,.T.);
#4267=ADVANCED_FACE('',(#4266),#4255,.T.);
#4268=CARTESIAN_POINT('',(-78.901708608,-60.5,-15.));
#4269=DIRECTION('',(-1.,0.,0.));
#4270=DIRECTION('',(0.,0.,1.));
#4271=AXIS2_PLACEMENT_3D('',#4268,#4269,#4270);
#4272=PLANE('',#4271);
#4273=ORIENTED_EDGE('',*,*,#1401,.T.);
#4274=ORIENTED_EDGE('',*,*,#4227,.F.);
#4275=ORIENTED_EDGE('',*,*,#3656,.F.);
#4276=ORIENTED_EDGE('',*,*,#4261,.T.);
#4277=EDGE_LOOP('',(#4273,#4274,#4275,#4276));
#4278=FACE_BOUND('',#4277,.T.);
#4279=ADVANCED_FACE('',(#4278),#4272,.T.);
#4280=CARTESIAN_POINT('',(-52.571581589,28.803847577,-15.));
#4281=DIRECTION('',(0.5,-0.866025404,0.));
#4282=DIRECTION('',(0.,0.,-1.));
#4283=AXIS2_PLACEMENT_3D('',#4280,#4281,#4282);
#4284=PLANE('',#4283);
#4285=ORIENTED_EDGE('',*,*,#3536,.F.);
#4286=ORIENTED_EDGE('',*,*,#3615,.T.);
#4287=CARTESIAN_POINT('',(-8.064540033,54.5,-5.));
#4288=DIRECTION('',(0.,0.,-1.));
#4289=VECTOR('',#4288,10.);
#4290=LINE('',#4287,#4289);
#4291=EDGE_CURVE('',#1275,#3604,#4290,.T.);
#4292=ORIENTED_EDGE('',*,*,#4291,.F.);
#4293=ORIENTED_EDGE('',*,*,#1280,.F.);
#4294=EDGE_LOOP('',(#4285,#4286,#4292,#4293));
#4295=FACE_BOUND('',#4294,.T.);
#4296=ADVANCED_FACE('',(#4295),#4284,.T.);
#4297=CARTESIAN_POINT('',(-58.571581589,39.196152423,-15.));
#4298=DIRECTION('',(-0.5,0.866025404,0.));
#4299=DIRECTION('',(0.,0.,1.));
#4300=AXIS2_PLACEMENT_3D('',#4297,#4298,#4299);
#4301=PLANE('',#4300);
#4302=CARTESIAN_POINT('',(-32.064540033,54.5,-15.));
#4303=DIRECTION('',(0.,0.,1.));
#4304=VECTOR('',#4303,10.);
#4305=LINE('',#4302,#4304);
#4306=EDGE_CURVE('',#3564,#1340,#4305,.T.);
#4307=ORIENTED_EDGE('',*,*,#4306,.F.);
#4308=ORIENTED_EDGE('',*,*,#3569,.T.);
#4309=CARTESIAN_POINT('',(-101.872851778,14.196152423,-15.));
#4310=DIRECTION('',(0.,0.,1.));
#4311=VECTOR('',#4310,10.);
#4312=LINE('',#4309,#4311);
#4313=EDGE_CURVE('',#3556,#1348,#4312,.T.);
#4314=ORIENTED_EDGE('',*,*,#4313,.T.);
#4315=ORIENTED_EDGE('',*,*,#1353,.F.);
#4316=EDGE_LOOP('',(#4307,#4308,#4314,#4315));
#4317=FACE_BOUND('',#4316,.T.);
#4318=ADVANCED_FACE('',(#4317),#4301,.T.);
#4319=CARTESIAN_POINT('',(-98.872851778,9.,-15.));
#4320=DIRECTION('',(-0.866025404,-0.5,0.));
#4321=DIRECTION('',(0.,0.,1.));
#4322=AXIS2_PLACEMENT_3D('',#4319,#4320,#4321);
#4323=PLANE('',#4322);
#4324=ORIENTED_EDGE('',*,*,#1361,.F.);
#4325=ORIENTED_EDGE('',*,*,#4313,.F.);
#4326=ORIENTED_EDGE('',*,*,#3561,.T.);
#4327=ORIENTED_EDGE('',*,*,#3894,.T.);
#4328=EDGE_LOOP('',(#4324,#4325,#4326,#4327));
#4329=FACE_BOUND('',#4328,.T.);
#4330=ADVANCED_FACE('',(#4329),#4323,.T.);
#4331=CARTESIAN_POINT('',(-28.901708608,54.5,-15.));
#4332=DIRECTION('',(0.,-1.,0.));
#4333=DIRECTION('',(0.,0.,-1.));
#4334=AXIS2_PLACEMENT_3D('',#4331,#4332,#4333);
#4335=PLANE('',#4334);
#4336=ORIENTED_EDGE('',*,*,#1288,.F.);
#4337=ORIENTED_EDGE('',*,*,#4291,.T.);
#4338=ORIENTED_EDGE('',*,*,#3609,.T.);
#4339=CARTESIAN_POINT('',(11.098291392,54.5,-15.));
#4340=DIRECTION('',(0.,0.,1.));
#4341=VECTOR('',#4340,10.);
#4342=LINE('',#4339,#4341);
#4343=EDGE_CURVE('',#3596,#1283,#4342,.T.);
#4344=ORIENTED_EDGE('',*,*,#4343,.T.);
#4345=EDGE_LOOP('',(#4336,#4337,#4338,#4344));
#4346=FACE_BOUND('',#4345,.T.);
#4347=ADVANCED_FACE('',(#4346),#4335,.T.);
#4348=CARTESIAN_POINT('',(-28.901708608,54.5,-15.));
#4349=DIRECTION('',(0.,-1.,0.));
#4350=DIRECTION('',(0.,0.,-1.));
#4351=AXIS2_PLACEMENT_3D('',#4348,#4349,#4350);
#4352=PLANE('',#4351);
#4353=ORIENTED_EDGE('',*,*,#3577,.T.);
#4354=ORIENTED_EDGE('',*,*,#4306,.T.);
#4355=ORIENTED_EDGE('',*,*,#1345,.F.);
#4356=CARTESIAN_POINT('',(-78.901708608,54.5,-15.));
#4357=DIRECTION('',(0.,0.,1.));
#4358=VECTOR('',#4357,10.);
#4359=LINE('',#4356,#4358);
#4360=EDGE_CURVE('',#3572,#1332,#4359,.T.);
#4361=ORIENTED_EDGE('',*,*,#4360,.F.);
#4362=EDGE_LOOP('',(#4353,#4354,#4355,#4361));
#4363=FACE_BOUND('',#4362,.T.);
#4364=ADVANCED_FACE('',(#4363),#4352,.T.);
#4365=CARTESIAN_POINT('',(11.098291392,60.5,-15.));
#4366=DIRECTION('',(1.,0.,0.));
#4367=DIRECTION('',(0.,0.,-1.));
#4368=AXIS2_PLACEMENT_3D('',#4365,#4366,#4367);
#4369=PLANE('',#4368);
#4370=ORIENTED_EDGE('',*,*,#1294,.F.);
#4371=ORIENTED_EDGE('',*,*,#4343,.F.);
#4372=ORIENTED_EDGE('',*,*,#3601,.T.);
#4373=CARTESIAN_POINT('',(11.098291392,66.5,-15.));
#4374=DIRECTION('',(0.,0.,1.));
#4375=VECTOR('',#4374,10.);
#4376=LINE('',#4373,#4375);
#4377=EDGE_CURVE('',#3588,#131,#4376,.T.);
#4378=ORIENTED_EDGE('',*,*,#4377,.T.);
#4379=EDGE_LOOP('',(#4370,#4371,#4372,#4378));
#4380=FACE_BOUND('',#4379,.T.);
#4381=ADVANCED_FACE('',(#4380),#4369,.T.);
#4382=CARTESIAN_POINT('',(-28.901708608,66.5,-15.));
#4383=DIRECTION('',(0.,1.,0.));
#4384=DIRECTION('',(0.,0.,1.));
#4385=AXIS2_PLACEMENT_3D('',#4382,#4383,#4384);
#4386=PLANE('',#4385);
#4387=ORIENTED_EDGE('',*,*,#146,.F.);
#4388=ORIENTED_EDGE('',*,*,#4377,.F.);
#4389=ORIENTED_EDGE('',*,*,#3593,.T.);
#4390=CARTESIAN_POINT('',(-78.901708608,66.5,-15.));
#4391=DIRECTION('',(0.,0.,1.));
#4392=VECTOR('',#4391,10.);
#4393=LINE('',#4390,#4392);
#4394=EDGE_CURVE('',#3580,#141,#4393,.T.);
#4395=ORIENTED_EDGE('',*,*,#4394,.T.);
#4396=EDGE_LOOP('',(#4387,#4388,#4389,#4395));
#4397=FACE_BOUND('',#4396,.T.);
#4398=ADVANCED_FACE('',(#4397),#4386,.T.);
#4399=CARTESIAN_POINT('',(-78.901708608,60.5,-15.));
#4400=DIRECTION('',(-1.,0.,0.));
#4401=DIRECTION('',(0.,0.,1.));
#4402=AXIS2_PLACEMENT_3D('',#4399,#4400,#4401);
#4403=PLANE('',#4402);
#4404=ORIENTED_EDGE('',*,*,#1337,.F.);
#4405=ORIENTED_EDGE('',*,*,#4394,.F.);
#4406=ORIENTED_EDGE('',*,*,#3585,.T.);
#4407=ORIENTED_EDGE('',*,*,#4360,.T.);
#4408=EDGE_LOOP('',(#4404,#4405,#4406,#4407));
#4409=FACE_BOUND('',#4408,.T.);
#4410=ADVANCED_FACE('',(#4409),#4403,.T.);
#4411=CARTESIAN_POINT('',(98.,10.,-13.2));
#4412=DIRECTION('',(0.,0.,1.));
#4413=DIRECTION('',(1.,0.,-0.));
#4414=AXIS2_PLACEMENT_3D('',#4411,#4412,#4413);
#4415=CYLINDRICAL_SURFACE('',#4414,1.6);
#4416=CARTESIAN_POINT('',(99.6,10.,0.));
#4417=DIRECTION('',(-0.,-0.,-1.));
#4418=VECTOR('',#4417,5.);
#4419=LINE('',#4416,#4418);
#4420=EDGE_CURVE('',#2810,#263,#4419,.T.);
#4421=ORIENTED_EDGE('',*,*,#4420,.F.);
#4422=ORIENTED_EDGE('',*,*,#2816,.T.);
#4423=ORIENTED_EDGE('',*,*,#4420,.T.);
#4424=ORIENTED_EDGE('',*,*,#271,.T.);
#4425=ORIENTED_EDGE('',*,*,#278,.T.);
#4426=EDGE_LOOP('',(#4421,#4422,#4423,#4424,#4425));
#4427=FACE_BOUND('',#4426,.T.);
#4428=ADVANCED_FACE('',(#4427),#4415,.F.);
#4429=CARTESIAN_POINT('',(98.75,-10.,-13.2));
#4430=DIRECTION('',(0.,0.,1.));
#4431=DIRECTION('',(1.,0.,-0.));
#4432=AXIS2_PLACEMENT_3D('',#4429,#4430,#4431);
#4433=CYLINDRICAL_SURFACE('',#4432,1.6);
#4434=CARTESIAN_POINT('',(100.35,-10.,0.));
#4435=DIRECTION('',(-0.,-0.,-1.));
#4436=VECTOR('',#4435,5.);
#4437=LINE('',#4434,#4436);
#4438=EDGE_CURVE('',#2799,#243,#4437,.T.);
#4439=ORIENTED_EDGE('',*,*,#4438,.F.);
#4440=ORIENTED_EDGE('',*,*,#2805,.T.);
#4441=ORIENTED_EDGE('',*,*,#4438,.T.);
#4442=ORIENTED_EDGE('',*,*,#251,.T.);
#4443=ORIENTED_EDGE('',*,*,#258,.T.);
#4444=EDGE_LOOP('',(#4439,#4440,#4441,#4442,#4443));
#4445=FACE_BOUND('',#4444,.T.);
#4446=ADVANCED_FACE('',(#4445),#4433,.F.);
#4447=CLOSED_SHELL('',(#124,#232,#1435,#1461,#1487,#1513,#1539,#1565,#1591,#1622,#1653,#1684,#1715,#1746,#1777,#1808,#1839,#1870,#1901,#1932,#1963,#1981,#1999,#2024,#2042,#2067,
#2085,#2103,#2121,#2139,#2157,#2175,#2193,#2211,#2229,#2264,#2299,#2334,#2369,#2404,#2439,#2474,#2509,#2544,#2579,#2614,#2649,#2684,#2719,#2754,#2789,
#3334,#3352,#3370,#3388,#3406,#3424,#3442,#3460,#3478,#3509,#3540,#3734,#3752,#3770,#3788,#3806,#3824,#3842,#3865,#3882,#3900,#3922,#3939,#3956,#3968,
#3986,#4004,#4022,#4040,#4058,#4076,#4094,#4112,#4130,#4148,#4165,#4187,#4199,#4216,#4233,#4250,#4267,#4279,#4296,#4318,#4330,#4347,#4364,#4381,#4398,
#4410,#4428,#4446));
#4448=MANIFOLD_SOLID_BREP('S2*',#4447);
#4449=COLOUR_RGB('',0.745098054,0.90196079,0.960784316);
#4450=FILL_AREA_STYLE_COLOUR('',#4449);
#4451=FILL_AREA_STYLE('',(#4450));
#4452=SURFACE_STYLE_FILL_AREA(#4451);
#4453=SURFACE_SIDE_STYLE('',(#4452));
#4454=SURFACE_STYLE_USAGE(.BOTH.,#4453);
#4455=PRESENTATION_STYLE_ASSIGNMENT((#4454));
#82=STYLED_ITEM('',(#4455),#4448);
#63=SHAPE_REPRESENTATION('\X2\56DB9A715DEE901F677F4EF6\X0\1_3_2_1',(#15),#61);
#64=ADVANCED_BREP_SHAPE_REPRESENTATION('\X2\56DB9A715DEE901F677F4EF6\X0\1_3_2_1',(#4448),#61);
#4463=SHAPE_REPRESENTATION_RELATIONSHIP('','',#63,#64);
#4464=APPLICATION_CONTEXT('data for automotive mechanical design processes');
#4465=APPLICATION_PROTOCOL_DEFINITION('international standard','automotive_design',1994,#4464);
#4466=PRODUCT_CONTEXT('',#4464,'mechanical');
#4467=PRODUCT_DEFINITION_CONTEXT('part definition',#4464,'design');
#71=PRODUCT('\X2\56DB9A715DEE901F677F4EF6\X0\1_3_2_1','\X2\56DB9A715DEE901F677F4EF6\X0\1_3_2_1','',(#4466));
#4468=PRODUCT_RELATED_PRODUCT_CATEGORY('part','',(#71));
#4469=PRODUCT_DEFINITION_FORMATION_WITH_SPECIFIED_SOURCE('','',#71,.NOT_KNOWN.);
#72=PRODUCT_DEFINITION('design','',#4469,#4467);
#70=PRODUCT_DEFINITION_SHAPE('','',#72);
#4470=SHAPE_DEFINITION_REPRESENTATION(#70,#63);
#62=DRAUGHTING_MODEL('',(),#61);
#35=SHAPE_REPRESENTATION('\X2\603B88C5\X0\_R3X\X2\56DB8F6E4E249A715E9576D8\X0\.stp',(#15,#76),#33);
#43=PRODUCT('\X2\603B88C5\X0\_R3X\X2\56DB8F6E4E249A715E9576D8\X0\.stp','\X2\603B88C5\X0\_R3X\X2\56DB8F6E4E249A715E9576D8\X0\.stp','',(#4466));
#4471=PRODUCT_RELATED_PRODUCT_CATEGORY('part','',(#43));
#4472=PRODUCT_DEFINITION_FORMATION_WITH_SPECIFIED_SOURCE('','',#43,.NOT_KNOWN.);
#44=PRODUCT_DEFINITION('design','',#4472,#4467);
#42=PRODUCT_DEFINITION_SHAPE('','',#44);
#4473=SHAPE_DEFINITION_REPRESENTATION(#42,#35);
#34=DRAUGHTING_MODEL('',(),#33);
#16=SHAPE_REPRESENTATION('root',(#15,#48),#10);
#24=PRODUCT('root','root','',(#4466));
#4474=PRODUCT_RELATED_PRODUCT_CATEGORY('part','',(#24));
#4475=PRODUCT_DEFINITION_FORMATION_WITH_SPECIFIED_SOURCE('','',#24,.NOT_KNOWN.);
#25=PRODUCT_DEFINITION('design','',#4475,#4467);
#23=PRODUCT_DEFINITION_SHAPE('','',#25);
#4476=SHAPE_DEFINITION_REPRESENTATION(#23,#16);
#11=DRAUGHTING_MODEL('',(),#10);
#1=MECHANICAL_DESIGN_GEOMETRIC_PRESENTATION_REPRESENTATION('',(#82),#10);
ENDSEC;
END-ISO-10303-21;
