ISO-10303-21;
HEADER;
FILE_DESCRIPTION (( 'STEP AP214' ),
    '1' );
FILE_NAME ('µç³ØºÐ.STEP',
    '2025-08-01T17:01:51',
    ( '' ),
    ( '' ),
    'SwSTEP 2.0',
    'SolidWorks 2024',
    '' );
FILE_SCHEMA (( 'AUTOMOTIVE_DESIGN' ));
ENDSEC;

DATA;
#1 = CARTESIAN_POINT ( 'NONE',  ( 58.40512483795333054, 43.00000000000000000, 42.39999999999999858 ) ) ;
#2 = ORIENTED_EDGE ( 'NONE', *, *, #718, .F. ) ;
#3 = CARTESIAN_POINT ( 'NONE',  ( 96.74999999999998579, 0.000000000000000000, 9.320000000000005613 ) ) ;
#4 = DIRECTION ( 'NONE',  ( -1.000000000000000000, 0.000000000000000000, 0.000000000000000000 ) ) ;
#5 = PLANE ( 'NONE',  #791 ) ;
#6 = DIRECTION ( 'NONE',  ( -0.000000000000000000, -1.000000000000000000, 0.000000000000000000 ) ) ;
#7 = DIRECTION ( 'NONE',  ( -0.000000000000000000, 0.000000000000000000, 1.000000000000000000 ) ) ;
#8 = EDGE_CURVE ( 'NONE', #1358, #1129, #756, .T. ) ;
#9 = VERTEX_POINT ( 'NONE', #4275 ) ;
#10 = DIRECTION ( 'NONE',  ( 4.625929269271473489E-15, 0.000000000000000000, 1.000000000000000000 ) ) ;
#11 = CARTESIAN_POINT ( 'NONE',  ( 25.38334587847568358, 5.088864594834066502, -5.879105891403624717 ) ) ;
#12 = ORIENTED_EDGE ( 'NONE', *, *, #3423, .T. ) ;
#13 = ORIENTED_EDGE ( 'NONE', *, *, #298, .T. ) ;
#14 = DIRECTION ( 'NONE',  ( -1.000000000000000000, 0.000000000000000000, 0.000000000000000000 ) ) ;
#15 = EDGE_LOOP ( 'NONE', ( #3190, #4278, #2217, #1693 ) ) ;
#16 = CARTESIAN_POINT ( 'NONE',  ( 86.87736781389580187, 6.000000000000012434, -4.999999999999991118 ) ) ;
#17 = LINE ( 'NONE', #4170, #1324 ) ;
#18 = ORIENTED_EDGE ( 'NONE', *, *, #2308, .F. ) ;
#19 = EDGE_LOOP ( 'NONE', ( #2595, #2642, #922, #4258 ) ) ;
#20 = EDGE_CURVE ( 'NONE', #3957, #3880, #4094, .T. ) ;
#21 = FACE_OUTER_BOUND ( 'NONE', #372, .T. ) ;
#22 = CIRCLE ( 'NONE', #3393, 3.000000000000000888 ) ;
#23 = AXIS2_PLACEMENT_3D ( 'NONE', #4404, #1880, #1510 ) ;
#24 = DIRECTION ( 'NONE',  ( 0.000000000000000000, 1.000000000000000000, 0.000000000000000000 ) ) ;
#25 = CIRCLE ( 'NONE', #913, 4.999999999999997335 ) ;
#26 = ORIENTED_EDGE ( 'NONE', *, *, #4108, .T. ) ;
#27 = DIRECTION ( 'NONE',  ( 0.000000000000000000, 0.000000000000000000, 1.000000000000000000 ) ) ;
#28 = CARTESIAN_POINT ( 'NONE',  ( 114.0000000000000000, 43.00000000000000000, 50.89999999999998437 ) ) ;
#29 = PRESENTATION_LAYER_ASSIGNMENT (  '', '', ( #2203 ) ) ;
#30 = CARTESIAN_POINT ( 'NONE',  ( 9.999999999999998224, 11.00000000000000000, -4.000000000000000000 ) ) ;
#31 = CARTESIAN_POINT ( 'NONE',  ( 22.11124260355030557, 65.38698224852072372, 48.39999999999999858 ) ) ;
#32 = CARTESIAN_POINT ( 'NONE',  ( 0.000000000000000000, 5.499999999999998224, 0.000000000000000000 ) ) ;
#33 = ORIENTED_EDGE ( 'NONE', *, *, #4194, .F. ) ;
#34 = CARTESIAN_POINT ( 'NONE',  ( 55.95227473520262862, 8.912534908049341453, -4.000000000000000000 ) ) ;
#35 = CYLINDRICAL_SURFACE ( 'NONE', #2484, 3.000000000000002665 ) ;
#36 = EDGE_LOOP ( 'NONE', ( #2173, #1503, #64, #183, #4333, #3928, #742, #1137 ) ) ;
#37 = LINE ( 'NONE', #1112, #2109 ) ;
#38 = ORIENTED_EDGE ( 'NONE', *, *, #2401, .T. ) ;
#39 = EDGE_CURVE ( 'NONE', #1721, #440, #3488, .T. ) ;
#40 = ORIENTED_EDGE ( 'NONE', *, *, #4280, .T. ) ;
#41 = DIRECTION ( 'NONE',  ( -1.000000000000000000, 0.000000000000000000, 0.000000000000000000 ) ) ;
#42 = ORIENTED_EDGE ( 'NONE', *, *, #2504, .T. ) ;
#43 = FACE_OUTER_BOUND ( 'NONE', #2115, .T. ) ;
#44 = DIRECTION ( 'NONE',  ( 0.000000000000000000, 0.000000000000000000, 1.000000000000000000 ) ) ;
#45 = VERTEX_POINT ( 'NONE', #3921 ) ;
#46 = AXIS2_PLACEMENT_3D ( 'NONE', #1787, #1433, #3171 ) ;
#47 = EDGE_CURVE ( 'NONE', #2205, #3854, #1455, .T. ) ;
#48 = EDGE_LOOP ( 'NONE', ( #2144, #2532, #2966, #4595, #4007 ) ) ;
#49 = CARTESIAN_POINT ( 'NONE',  ( 13.00000000000000533, 11.00000000000000000, 52.40000000000000568 ) ) ;
#50 = VECTOR ( 'NONE', #3512, 1000.000000000000000 ) ;
#51 = EDGE_CURVE ( 'NONE', #510, #574, #2285, .T. ) ;
#52 = VECTOR ( 'NONE', #2909, 1000.000000000000000 ) ;
#53 = CIRCLE ( 'NONE', #1466, 1.500000000000000000 ) ;
#54 = CARTESIAN_POINT ( 'NONE',  ( 86.75000000000000000, 0.000000000000000000, -8.000000000000000000 ) ) ;
#55 = EDGE_LOOP ( 'NONE', ( #2353, #2112, #2549, #992 ) ) ;
#56 = CARTESIAN_POINT ( 'NONE',  ( 83.83057943849038907, 4.302992989848204886, -7.267392058546854550 ) ) ;
#57 = CARTESIAN_POINT ( 'NONE',  ( 0.000000000000000000, 4.000000000000000000, 0.000000000000000000 ) ) ;
#58 = LINE ( 'NONE', #3573, #4229 ) ;
#59 = CARTESIAN_POINT ( 'NONE',  ( 112.5000000000000000, 40.00000000000000000, -4.000000000000000000 ) ) ;
#60 = LINE ( 'NONE', #3295, #1862 ) ;
#61 = EDGE_LOOP ( 'NONE', ( #1544, #4240, #3054, #1102, #42, #1803, #1121, #1954 ) ) ;
#62 = LINE ( 'NONE', #1031, #4160 ) ;
#63 = CARTESIAN_POINT ( 'NONE',  ( 23.25000000000000711, 0.000000000000000000, -7.999999999999992895 ) ) ;
#64 = ORIENTED_EDGE ( 'NONE', *, *, #3500, .T. ) ;
#65 = CARTESIAN_POINT ( 'NONE',  ( 112.5000000000000000, 0.000000000000000000, 50.89999999999999858 ) ) ;
#66 = ORIENTED_EDGE ( 'NONE', *, *, #2616, .F. ) ;
#67 = ORIENTED_EDGE ( 'NONE', *, *, #2564, .F. ) ;
#68 = DIRECTION ( 'NONE',  ( 0.000000000000000000, 1.000000000000000000, -0.000000000000000000 ) ) ;
#69 = ORIENTED_EDGE ( 'NONE', *, *, #3402, .F. ) ;
#70 = CARTESIAN_POINT ( 'NONE',  ( 58.12328995357655970, 11.00000000000000000, 0.000000000000000000 ) ) ;
#71 = DIRECTION ( 'NONE',  ( -0.000000000000000000, -0.000000000000000000, -1.000000000000000000 ) ) ;
#72 = VERTEX_POINT ( 'NONE', #706 ) ;
#73 = CARTESIAN_POINT ( 'NONE',  ( 98.99999999999998579, -29.97142273814360536, 34.11385019445601330 ) ) ;
#74 = AXIS2_PLACEMENT_3D ( 'NONE', #1388, #2730, #2143 ) ;
#75 = EDGE_CURVE ( 'NONE', #2448, #2041, #2967, .T. ) ;
#76 = EDGE_CURVE ( 'NONE', #769, #4385, #3859, .T. ) ;
#77 = AXIS2_PLACEMENT_3D ( 'NONE', #3782, #2692, #4524 ) ;
#78 = VECTOR ( 'NONE', #2980, 1000.000000000000000 ) ;
#79 = AXIS2_PLACEMENT_3D ( 'NONE', #2434, #4626, #362 ) ;
#80 = ADVANCED_FACE ( 'NONE', ( #1109 ), #2543, .T. ) ;
#81 = DIRECTION ( 'NONE',  ( 0.000000000000000000, 0.000000000000000000, 1.000000000000000000 ) ) ;
#82 = ORIENTED_EDGE ( 'NONE', *, *, #1560, .F. ) ;
#83 = DIRECTION ( 'NONE',  ( 0.6401843996644799306, 0.000000000000000000, 0.7682212795973757391 ) ) ;
#84 = CYLINDRICAL_SURFACE ( 'NONE', #3517, 1.500000000000001332 ) ;
#85 = CARTESIAN_POINT ( 'NONE',  ( 57.89953900083879290, 43.00000000000000000, 7.479446801006567114 ) ) ;
#86 = FACE_OUTER_BOUND ( 'NONE', #3777, .T. ) ;
#87 = EDGE_CURVE ( 'NONE', #570, #2120, #2883, .T. ) ;
#88 = LINE ( 'NONE', #2236, #583 ) ;
#89 =( BOUNDED_CURVE ( )  B_SPLINE_CURVE ( 3, ( #1180, #3341, #458, #3623 ),
 .UNSPECIFIED., .F., .F. ) 
 B_SPLINE_CURVE_WITH_KNOTS ( ( 4, 4 ),
 ( 3.141592653589793116, 4.712388980384687898 ),
 .UNSPECIFIED. ) 
 CURVE ( )  GEOMETRIC_REPRESENTATION_ITEM ( )  RATIONAL_B_SPLINE_CURVE ( ( 1.000000000000000000, 0.8047378541243654926, 0.8047378541243654926, 1.000000000000000000 ) ) 
 REPRESENTATION_ITEM ( '' )  );
#90 = DIRECTION ( 'NONE',  ( 0.000000000000000000, 1.000000000000000000, -0.000000000000000000 ) ) ;
#91 = CARTESIAN_POINT ( 'NONE',  ( 86.75000000000000000, 2.000000000000000000, -4.999999999999992006 ) ) ;
#92 = ORIENTED_EDGE ( 'NONE', *, *, #2941, .T. ) ;
#93 = ORIENTED_EDGE ( 'NONE', *, *, #1029, .T. ) ;
#94 = CARTESIAN_POINT ( 'NONE',  ( 86.75000000000000000, 2.000000000000000000, -8.000000000000000000 ) ) ;
#95 = EDGE_LOOP ( 'NONE', ( #2491, #3787, #228, #1184 ) ) ;
#96 = FACE_OUTER_BOUND ( 'NONE', #3992, .T. ) ;
#97 = DIRECTION ( 'NONE',  ( 0.000000000000000000, 0.000000000000000000, -1.000000000000000000 ) ) ;
#98 = ORIENTED_EDGE ( 'NONE', *, *, #1843, .T. ) ;
#99 = PLANE ( 'NONE',  #962 ) ;
#100 = CARTESIAN_POINT ( 'NONE',  ( 15.00000000000000178, 43.00000000000000000, 42.39999999999999858 ) ) ;
#101 = AXIS2_PLACEMENT_3D ( 'NONE', #3799, #3041, #4457 ) ;
#102 = EDGE_CURVE ( 'NONE', #981, #1558, #2913, .T. ) ;
#103 = LINE ( 'NONE', #2978, #266 ) ;
#104 = ORIENTED_EDGE ( 'NONE', *, *, #2437, .T. ) ;
#105 = DIRECTION ( 'NONE',  ( 0.000000000000000000, 1.000000000000000000, 0.000000000000000000 ) ) ;
#106 = LINE ( 'NONE', #1155, #2198 ) ;
#107 = FACE_OUTER_BOUND ( 'NONE', #4563, .T. ) ;
#108 = EDGE_CURVE ( 'NONE', #440, #4205, #2160, .T. ) ;
#109 = CARTESIAN_POINT ( 'NONE',  ( 35.98782115753458299, 11.00000000000000000, 48.39999999999999858 ) ) ;
#110 = CIRCLE ( 'NONE', #3162, 3.000000000000002665 ) ;
#111 = CARTESIAN_POINT ( 'NONE',  ( 57.84705228083608830, 34.26224478765892201, 48.39999999999999858 ) ) ;
#112 = VECTOR ( 'NONE', #3026, 1000.000000000000114 ) ;
#113 = CARTESIAN_POINT ( 'NONE',  ( 20.28235557861057714, 4.017741258053805886, -8.507498778932259142 ) ) ;
#114 = CARTESIAN_POINT ( 'NONE',  ( 30.00000000000000355, 0.000000000000000000, 5.000000000000000000 ) ) ;
#115 = AXIS2_PLACEMENT_3D ( 'NONE', #2100, #700, #2505 ) ;
#117 = EDGE_CURVE ( 'NONE', #2784, #3436, #764, .T. ) ;
#116 = ORIENTED_EDGE ( 'NONE', *, *, #2218, .F. ) ;
#118 = ORIENTED_EDGE ( 'NONE', *, *, #4616, .F. ) ;
#119 = DIRECTION ( 'NONE',  ( 0.000000000000000000, 0.000000000000000000, 1.000000000000000000 ) ) ;
#120 = VERTEX_POINT ( 'NONE', #415 ) ;
#121 = CARTESIAN_POINT ( 'NONE',  ( 96.74999999999998579, 4.000000000000000000, 9.320000000000005613 ) ) ;
#122 = CARTESIAN_POINT ( 'NONE',  ( 0.000000000000000000, 35.00000000000000000, 48.39999999999999858 ) ) ;
#123 = ORIENTED_EDGE ( 'NONE', *, *, #420, .F. ) ;
#124 = ORIENTED_EDGE ( 'NONE', *, *, #944, .T. ) ;
#125 = CARTESIAN_POINT ( 'NONE',  ( 98.99999999999998579, 43.00000000000000000, 6.400000000000003020 ) ) ;
#126 = CIRCLE ( 'NONE', #709, 3.000000000000002665 ) ;
#127 = CARTESIAN_POINT ( 'NONE',  ( 39.34426229508195405, 40.00000000000000000, -32.78688524590163667 ) ) ;
#128 = DIRECTION ( 'NONE',  ( 0.000000000000000000, 0.000000000000000000, 1.000000000000000000 ) ) ;
#129 = DIRECTION ( 'NONE',  ( 0.000000000000000000, 1.000000000000000000, -0.000000000000000000 ) ) ;
#130 = AXIS2_PLACEMENT_3D ( 'NONE', #3354, #3375, #1934 ) ;
#131 = EDGE_CURVE ( 'NONE', #3207, #2643, #1669, .T. ) ;
#132 = DIRECTION ( 'NONE',  ( 0.000000000000000000, -1.000000000000000000, -0.000000000000000000 ) ) ;
#133 = CIRCLE ( 'NONE', #1835, 5.000000000000000000 ) ;
#134 = LINE ( 'NONE', #1553, #2360 ) ;
#135 = CARTESIAN_POINT ( 'NONE',  ( 0.000000000000000000, 40.00000000000000000, 42.39999999999999858 ) ) ;
#136 = EDGE_CURVE ( 'NONE', #1766, #1381, #347, .T. ) ;
#137 = FACE_OUTER_BOUND ( 'NONE', #3602, .T. ) ;
#138 = EDGE_CURVE ( 'NONE', #2017, #1334, #62, .T. ) ;
#139 = FACE_OUTER_BOUND ( 'NONE', #2169, .T. ) ;
#140 = ORIENTED_EDGE ( 'NONE', *, *, #3845, .F. ) ;
#141 = CARTESIAN_POINT ( 'NONE',  ( 108.5000000000000000, 38.50000000000000000, 48.39999999999999858 ) ) ;
#142 = EDGE_CURVE ( 'NONE', #4540, #1036, #3553, .T. ) ;
#143 = ORIENTED_EDGE ( 'NONE', *, *, #4376, .T. ) ;
#144 = CARTESIAN_POINT ( 'NONE',  ( 11.99999999999999645, 40.00000000000000000, -1.734723475976806897E-15 ) ) ;
#145 = LINE ( 'NONE', #3303, #4181 ) ;
#146 = VERTEX_POINT ( 'NONE', #2083 ) ;
#147 = ORIENTED_EDGE ( 'NONE', *, *, #3311, .T. ) ;
#148 = AXIS2_PLACEMENT_3D ( 'NONE', #3457, #1337, #924 ) ;
#149 = LINE ( 'NONE', #2644, #1392 ) ;
#150 = DIRECTION ( 'NONE',  ( 0.000000000000000000, -1.000000000000000000, 0.000000000000000000 ) ) ;
#151 = VECTOR ( 'NONE', #4172, 1000.000000000000000 ) ;
#152 = AXIS2_PLACEMENT_3D ( 'NONE', #836, #97, #4431 ) ;
#153 = CARTESIAN_POINT ( 'NONE',  ( 12.78688524590162956, -29.97142273814360536, -10.65573770491802641 ) ) ;
#154 = LINE ( 'NONE', #2300, #4048 ) ;
#155 = FACE_BOUND ( 'NONE', #1974, .T. ) ;
#156 = CIRCLE ( 'NONE', #3751, 8.000000000000000000 ) ;
#157 = DIRECTION ( 'NONE',  ( -0.000000000000000000, -1.000000000000000000, 0.000000000000000000 ) ) ;
#158 = CARTESIAN_POINT ( 'NONE',  ( 78.01217884246545964, 32.00000000000000000, -17.47392445807271955 ) ) ;
#159 = LINE ( 'NONE', #1578, #3325 ) ;
#160 = CARTESIAN_POINT ( 'NONE',  ( 2.915533057694772625E-15, 41.50000000000000000, 52.40000000000000568 ) ) ;
#161 = AXIS2_PLACEMENT_3D ( 'NONE', #1418, #428, #1391 ) ;
#162 = EDGE_CURVE ( 'NONE', #3014, #591, #3529, .T. ) ;
#163 = CARTESIAN_POINT ( 'NONE',  ( 110.0000000000000000, 18.00000000000000355, 8.000000000000000000 ) ) ;
#164 = EDGE_CURVE ( 'NONE', #72, #2365, #931, .T. ) ;
#165 = ORIENTED_EDGE ( 'NONE', *, *, #2504, .F. ) ;
#166 = CARTESIAN_POINT ( 'NONE',  ( 0.000000000000000000, 40.00000000000000000, 0.000000000000000000 ) ) ;
#167 = DIRECTION ( 'NONE',  ( 1.000000000000000000, 0.000000000000000000, 0.000000000000000000 ) ) ;
#168 = ORIENTED_EDGE ( 'NONE', *, *, #3210, .F. ) ;
#169 = EDGE_CURVE ( 'NONE', #2332, #3255, #1829, .T. ) ;
#170 = DIRECTION ( 'NONE',  ( -0.000000000000000000, -1.000000000000000000, -0.000000000000000000 ) ) ;
#171 = ADVANCED_FACE ( 'NONE', ( #1912 ), #1231, .F. ) ;
#172 = DIRECTION ( 'NONE',  ( 0.000000000000000000, 0.000000000000000000, -1.000000000000000000 ) ) ;
#173 = DIRECTION ( 'NONE',  ( 0.000000000000000000, 0.000000000000000000, 1.000000000000000000 ) ) ;
#174 = CARTESIAN_POINT ( 'NONE',  ( 27.83234344473943267, 4.382058700917662364, 47.91758866925486160 ) ) ;
#175 = DIRECTION ( 'NONE',  ( -0.000000000000000000, -0.000000000000000000, 1.000000000000000000 ) ) ;
#176 = FACE_BOUND ( 'NONE', #1692, .T. ) ;
#177 = LINE ( 'NONE', #4484, #112 ) ;
#178 = VECTOR ( 'NONE', #1875, 1000.000000000000000 ) ;
#179 = DIRECTION ( 'NONE',  ( 0.000000000000000000, 0.000000000000000000, 1.000000000000000000 ) ) ;
#180 = ORIENTED_EDGE ( 'NONE', *, *, #752, .T. ) ;
#181 = CARTESIAN_POINT ( 'NONE',  ( 5.743593488001084917E-15, 4.000000000000000000, 46.89999999999999858 ) ) ;
#182 = VECTOR ( 'NONE', #1332, 1000.000000000000000 ) ;
#183 = ORIENTED_EDGE ( 'NONE', *, *, #2122, .T. ) ;
#184 = EDGE_CURVE ( 'NONE', #1806, #3455, #2292, .T. ) ;
#185 = ORIENTED_EDGE ( 'NONE', *, *, #758, .T. ) ;
#186 = CARTESIAN_POINT ( 'NONE',  ( 96.74999999999998579, 4.000000000000000000, 7.720000000000000639 ) ) ;
#187 = ORIENTED_EDGE ( 'NONE', *, *, #2432, .T. ) ;
#188 = EDGE_CURVE ( 'NONE', #363, #2205, #1583, .T. ) ;
#189 = CARTESIAN_POINT ( 'NONE',  ( 13.25000000000000888, 4.000000000000003553, 9.320000000000016271 ) ) ;
#190 = ADVANCED_FACE ( 'NONE', ( #2994 ), #4141, .F. ) ;
#191 = CARTESIAN_POINT ( 'NONE',  ( 14.97034223441261069, 30.67099224744709929, 48.39999999999997016 ) ) ;
#192 = LINE ( 'NONE', #1616, #861 ) ;
#193 = VECTOR ( 'NONE', #3719, 1000.000000000000000 ) ;
#194 = DIRECTION ( 'NONE',  ( 0.000000000000000000, -1.000000000000000000, 0.000000000000000000 ) ) ;
#195 = DIRECTION ( 'NONE',  ( -0.000000000000000000, -1.000000000000000000, -0.000000000000000000 ) ) ;
#196 = CARTESIAN_POINT ( 'NONE',  ( 22.73727004256774364, 5.953583749664280056, -5.034028011892004884 ) ) ;
#197 = CIRCLE ( 'NONE', #796, 1.600000000000004086 ) ;
#198 = CARTESIAN_POINT ( 'NONE',  ( 34.95816339194718836, 13.26224478765891490, -17.47392445807271955 ) ) ;
#199 = ORIENTED_EDGE ( 'NONE', *, *, #1187, .T. ) ;
#200 = DIRECTION ( 'NONE',  ( -1.445602896647339410E-16, 0.000000000000000000, -1.000000000000000000 ) ) ;
#201 = CARTESIAN_POINT ( 'NONE',  ( 0.000000000000000000, 0.000000000000000000, -14.00000000000000000 ) ) ;
#202 = CARTESIAN_POINT ( 'NONE',  ( 84.99999999999998579, 0.000000000000000000, 0.000000000000000000 ) ) ;
#203 = ORIENTED_EDGE ( 'NONE', *, *, #2282, .F. ) ;
#204 = ORIENTED_EDGE ( 'NONE', *, *, #1834, .F. ) ;
#205 = FACE_OUTER_BOUND ( 'NONE', #1602, .T. ) ;
#206 = VERTEX_POINT ( 'NONE', #4432 ) ;
#207 = ORIENTED_EDGE ( 'NONE', *, *, #2847, .T. ) ;
#208 = CIRCLE ( 'NONE', #2817, 3.000000000000002665 ) ;
#209 = EDGE_CURVE ( 'NONE', #3403, #1885, #3844, .T. ) ;
#210 = CARTESIAN_POINT ( 'NONE',  ( 13.25000000000000888, 0.000000000000000000, 9.320000000000016271 ) ) ;
#211 = EDGE_CURVE ( 'NONE', #3969, #223, #3733, .T. ) ;
#212 = CARTESIAN_POINT ( 'NONE',  ( 35.59487516204666235, -29.97142273814360536, 39.39999999999999858 ) ) ;
#213 = AXIS2_PLACEMENT_3D ( 'NONE', #210, #4499, #1278 ) ;
#214 = CARTESIAN_POINT ( 'NONE',  ( 108.5000000000000000, 5.500000000000000000, 1.500000000000000000 ) ) ;
#215 = DIRECTION ( 'NONE',  ( 0.000000000000000000, -1.000000000000000000, -0.000000000000000000 ) ) ;
#216 = VECTOR ( 'NONE', #1419, 1000.000000000000000 ) ;
#217 = CIRCLE ( 'NONE', #3294, 1.500000000000000000 ) ;
#218 = EDGE_CURVE ( 'NONE', #1295, #2435, #4079, .T. ) ;
#219 = DIRECTION ( 'NONE',  ( -1.000000000000000000, 0.000000000000000000, 0.000000000000000000 ) ) ;
#220 = ORIENTED_EDGE ( 'NONE', *, *, #4565, .F. ) ;
#221 = FACE_OUTER_BOUND ( 'NONE', #1915, .T. ) ;
#222 = FACE_OUTER_BOUND ( 'NONE', #3306, .T. ) ;
#223 = VERTEX_POINT ( 'NONE', #3234 ) ;
#224 = VERTEX_POINT ( 'NONE', #675 ) ;
#225 = DIRECTION ( 'NONE',  ( 0.000000000000000000, 0.000000000000000000, -1.000000000000000000 ) ) ;
#226 = ORIENTED_EDGE ( 'NONE', *, *, #1133, .F. ) ;
#227 = AXIS2_PLACEMENT_3D ( 'NONE', #2795, #3644, #3539 ) ;
#228 = ORIENTED_EDGE ( 'NONE', *, *, #2087, .F. ) ;
#229 = LINE ( 'NONE', #3738, #4506 ) ;
#230 = DIRECTION ( 'NONE',  ( -0.000000000000000000, 0.000000000000000000, 1.000000000000000000 ) ) ;
#231 = EDGE_CURVE ( 'NONE', #2862, #1356, #334, .T. ) ;
#232 = FACE_BOUND ( 'NONE', #1976, .T. ) ;
#233 = ORIENTED_EDGE ( 'NONE', *, *, #552, .F. ) ;
#234 = DIRECTION ( 'NONE',  ( 0.000000000000000000, 0.000000000000000000, 1.000000000000000000 ) ) ;
#235 = PLANE ( 'NONE',  #2111 ) ;
#236 = EDGE_CURVE ( 'NONE', #72, #2793, #2102, .T. ) ;
#237 = CIRCLE ( 'NONE', #1351, 1.600000000000002531 ) ;
#238 = DIRECTION ( 'NONE',  ( -0.000000000000000000, 0.000000000000000000, -1.000000000000000000 ) ) ;
#239 = ORIENTED_EDGE ( 'NONE', *, *, #2864, .T. ) ;
#240 = DIRECTION ( 'NONE',  ( 0.000000000000000000, -0.000000000000000000, 1.000000000000000000 ) ) ;
#241 = EDGE_CURVE ( 'NONE', #1664, #3060, #2050, .T. ) ;
#242 = CARTESIAN_POINT ( 'NONE',  ( 96.69533616120789077, 40.00000000000000000, 36.03440339344948740 ) ) ;
#243 = VERTEX_POINT ( 'NONE', #702 ) ;
#244 = AXIS2_PLACEMENT_3D ( 'NONE', #600, #1327, #2053 ) ;
#245 = VERTEX_POINT ( 'NONE', #30 ) ;
#246 = DIRECTION ( 'NONE',  ( 0.000000000000000000, 0.000000000000000000, -1.000000000000000000 ) ) ;
#247 = ORIENTED_EDGE ( 'NONE', *, *, #1694, .T. ) ;
#248 = AXIS2_PLACEMENT_3D ( 'NONE', #2370, #4510, #2699 ) ;
#249 = VERTEX_POINT ( 'NONE', #1450 ) ;
#250 = ORIENTED_EDGE ( 'NONE', *, *, #1373, .F. ) ;
#251 = CARTESIAN_POINT ( 'NONE',  ( 28.44038872643064408, 4.667483913486283775, 48.16182265540196994 ) ) ;
#252 = AXIS2_PLACEMENT_3D ( 'NONE', #2462, #4300, #4603 ) ;
#253 = CARTESIAN_POINT ( 'NONE',  ( 55.87671004642346873, 32.00000000000000000, 52.40000000000000568 ) ) ;
#254 = ORIENTED_EDGE ( 'NONE', *, *, #3248, .T. ) ;
#255 = DIRECTION ( 'NONE',  ( -6.938893903907232322E-16, 0.000000000000000000, 1.000000000000000000 ) ) ;
#256 = LINE ( 'NONE', #1678, #3016 ) ;
#257 = LINE ( 'NONE', #1752, #1617 ) ;
#258 = AXIS2_PLACEMENT_3D ( 'NONE', #2653, #846, #1594 ) ;
#259 = LINE ( 'NONE', #3411, #1474 ) ;
#260 = VECTOR ( 'NONE', #613, 1000.000000000000000 ) ;
#261 = EDGE_CURVE ( 'NONE', #2043, #2263, #2481, .T. ) ;
#262 = ORIENTED_EDGE ( 'NONE', *, *, #4593, .T. ) ;
#263 = CARTESIAN_POINT ( 'NONE',  ( 95.00000000000000000, 4.000000000000000000, -9.000000000000001776 ) ) ;
#264 = DIRECTION ( 'NONE',  ( -0.000000000000000000, -1.000000000000000000, -0.000000000000000000 ) ) ;
#265 = ORIENTED_EDGE ( 'NONE', *, *, #928, .T. ) ;
#266 = VECTOR ( 'NONE', #3335, 1000.000000000000114 ) ;
#267 = ORIENTED_EDGE ( 'NONE', *, *, #2218, .T. ) ;
#268 = EDGE_CURVE ( 'NONE', #3926, #3570, #3622, .T. ) ;
#269 = DIRECTION ( 'NONE',  ( -1.000000000000000000, 0.000000000000000000, 0.000000000000000000 ) ) ;
#270 = ORIENTED_EDGE ( 'NONE', *, *, #1345, .F. ) ;
#271 = CARTESIAN_POINT ( 'NONE',  ( 87.38089803902389008, 5.915451306161942036, -5.064524359738603820 ) ) ;
#272 = ORIENTED_EDGE ( 'NONE', *, *, #4433, .F. ) ;
#273 = ORIENTED_EDGE ( 'NONE', *, *, #579, .T. ) ;
#274 = VECTOR ( 'NONE', #547, 1000.000000000000000 ) ;
#275 = LINE ( 'NONE', #2750, #3935 ) ;
#276 = DIRECTION ( 'NONE',  ( 0.000000000000000000, 0.000000000000000000, 1.000000000000000000 ) ) ;
#277 = VECTOR ( 'NONE', #1294, 1000.000000000000000 ) ;
#278 = EDGE_LOOP ( 'NONE', ( #3456, #4166, #3120, #1660 ) ) ;
#279 = DIRECTION ( 'NONE',  ( 0.000000000000000000, -0.000000000000000000, 1.000000000000000000 ) ) ;
#280 = LINE ( 'NONE', #4620, #1892 ) ;
#281 = DIRECTION ( 'NONE',  ( -0.000000000000000000, -1.000000000000000000, -0.000000000000000000 ) ) ;
#282 = AXIS2_PLACEMENT_3D ( 'NONE', #3392, #1625, #1952 ) ;
#283 = CARTESIAN_POINT ( 'NONE',  ( 78.01217884246545964, 32.00000000000000000, -4.000000000000000000 ) ) ;
#284 = ORIENTED_EDGE ( 'NONE', *, *, #1404, .T. ) ;
#285 = CIRCLE ( 'NONE', #3055, 1.500000000000001332 ) ;
#286 = CARTESIAN_POINT ( 'NONE',  ( 10.76392973654882645, 9.000002555771347446, -4.000000000000000000 ) ) ;
#287 = VECTOR ( 'NONE', #865, 1000.000000000000000 ) ;
#288 = DIRECTION ( 'NONE',  ( 0.000000000000000000, 0.000000000000000000, 1.000000000000000000 ) ) ;
#289 = ORIENTED_EDGE ( 'NONE', *, *, #4136, .T. ) ;
#290 = ADVANCED_FACE ( 'NONE', ( #1825 ), #4296, .F. ) ;
#291 = EDGE_CURVE ( 'NONE', #3507, #243, #2078, .T. ) ;
#292 = VERTEX_POINT ( 'NONE', #1025 ) ;
#293 = FACE_OUTER_BOUND ( 'NONE', #4253, .T. ) ;
#294 = VERTEX_POINT ( 'NONE', #306 ) ;
#295 = CARTESIAN_POINT ( 'NONE',  ( 88.05862079347851079, 5.638197546762918400, -5.298050654049769825 ) ) ;
#296 = ORIENTED_EDGE ( 'NONE', *, *, #1002, .T. ) ;
#297 = EDGE_LOOP ( 'NONE', ( #3896, #1690, #4312, #1325 ) ) ;
#298 = EDGE_CURVE ( 'NONE', #2289, #2391, #58, .T. ) ;
#299 = CARTESIAN_POINT ( 'NONE',  ( 33.20003738478453670, 7.999999999999998224, -4.101020514433644237 ) ) ;
#300 = VECTOR ( 'NONE', #3357, 1000.000000000000000 ) ;
#301 = EDGE_CURVE ( 'NONE', #939, #3253, #2829, .T. ) ;
#302 = CARTESIAN_POINT ( 'NONE',  ( 35.59487516204666235, 43.00000000000000000, 42.39999999999999858 ) ) ;
#303 = EDGE_LOOP ( 'NONE', ( #4445, #1255, #906, #2707, #2165 ) ) ;
#304 = CYLINDRICAL_SURFACE ( 'NONE', #327, 3.000000000000007994 ) ;
#305 = DIRECTION ( 'NONE',  ( 1.000000000000000000, 0.000000000000000000, -1.224646799147352961E-16 ) ) ;
#306 = CARTESIAN_POINT ( 'NONE',  ( 96.69533616120787656, 43.00000000000000000, 36.03440339344945897 ) ) ;
#307 = CARTESIAN_POINT ( 'NONE',  ( 101.0000000000000000, 14.59125254021184581, 0.000000000000000000 ) ) ;
#308 = LINE ( 'NONE', #704, #1497 ) ;
#309 = VERTEX_POINT ( 'NONE', #4270 ) ;
#310 = DIRECTION ( 'NONE',  ( 0.000000000000000000, 0.000000000000000000, -1.000000000000000000 ) ) ;
#311 = LINE ( 'NONE', #4604, #990 ) ;
#312 = CARTESIAN_POINT ( 'NONE',  ( 96.74999999999998579, 2.000000000000000000, 10.92000000000000881 ) ) ;
#313 = VERTEX_POINT ( 'NONE', #3598 ) ;
#314 = CIRCLE ( 'NONE', #3993, 3.000000000000007994 ) ;
#315 = DIRECTION ( 'NONE',  ( 0.000000000000000000, 1.000000000000000000, 0.000000000000000000 ) ) ;
#316 = EDGE_LOOP ( 'NONE', ( #3961, #1447 ) ) ;
#317 = CARTESIAN_POINT ( 'NONE',  ( 89.03362185853937660, 4.963326286027256451, -6.041459684942875441 ) ) ;
#318 = EDGE_CURVE ( 'NONE', #2034, #4636, #3027, .T. ) ;
#319 = DIRECTION ( 'NONE',  ( 0.000000000000000000, 0.000000000000000000, -1.000000000000000000 ) ) ;
#320 = ORIENTED_EDGE ( 'NONE', *, *, #3823, .T. ) ;
#321 = AXIS2_PLACEMENT_3D ( 'NONE', #114, #1905, #1832 ) ;
#322 = ORIENTED_EDGE ( 'NONE', *, *, #4009, .F. ) ;
#323 = CARTESIAN_POINT ( 'NONE',  ( 55.59487516204666235, 43.00000000000000000, 9.400000000000002132 ) ) ;
#324 = AXIS2_PLACEMENT_3D ( 'NONE', #2777, #305, #4199 ) ;
#325 = EDGE_CURVE ( 'NONE', #3803, #443, #2507, .T. ) ;
#326 = EDGE_CURVE ( 'NONE', #4490, #2834, #359, .T. ) ;
#327 = AXIS2_PLACEMENT_3D ( 'NONE', #2479, #4619, #3232 ) ;
#328 = EDGE_CURVE ( 'NONE', #3756, #2924, #3944, .T. ) ;
#329 = CARTESIAN_POINT ( 'NONE',  ( 110.0000000000000000, 25.00000000000000000, 40.40000000000000568 ) ) ;
#330 = ORIENTED_EDGE ( 'NONE', *, *, #2460, .T. ) ;
#331 = B_SPLINE_CURVE_WITH_KNOTS ( 'NONE', 3,
 ( #2621, #3277, #4034, #4056, #3958, #3986, #468, #3709, #2895, #1464, #738, #2552 ),
 .UNSPECIFIED., .F., .F.,
 ( 4, 2, 2, 2, 2, 4 ),
 ( -1.414214399957701380E-05, 0.0005199765455368837979, 0.001054095235073344589, 0.002122332614146302601, 0.003190569993219261047, 0.004258807372292219492 ),
 .UNSPECIFIED. ) ;
#332 = CARTESIAN_POINT ( 'NONE',  ( 78.40512483795330922, 43.00000000000000000, 9.400000000000005684 ) ) ;
#333 = CARTESIAN_POINT ( 'NONE',  ( -4.336808689942017736E-16, 40.00000000000000000, -4.000000000000000000 ) ) ;
#334 = LINE ( 'NONE', #1052, #2297 ) ;
#335 = FACE_BOUND ( 'NONE', #2942, .T. ) ;
#336 = DIRECTION ( 'NONE',  ( 0.000000000000000000, 1.000000000000000000, -0.000000000000000000 ) ) ;
#337 = EDGE_LOOP ( 'NONE', ( #1142, #2688, #2151, #1864, #3703, #3614, #4248, #788 ) ) ;
#338 = CARTESIAN_POINT ( 'NONE',  ( 56.15294771916396854, 8.737755212341085098, -4.006881969015179124 ) ) ;
#339 = CYLINDRICAL_SURFACE ( 'NONE', #1658, 3.000000000000000888 ) ;
#340 = CARTESIAN_POINT ( 'NONE',  ( 26.16478118709324363, 4.000000000000000888, -8.755753827725584415 ) ) ;
#341 = VERTEX_POINT ( 'NONE', #648 ) ;
#342 = VECTOR ( 'NONE', #132, 1000.000000000000000 ) ;
#343 = ORIENTED_EDGE ( 'NONE', *, *, #1802, .F. ) ;
#344 = DIRECTION ( 'NONE',  ( -1.000000000000000000, 0.000000000000000000, 0.000000000000000000 ) ) ;
#345 = ORIENTED_EDGE ( 'NONE', *, *, #2064, .F. ) ;
#346 = DIRECTION ( 'NONE',  ( 0.000000000000000000, 0.000000000000000000, 1.000000000000000000 ) ) ;
#347 = CIRCLE ( 'NONE', #4317, 1.600000000000002531 ) ;
#348 = AXIS2_PLACEMENT_3D ( 'NONE', #811, #1091, #4365 ) ;
#349 = CARTESIAN_POINT ( 'NONE',  ( 9.999999999999998224, 0.000000000000000000, -4.000000000000000000 ) ) ;
#350 = ORIENTED_EDGE ( 'NONE', *, *, #995, .F. ) ;
#351 = ORIENTED_EDGE ( 'NONE', *, *, #3119, .T. ) ;
#352 = CARTESIAN_POINT ( 'NONE',  ( 5.927290507873187639E-15, 5.500000000000000000, 48.39999999999999858 ) ) ;
#353 = ADVANCED_FACE ( 'NONE', ( #4324 ), #5, .F. ) ;
#354 = CARTESIAN_POINT ( 'NONE',  ( 0.000000000000000000, 35.00000000000000000, 0.000000000000000000 ) ) ;
#355 = CYLINDRICAL_SURFACE ( 'NONE', #2686, 3.000000000000002665 ) ;
#356 = EDGE_LOOP ( 'NONE', ( #2791, #740, #4320, #1010 ) ) ;
#357 = DIRECTION ( 'NONE',  ( 1.000000000000000000, 0.000000000000000000, 0.000000000000000000 ) ) ;
#358 = DIRECTION ( 'NONE',  ( 0.7540815958863057444, -0.6567807448042017882, 0.000000000000000000 ) ) ;
#359 = LINE ( 'NONE', #1773, #1543 ) ;
#360 = AXIS2_PLACEMENT_3D ( 'NONE', #1499, #1956, #4369 ) ;
#361 = DIRECTION ( 'NONE',  ( 1.000000000000000000, 0.000000000000000000, 0.000000000000000000 ) ) ;
#362 = DIRECTION ( 'NONE',  ( 0.000000000000000000, 0.000000000000000000, 1.000000000000000000 ) ) ;
#363 = VERTEX_POINT ( 'NONE', #1105 ) ;
#364 = CARTESIAN_POINT ( 'NONE',  ( 15.00000000000000000, 9.000000000000001776, -4.000000000000000000 ) ) ;
#365 = DIRECTION ( 'NONE',  ( -0.000000000000000000, -1.000000000000000000, -0.000000000000000000 ) ) ;
#366 = CARTESIAN_POINT ( 'NONE',  ( 11.58296576789804178, 8.347470279195023934, -4.042006704280597162 ) ) ;
#368 = EDGE_CURVE ( 'NONE', #243, #3815, #4607, .T. ) ;
#367 = VERTEX_POINT ( 'NONE', #2536 ) ;
#369 = EDGE_LOOP ( 'NONE', ( #3327, #2199, #2, #345 ) ) ;
#370 = CARTESIAN_POINT ( 'NONE',  ( 81.01217884246545964, 32.00000000000000000, 48.39999999999999858 ) ) ;
#371 = AXIS2_PLACEMENT_3D ( 'NONE', #1120, #3252, #3278 ) ;
#372 = EDGE_LOOP ( 'NONE', ( #2546, #4587, #607, #4299 ) ) ;
#373 = DIRECTION ( 'NONE',  ( 0.000000000000000000, 0.000000000000000000, 1.000000000000000000 ) ) ;
#374 = CYLINDRICAL_SURFACE ( 'NONE', #1777, 3.000000000000007994 ) ;
#375 = EDGE_LOOP ( 'NONE', ( #2045, #3058, #104, #395, #2167, #1082, #898 ) ) ;
#376 = VECTOR ( 'NONE', #1368, 1000.000000000000000 ) ;
#377 = VERTEX_POINT ( 'NONE', #2182 ) ;
#378 = FACE_OUTER_BOUND ( 'NONE', #1498, .T. ) ;
#379 = VECTOR ( 'NONE', #3887, 1000.000000000000000 ) ;
#380 = DIRECTION ( 'NONE',  ( 0.000000000000000000, 0.000000000000000000, -1.000000000000000000 ) ) ;
#381 = ORIENTED_EDGE ( 'NONE', *, *, #102, .T. ) ;
#382 = CARTESIAN_POINT ( 'NONE',  ( 79.98782115753458299, 10.99999999999999645, -17.47392445807271955 ) ) ;
#383 = CARTESIAN_POINT ( 'NONE',  ( 28.54970414201184070, 32.77928994082841285, -17.47392445807271955 ) ) ;
#384 = EDGE_CURVE ( 'NONE', #2178, #309, #411, .T. ) ;
#385 = CARTESIAN_POINT ( 'NONE',  ( 0.000000000000000000, 8.000000000000000000, 48.39999999999999858 ) ) ;
#386 = DIRECTION ( 'NONE',  ( 0.000000000000000000, 0.000000000000000000, -1.000000000000000000 ) ) ;
#387 = LINE ( 'NONE', #4601, #4347 ) ;
#388 = ORIENTED_EDGE ( 'NONE', *, *, #51, .F. ) ;
#389 = DIRECTION ( 'NONE',  ( 0.000000000000000000, 0.000000000000000000, 1.000000000000000000 ) ) ;
#390 = ADVANCED_FACE ( 'NONE', ( #2208 ), #1592, .F. ) ;
#391 = DIRECTION ( 'NONE',  ( 0.000000000000000000, -1.000000000000000000, 0.000000000000000000 ) ) ;
#392 = ORIENTED_EDGE ( 'NONE', *, *, #3818, .F. ) ;
#393 = PLANE ( 'NONE',  #847 ) ;
#394 = ORIENTED_EDGE ( 'NONE', *, *, #1895, .F. ) ;
#395 = ORIENTED_EDGE ( 'NONE', *, *, #4121, .T. ) ;
#396 = CARTESIAN_POINT ( 'NONE',  ( 114.0000000000000000, 33.00000000000000000, 32.40000000000000568 ) ) ;
#397 = EDGE_CURVE ( 'NONE', #2239, #4535, #521, .T. ) ;
#398 = EDGE_LOOP ( 'NONE', ( #2398, #830, #921, #1889 ) ) ;
#399 = DIRECTION ( 'NONE',  ( 1.000000000000000000, -0.000000000000000000, 0.000000000000000000 ) ) ;
#400 = DIRECTION ( 'NONE',  ( 0.000000000000000000, -1.000000000000000000, 0.000000000000000000 ) ) ;
#401 = EDGE_LOOP ( 'NONE', ( #4006, #2490 ) ) ;
#402 = ORIENTED_EDGE ( 'NONE', *, *, #3599, .F. ) ;
#403 = CARTESIAN_POINT ( 'NONE',  ( 13.25000000000000888, 2.000000000000000000, 10.92000000000001769 ) ) ;
#404 = AXIS2_PLACEMENT_3D ( 'NONE', #63, #90, #2516 ) ;
#405 = CARTESIAN_POINT ( 'NONE',  ( 95.00000000000000000, 0.000000000000000000, -9.000000000000001776 ) ) ;
#406 = VECTOR ( 'NONE', #1458, 1000.000000000000000 ) ;
#407 = ORIENTED_EDGE ( 'NONE', *, *, #1871, .T. ) ;
#408 = CARTESIAN_POINT ( 'NONE',  ( 13.25000000000000888, 2.000000000000000000, 6.320000000000018048 ) ) ;
#409 = CARTESIAN_POINT ( 'NONE',  ( 78.40512483795330922, 40.00000000000000000, 6.400000000000003020 ) ) ;
#410 = VECTOR ( 'NONE', #2015, 1000.000000000000000 ) ;
#411 = LINE ( 'NONE', #1575, #3565 ) ;
#412 = CARTESIAN_POINT ( 'NONE',  ( 32.98782115753458299, 11.00000000000000000, 48.39999999999999858 ) ) ;
#413 = CARTESIAN_POINT ( 'NONE',  ( 56.15294771916396854, 8.737755212341074440, 0.000000000000000000 ) ) ;
#414 = ORIENTED_EDGE ( 'NONE', *, *, #923, .F. ) ;
#415 = CARTESIAN_POINT ( 'NONE',  ( 101.0000000000000000, 35.00000000000000000, 48.39999999999999858 ) ) ;
#416 = LINE ( 'NONE', #729, #1150 ) ;
#417 = CYLINDRICAL_SURFACE ( 'NONE', #3779, 2.999999999999999112 ) ;
#418 = ORIENTED_EDGE ( 'NONE', *, *, #117, .F. ) ;
#419 = ORIENTED_EDGE ( 'NONE', *, *, #1631, .T. ) ;
#420 = EDGE_CURVE ( 'NONE', #4187, #2239, #1220, .T. ) ;
#421 = CARTESIAN_POINT ( 'NONE',  ( 82.08241239365686681, 8.841824194522148517, -3.999999999999959144 ) ) ;
#422 = ORIENTED_EDGE ( 'NONE', *, *, #2538, .F. ) ;
#423 = DIRECTION ( 'NONE',  ( -0.000000000000000000, -1.000000000000000000, 0.000000000000000000 ) ) ;
#424 = LINE ( 'NONE', #1467, #952 ) ;
#425 = ORIENTED_EDGE ( 'NONE', *, *, #4623, .F. ) ;
#426 = EDGE_CURVE ( 'NONE', #1362, #4339, #4375, .T. ) ;
#427 = ORIENTED_EDGE ( 'NONE', *, *, #3155, .T. ) ;
#428 = DIRECTION ( 'NONE',  ( 0.000000000000000000, 0.000000000000000000, -1.000000000000000000 ) ) ;
#429 = VECTOR ( 'NONE', #1158, 1000.000000000000000 ) ;
#430 = CIRCLE ( 'NONE', #2298, 3.000000000000002665 ) ;
#431 = FACE_BOUND ( 'NONE', #3194, .T. ) ;
#432 = ORIENTED_EDGE ( 'NONE', *, *, #4037, .T. ) ;
#433 = DIRECTION ( 'NONE',  ( 0.000000000000000000, 0.000000000000000000, 1.000000000000000000 ) ) ;
#434 = DIRECTION ( 'NONE',  ( 0.000000000000000000, -1.000000000000000000, 0.000000000000000000 ) ) ;
#435 = CARTESIAN_POINT ( 'NONE',  ( 21.64792899408284654, 24.85502958579882815, -17.47392445807271955 ) ) ;
#436 = DIRECTION ( 'NONE',  ( 0.000000000000000000, -1.000000000000000000, 0.000000000000000000 ) ) ;
#437 = CARTESIAN_POINT ( 'NONE',  ( 13.25000000000000888, 0.000000000000000000, 10.92000000000001769 ) ) ;
#438 = CARTESIAN_POINT ( 'NONE',  ( 86.75000000000000000, 4.000000000000003553, -8.000000000000000000 ) ) ;
#439 = CARTESIAN_POINT ( 'NONE',  ( 33.40512483795331633, -29.97142273814360536, 9.400000000000002132 ) ) ;
#440 = VERTEX_POINT ( 'NONE', #844 ) ;
#441 = ORIENTED_EDGE ( 'NONE', *, *, #3775, .F. ) ;
#442 = DIRECTION ( 'NONE',  ( 0.000000000000000000, 0.000000000000000000, -1.000000000000000000 ) ) ;
#443 = VERTEX_POINT ( 'NONE', #1876 ) ;
#444 = CARTESIAN_POINT ( 'NONE',  ( 89.55383052824015522, 4.448588138131740699, -6.926646327410712622 ) ) ;
#445 = DIRECTION ( 'NONE',  ( 0.000000000000000000, -1.000000000000000000, 0.000000000000000000 ) ) ;
#446 = EDGE_CURVE ( 'NONE', #1123, #4010, #3383, .T. ) ;
#447 = EDGE_LOOP ( 'NONE', ( #422, #641, #748, #2685 ) ) ;
#448 = CARTESIAN_POINT ( 'NONE',  ( 13.00000000000000533, 8.000000000000000000, -17.47392445807271955 ) ) ;
#449 = ADVANCED_FACE ( 'NONE', ( #1942 ), #2652, .F. ) ;
#450 = AXIS2_PLACEMENT_3D ( 'NONE', #505, #827, #2260 ) ;
#451 = VECTOR ( 'NONE', #775, 1000.000000000000000 ) ;
#452 = LINE ( 'NONE', #127, #1383 ) ;
#453 = EDGE_LOOP ( 'NONE', ( #711, #2919, #1580, #1347, #2145, #3299, #69, #427 ) ) ;
#454 = ADVANCED_FACE ( 'NONE', ( #3003, #155, #2234, #4022 ), #3997, .T. ) ;
#455 = DIRECTION ( 'NONE',  ( -1.000000000000000000, 1.156482317317870344E-15, 0.000000000000000000 ) ) ;
#456 = CARTESIAN_POINT ( 'NONE',  ( 108.5000000000000000, 40.00000000000000000, 48.39999999999999858 ) ) ;
#457 = DIRECTION ( 'NONE',  ( 1.000000000000000000, 0.000000000000000000, 0.000000000000000000 ) ) ;
#458 = CARTESIAN_POINT ( 'NONE',  ( 12.92893218813452982, 6.071067811865469288, -4.000000000000007994 ) ) ;
#459 = DIRECTION ( 'NONE',  ( 0.000000000000000000, -1.000000000000000000, 0.000000000000000000 ) ) ;
#460 = CIRCLE ( 'NONE', #1125, 3.000000000000002665 ) ;
#461 = UNCERTAINTY_MEASURE_WITH_UNIT (LENGTH_MEASURE( 1.000000000000000082E-05 ), #2290, 'distance_accuracy_value', 'NONE');
#462 = CARTESIAN_POINT ( 'NONE',  ( 96.74999999999998579, 2.000000000000000000, 12.32000000000001272 ) ) ;
#463 = FACE_OUTER_BOUND ( 'NONE', #737, .T. ) ;
#464 = VERTEX_POINT ( 'NONE', #4399 ) ;
#465 = EDGE_LOOP ( 'NONE', ( #320, #3951, #3734, #2580 ) ) ;
#466 = DIRECTION ( 'NONE',  ( 0.000000000000000000, 1.000000000000000000, 0.000000000000000000 ) ) ;
#467 = ORIENTED_EDGE ( 'NONE', *, *, #1681, .T. ) ;
#468 = CARTESIAN_POINT ( 'NONE',  ( 81.55958935410656352, 4.667494759041722396, 48.16183005150860907 ) ) ;
#469 = DIRECTION ( 'NONE',  ( 0.000000000000000000, 0.000000000000000000, 1.000000000000000000 ) ) ;
#470 = ORIENTED_EDGE ( 'NONE', *, *, #868, .T. ) ;
#471 = CARTESIAN_POINT ( 'NONE',  ( 13.25000000000000888, 2.000000000000000000, 9.320000000000016271 ) ) ;
#472 = ADVANCED_FACE ( 'NONE', ( #107 ), #3650, .T. ) ;
#473 =( GEOMETRIC_REPRESENTATION_CONTEXT ( 3 ) GLOBAL_UNCERTAINTY_ASSIGNED_CONTEXT ( ( #3655 ) ) GLOBAL_UNIT_ASSIGNED_CONTEXT ( ( #594, #2342, #577 ) ) REPRESENTATION_CONTEXT ( 'NONE', 'WORKASPACE' ) );
#474 = EDGE_CURVE ( 'NONE', #1584, #3658, #2981, .T. ) ;
#475 = ADVANCED_FACE ( 'NONE', ( #1853 ), #866, .F. ) ;
#476 = DIRECTION ( 'NONE',  ( 0.000000000000000000, 0.000000000000000000, 1.000000000000000000 ) ) ;
#477 = DIRECTION ( 'NONE',  ( 0.000000000000000000, 1.000000000000000000, 0.000000000000000000 ) ) ;
#478 = DIRECTION ( 'NONE',  ( 0.000000000000000000, -1.000000000000000000, -0.000000000000000000 ) ) ;
#479 = CARTESIAN_POINT ( 'NONE',  ( 23.25000000000000711, 2.000000000000000000, -4.999999999999992006 ) ) ;
#480 = VECTOR ( 'NONE', #1371, 1000.000000000000000 ) ;
#481 = EDGE_CURVE ( 'NONE', #3431, #3926, #3291, .T. ) ;
#482 = DIRECTION ( 'NONE',  ( 0.000000000000000000, 0.000000000000000000, 1.000000000000000000 ) ) ;
#483 = VECTOR ( 'NONE', #1758, 1000.000000000000000 ) ;
#484 = DIRECTION ( 'NONE',  ( 0.000000000000000000, 0.000000000000000000, -1.000000000000000000 ) ) ;
#485 = AXIS2_PLACEMENT_3D ( 'NONE', #1951, #4491, #2719 ) ;
#486 = CARTESIAN_POINT ( 'NONE',  ( 101.0000000000000000, 32.00000000000000000, -17.47392445807271955 ) ) ;
#487 = DIRECTION ( 'NONE',  ( 0.000000000000000000, 0.000000000000000000, 1.000000000000000000 ) ) ;
#488 = ORIENTED_EDGE ( 'NONE', *, *, #4121, .F. ) ;
#489 = DIRECTION ( 'NONE',  ( 0.000000000000000000, -1.000000000000000000, 0.000000000000000000 ) ) ;
#490 = ORIENTED_EDGE ( 'NONE', *, *, #1217, .T. ) ;
#491 = CYLINDRICAL_SURFACE ( 'NONE', #497, 1.600000000000004974 ) ;
#492 = CARTESIAN_POINT ( 'NONE',  ( 34.01217884246545964, 35.00000000000000000, -4.000000000000000000 ) ) ;
#493 = VERTEX_POINT ( 'NONE', #85 ) ;
#494 = ORIENTED_EDGE ( 'NONE', *, *, #1959, .F. ) ;
#495 = CARTESIAN_POINT ( 'NONE',  ( 23.25000000000000711, 2.000000000000000000, -7.999999999999992895 ) ) ;
#496 = VECTOR ( 'NONE', #2804, 1000.000000000000000 ) ;
#497 = AXIS2_PLACEMENT_3D ( 'NONE', #121, #4308, #2973 ) ;
#498 = CARTESIAN_POINT ( 'NONE',  ( 114.0000000000000000, -0.000000000000000000, 8.000000000000000000 ) ) ;
#499 = CARTESIAN_POINT ( 'NONE',  ( 32.98782115753458299, 8.000000000000000000, -17.47392445807271955 ) ) ;
#500 = CARTESIAN_POINT ( 'NONE',  ( 104.0000000000000142, 32.00000000000000000, 52.40000000000000568 ) ) ;
#501 = DIRECTION ( 'NONE',  ( -0.6567807448042018992, -0.7540815958863058555, 0.000000000000000000 ) ) ;
#502 = EDGE_CURVE ( 'NONE', #946, #4336, #1506, .T. ) ;
#503 = EDGE_CURVE ( 'NONE', #2467, #3969, #3362, .T. ) ;
#504 = LINE ( 'NONE', #947, #2253 ) ;
#505 = CARTESIAN_POINT ( 'NONE',  ( 79.99999999999998579, 40.00000000000000000, 5.000000000000000000 ) ) ;
#506 = LINE ( 'NONE', #3429, #4513 ) ;
#507 = CARTESIAN_POINT ( 'NONE',  ( 33.40512483795331633, 43.00000000000000000, 9.400000000000002132 ) ) ;
#508 = VECTOR ( 'NONE', #1490, 1000.000000000000000 ) ;
#509 = CARTESIAN_POINT ( 'NONE',  ( 31.10046099916119289, -29.97142273814360536, 11.32055319899343893 ) ) ;
#510 = VERTEX_POINT ( 'NONE', #479 ) ;
#511 = EDGE_CURVE ( 'NONE', #294, #3876, #1899, .T. ) ;
#512 = DIRECTION ( 'NONE',  ( 1.000000000000000000, 0.000000000000000000, 0.000000000000000000 ) ) ;
#513 = CARTESIAN_POINT ( 'NONE',  ( 0.000000000000000000, 43.00000000000000000, 6.400000000000003020 ) ) ;
#514 = ORIENTED_EDGE ( 'NONE', *, *, #3366, .F. ) ;
#515 = ORIENTED_EDGE ( 'NONE', *, *, #1984, .F. ) ;
#516 = AXIS2_PLACEMENT_3D ( 'NONE', #3121, #4495, #4515 ) ;
#517 = CARTESIAN_POINT ( 'NONE',  ( 0.000000000000000000, 40.00000000000000000, 6.400000000000003020 ) ) ;
#518 = AXIS2_PLACEMENT_3D ( 'NONE', #1662, #3052, #2739 ) ;
#519 = AXIS2_PLACEMENT_3D ( 'NONE', #2932, #2233, #2506 ) ;
#520 = CARTESIAN_POINT ( 'NONE',  ( 28.75217674700641979, 4.827361755404386834, 0.1479142465518422933 ) ) ;
#521 = LINE ( 'NONE', #2609, #4315 ) ;
#522 = VECTOR ( 'NONE', #2783, 1000.000000000000000 ) ;
#523 = CARTESIAN_POINT ( 'NONE',  ( 35.22388913503660746, 9.000000000000001776, -4.000000000000000000 ) ) ;
#524 = CARTESIAN_POINT ( 'NONE',  ( 0.000000000000000000, 40.00000000000000000, 0.000000000000000000 ) ) ;
#525 = ORIENTED_EDGE ( 'NONE', *, *, #1869, .F. ) ;
#526 = ADVANCED_FACE ( 'NONE', ( #1552 ), #4421, .F. ) ;
#527 = CARTESIAN_POINT ( 'NONE',  ( 34.01217884246545964, 32.00000000000000000, 48.39999999999999858 ) ) ;
#528 = VECTOR ( 'NONE', #1196, 1000.000000000000000 ) ;
#529 = CYLINDRICAL_SURFACE ( 'NONE', #3372, 1.500000000000001332 ) ;
#530 = EDGE_CURVE ( 'NONE', #1469, #4228, #192, .T. ) ;
#531 = ORIENTED_EDGE ( 'NONE', *, *, #209, .F. ) ;
#532 = SURFACE_STYLE_FILL_AREA ( #2681 ) ;
#533 = CYLINDRICAL_SURFACE ( 'NONE', #818, 3.000000000000002665 ) ;
#534 = ORIENTED_EDGE ( 'NONE', *, *, #1768, .T. ) ;
#535 = ORIENTED_EDGE ( 'NONE', *, *, #3605, .F. ) ;
#536 = ADVANCED_FACE ( 'NONE', ( #4479 ), #3043, .F. ) ;
#537 = FACE_OUTER_BOUND ( 'NONE', #3346, .T. ) ;
#538 = ORIENTED_EDGE ( 'NONE', *, *, #131, .F. ) ;
#539 = ORIENTED_EDGE ( 'NONE', *, *, #815, .F. ) ;
#540 = CARTESIAN_POINT ( 'NONE',  ( 76.10046099916119999, 43.00000000000000000, 11.32055319899344248 ) ) ;
#541 = DIRECTION ( 'NONE',  ( 1.000000000000000000, 0.000000000000000000, 0.000000000000000000 ) ) ;
#542 = CARTESIAN_POINT ( 'NONE',  ( 23.25000000000000711, 40.00000000000000711, -7.999999999999992895 ) ) ;
#543 = ORIENTED_EDGE ( 'NONE', *, *, #1609, .F. ) ;
#544 = CARTESIAN_POINT ( 'NONE',  ( 0.000000000000000000, 0.000000000000000000, 52.40000000000000568 ) ) ;
#545 = DIRECTION ( 'NONE',  ( 1.000000000000000000, 0.000000000000000000, 0.000000000000000000 ) ) ;
#546 = AXIS2_PLACEMENT_3D ( 'NONE', #4027, #804, #3240 ) ;
#547 = DIRECTION ( 'NONE',  ( -0.000000000000000000, -0.000000000000000000, -1.000000000000000000 ) ) ;
#548 = VERTEX_POINT ( 'NONE', #2324 ) ;
#549 = LINE ( 'NONE', #1971, #4519 ) ;
#550 = CARTESIAN_POINT ( 'NONE',  ( 5.394866980254110824E-15, 40.00000000000000000, 46.89999999999998437 ) ) ;
#551 = EDGE_LOOP ( 'NONE', ( #2038, #2306, #2394, #2930 ) ) ;
#552 = EDGE_CURVE ( 'NONE', #854, #2335, #2589, .T. ) ;
#553 = ORIENTED_EDGE ( 'NONE', *, *, #3870, .T. ) ;
#554 = DIRECTION ( 'NONE',  ( -0.000000000000000000, -1.000000000000000000, 0.000000000000000000 ) ) ;
#555 = VERTEX_POINT ( 'NONE', #100 ) ;
#556 = ADVANCED_FACE ( 'NONE', ( #1964 ), #3406, .T. ) ;
#557 = ORIENTED_EDGE ( 'NONE', *, *, #164, .F. ) ;
#558 = LINE ( 'NONE', #2023, #2937 ) ;
#559 = CARTESIAN_POINT ( 'NONE',  ( 30.00000000000000355, 5.499999999999998224, 0.000000000000000000 ) ) ;
#560 = ADVANCED_FACE ( 'NONE', ( #1960 ), #1571, .T. ) ;
#561 = AXIS2_PLACEMENT_3D ( 'NONE', #2130, #3262, #4621 ) ;
#562 = CARTESIAN_POINT ( 'NONE',  ( 15.00000000000000178, 43.00000000000000000, 42.39999999999999858 ) ) ;
#563 = ORIENTED_EDGE ( 'NONE', *, *, #637, .T. ) ;
#564 = DIRECTION ( 'NONE',  ( -1.000000000000000000, 0.000000000000000000, -0.000000000000000000 ) ) ;
#565 = CARTESIAN_POINT ( 'NONE',  ( 80.31450404685703859, 5.327739526438562301, 0.007435786446586691890 ) ) ;
#566 = CARTESIAN_POINT ( 'NONE',  ( 113.3786796564403545, 42.37867965644036161, 52.40000000000000568 ) ) ;
#567 = ORIENTED_EDGE ( 'NONE', *, *, #1265, .T. ) ;
#568 = DIRECTION ( 'NONE',  ( 0.000000000000000000, -1.000000000000000000, -0.000000000000000000 ) ) ;
#569 = DIRECTION ( 'NONE',  ( 0.000000000000000000, 1.000000000000000000, 0.000000000000000000 ) ) ;
#570 = VERTEX_POINT ( 'NONE', #1445 ) ;
#571 = DIRECTION ( 'NONE',  ( 0.000000000000000000, 0.000000000000000000, 1.000000000000000000 ) ) ;
#572 = EDGE_LOOP ( 'NONE', ( #2822, #3642, #2569, #837 ) ) ;
#573 = EDGE_CURVE ( 'NONE', #769, #981, #3181, .T. ) ;
#574 = VERTEX_POINT ( 'NONE', #3836 ) ;
#575 = AXIS2_PLACEMENT_3D ( 'NONE', #1314, #3813, #246 ) ;
#576 = ADVANCED_FACE ( 'NONE', ( #3080 ), #592, .F. ) ;
#577 =( NAMED_UNIT ( * ) SI_UNIT ( $, .STERADIAN. ) SOLID_ANGLE_UNIT ( ) );
#578 = FACE_OUTER_BOUND ( 'NONE', #4368, .T. ) ;
#579 = EDGE_CURVE ( 'NONE', #2189, #2138, #126, .T. ) ;
#580 = DIRECTION ( 'NONE',  ( -0.7540815958863057444, 0.6567807448042017882, 0.000000000000000000 ) ) ;
#581 = LINE ( 'NONE', #544, #772 ) ;
#582 = DIRECTION ( 'NONE',  ( 0.000000000000000000, 0.000000000000000000, 1.000000000000000000 ) ) ;
#583 = VECTOR ( 'NONE', #4049, 1000.000000000000000 ) ;
#584 = CARTESIAN_POINT ( 'NONE',  ( 55.87671004642346873, 32.00000000000000000, -17.47392445807271955 ) ) ;
#585 = ORIENTED_EDGE ( 'NONE', *, *, #752, .F. ) ;
#586 = FILL_AREA_STYLE_COLOUR ( '', #1894 ) ;
#587 = EDGE_LOOP ( 'NONE', ( #708, #2842, #1016, #3759, #2474 ) ) ;
#588 = ORIENTED_EDGE ( 'NONE', *, *, #4250, .F. ) ;
#589 = PLANE ( 'NONE',  #516 ) ;
#590 = ORIENTED_EDGE ( 'NONE', *, *, #3472, .F. ) ;
#591 = VERTEX_POINT ( 'NONE', #3518 ) ;
#592 = PLANE ( 'NONE',  #258 ) ;
#593 = EDGE_CURVE ( 'NONE', #2375, #4205, #4124, .T. ) ;
#594 =( LENGTH_UNIT ( ) NAMED_UNIT ( * ) SI_UNIT ( .MILLI., .METRE. ) );
#595 = CARTESIAN_POINT ( 'NONE',  ( 108.5000000000000000, 4.000000000000000000, 0.000000000000000000 ) ) ;
#596 = EDGE_CURVE ( 'NONE', #574, #510, #3343, .T. ) ;
#597 = DIRECTION ( 'NONE',  ( -1.000000000000000000, -3.469446951953615372E-15, 0.000000000000000000 ) ) ;
#598 = ORIENTED_EDGE ( 'NONE', *, *, #3339, .T. ) ;
#599 = CARTESIAN_POINT ( 'NONE',  ( 55.87671004642346873, 32.00000000000000000, 48.39999999999999858 ) ) ;
#600 = CARTESIAN_POINT ( 'NONE',  ( 79.98782115753458299, 10.99999999999999645, 0.000000000000000000 ) ) ;
#601 = EDGE_CURVE ( 'NONE', #4540, #3123, #643, .T. ) ;
#602 = CIRCLE ( 'NONE', #3619, 8.000000000000000000 ) ;
#603 = CARTESIAN_POINT ( 'NONE',  ( 30.00000000000000355, 0.000000000000000000, 0.000000000000000000 ) ) ;
#604 = ORIENTED_EDGE ( 'NONE', *, *, #1312, .F. ) ;
#605 = CARTESIAN_POINT ( 'NONE',  ( 96.74999999999998579, 2.000000000000000000, 9.320000000000005613 ) ) ;
#606 = CARTESIAN_POINT ( 'NONE',  ( 23.37736781389581608, 6.000000000000012434, -4.999999999999992006 ) ) ;
#607 = ORIENTED_EDGE ( 'NONE', *, *, #1775, .T. ) ;
#608 = VECTOR ( 'NONE', #2207, 1000.000000000000000 ) ;
#609 = ORIENTED_EDGE ( 'NONE', *, *, #2780, .T. ) ;
#610 = DIRECTION ( 'NONE',  ( -1.000000000000000000, 0.000000000000000000, 0.000000000000000000 ) ) ;
#611 = AXIS2_PLACEMENT_3D ( 'NONE', #1653, #3408, #2028 ) ;
#612 = VERTEX_POINT ( 'NONE', #3741 ) ;
#613 = DIRECTION ( 'NONE',  ( 0.6401843996644799306, 0.000000000000000000, 0.7682212795973757391 ) ) ;
#614 = ORIENTED_EDGE ( 'NONE', *, *, #601, .F. ) ;
#615 = ORIENTED_EDGE ( 'NONE', *, *, #4543, .T. ) ;
#616 = CARTESIAN_POINT ( 'NONE',  ( 48.82366863905325971, 56.05680473372782302, -17.47392445807271955 ) ) ;
#617 = CARTESIAN_POINT ( 'NONE',  ( 101.0000000000000000, 35.00000000000000000, -17.47392445807271955 ) ) ;
#618 = EDGE_LOOP ( 'NONE', ( #1608, #3086, #3467, #3793, #2044, #1605, #993, #199 ) ) ;
#619 = FACE_OUTER_BOUND ( 'NONE', #36, .T. ) ;
#620 = EDGE_CURVE ( 'NONE', #2905, #4105, #275, .T. ) ;
#621 = CARTESIAN_POINT ( 'NONE',  ( 0.000000000000000000, 40.00000000000000000, 48.39999999999999858 ) ) ;
#622 = EDGE_CURVE ( 'NONE', #974, #1129, #1302, .T. ) ;
#623 = CARTESIAN_POINT ( 'NONE',  ( 114.0000000000000000, 0.000000000000000000, 50.89999999999999858 ) ) ;
#624 = DIRECTION ( 'NONE',  ( 0.000000000000000000, 0.000000000000000000, -1.000000000000000000 ) ) ;
#625 = FACE_OUTER_BOUND ( 'NONE', #2486, .T. ) ;
#626 = AXIS2_PLACEMENT_3D ( 'NONE', #2156, #436, #386 ) ;
#627 = EDGE_LOOP ( 'NONE', ( #806, #185, #3198, #1235, #3146, #1108, #1667 ) ) ;
#628 = ADVANCED_FACE ( 'NONE', ( #1718 ), #4068, .T. ) ;
#629 = CARTESIAN_POINT ( 'NONE',  ( 86.75000000000000000, 2.000000000000000000, -8.000000000000000000 ) ) ;
#630 = CARTESIAN_POINT ( 'NONE',  ( 26.07842712474619518, 4.000000000000003553, -9.000000000000001776 ) ) ;
#631 = VECTOR ( 'NONE', #3872, 1000.000000000000000 ) ;
#632 = EDGE_LOOP ( 'NONE', ( #1095, #4304, #272, #590 ) ) ;
#633 = AXIS2_PLACEMENT_3D ( 'NONE', #3358, #150, #1216 ) ;
#634 = ORIENTED_EDGE ( 'NONE', *, *, #4480, .F. ) ;
#635 = CYLINDRICAL_SURFACE ( 'NONE', #3504, 1.500000000000001332 ) ;
#636 = AXIS2_PLACEMENT_3D ( 'NONE', #3927, #3509, #3196 ) ;
#637 = EDGE_CURVE ( 'NONE', #443, #3356, #504, .T. ) ;
#638 = ORIENTED_EDGE ( 'NONE', *, *, #1260, .F. ) ;
#639 = DIRECTION ( 'NONE',  ( 0.000000000000000000, -1.000000000000000000, 0.000000000000000000 ) ) ;
#640 = ORIENTED_EDGE ( 'NONE', *, *, #3444, .T. ) ;
#641 = ORIENTED_EDGE ( 'NONE', *, *, #1477, .T. ) ;
#642 = AXIS2_PLACEMENT_3D ( 'NONE', #1538, #489, #3349 ) ;
#643 = LINE ( 'NONE', #4168, #1299 ) ;
#644 = DIRECTION ( 'NONE',  ( -1.000000000000000000, 0.000000000000000000, 0.000000000000000000 ) ) ;
#645 = ORIENTED_EDGE ( 'NONE', *, *, #4435, .T. ) ;
#646 = CYLINDRICAL_SURFACE ( 'NONE', #2712, 3.000000000000002665 ) ;
#647 = DIRECTION ( 'NONE',  ( 1.000000000000000000, 0.000000000000000000, 0.000000000000000000 ) ) ;
#648 = CARTESIAN_POINT ( 'NONE',  ( 26.07842712474619518, 4.000000000000003553, -9.000000000000001776 ) ) ;
#649 = CARTESIAN_POINT ( 'NONE',  ( 26.42928578572857745, 4.000000000000000000, 1.500000000000000888 ) ) ;
#650 = AXIS2_PLACEMENT_3D ( 'NONE', #2660, #4099, #877 ) ;
#651 = CARTESIAN_POINT ( 'NONE',  ( 55.87671004642346873, 32.00000000000000000, -17.47392445807271955 ) ) ;
#652 = EDGE_CURVE ( 'NONE', #3035, #2093, #4356, .T. ) ;
#653 = VERTEX_POINT ( 'NONE', #4545 ) ;
#654 = CARTESIAN_POINT ( 'NONE',  ( 30.00000000000001066, 40.00000000000000000, 48.39999999999999858 ) ) ;
#655 = AXIS2_PLACEMENT_3D ( 'NONE', #253, #2452, #1020 ) ;
#656 = DIRECTION ( 'NONE',  ( 0.000000000000000000, -1.000000000000000000, 0.000000000000000000 ) ) ;
#657 = VECTOR ( 'NONE', #478, 1000.000000000000000 ) ;
#658 = CARTESIAN_POINT ( 'NONE',  ( 10.76392973654882645, 9.000002555771347446, -4.000000000000000000 ) ) ;
#659 = EDGE_LOOP ( 'NONE', ( #270, #1434 ) ) ;
#660 = EDGE_LOOP ( 'NONE', ( #4178, #1233, #3421, #927, #563 ) ) ;
#661 = ADVANCED_FACE ( 'NONE', ( #2400 ), #1343, .T. ) ;
#662 = CIRCLE ( 'NONE', #741, 2.999999999999999112 ) ;
#663 = CYLINDRICAL_SURFACE ( 'NONE', #3492, 1.500000000000000000 ) ;
#664 = ORIENTED_EDGE ( 'NONE', *, *, #1588, .T. ) ;
#665 = CARTESIAN_POINT ( 'NONE',  ( 88.54766503022229074, 5.340054925039390277, -5.587997326659071007 ) ) ;
#666 = EDGE_LOOP ( 'NONE', ( #2377, #3757, #1277, #3039 ) ) ;
#667 = EDGE_CURVE ( 'NONE', #1295, #2034, #3363, .T. ) ;
#668 = ORIENTED_EDGE ( 'NONE', *, *, #1039, .F. ) ;
#669 = CARTESIAN_POINT ( 'NONE',  ( 9.999999999999998224, 40.00000000000000000, -9.000000000000001776 ) ) ;
#670 = VECTOR ( 'NONE', #3399, 1000.000000000000000 ) ;
#671 = DIRECTION ( 'NONE',  ( -0.6401843996644798196, 0.000000000000000000, -0.7682212795973759611 ) ) ;
#672 = EDGE_LOOP ( 'NONE', ( #467, #3430, #3924, #3506 ) ) ;
#673 = CARTESIAN_POINT ( 'NONE',  ( 23.25000000000000711, 4.000000000000003553, -7.999999999999992895 ) ) ;
#674 = CARTESIAN_POINT ( 'NONE',  ( 104.0000000000000142, 40.00000000000000000, 48.39999999999999858 ) ) ;
#675 = CARTESIAN_POINT ( 'NONE',  ( 99.02965776558741595, 12.32900775255292558, 48.39999999999999858 ) ) ;
#676 = CARTESIAN_POINT ( 'NONE',  ( 81.95816339194719546, 13.26224478765891668, 48.39999999999999858 ) ) ;
#677 = CARTESIAN_POINT ( 'NONE',  ( 110.0000000000000000, 38.50000000000000000, 0.000000000000000000 ) ) ;
#678 = ORIENTED_EDGE ( 'NONE', *, *, #3911, .T. ) ;
#679 = CARTESIAN_POINT ( 'NONE',  ( 23.25000000000000711, 2.000000000000000000, -7.999999999999992895 ) ) ;
#680 = DIRECTION ( 'NONE',  ( 0.000000000000000000, -0.000000000000000000, -1.000000000000000000 ) ) ;
#681 = CARTESIAN_POINT ( 'NONE',  ( 23.88089803902390784, 5.915451306161935818, -5.064524359738605597 ) ) ;
#682 = ORIENTED_EDGE ( 'NONE', *, *, #2957, .T. ) ;
#683 = ORIENTED_EDGE ( 'NONE', *, *, #326, .T. ) ;
#684 = DIRECTION ( 'NONE',  ( -1.000000000000000000, 0.000000000000000000, 0.000000000000000000 ) ) ;
#685 = ORIENTED_EDGE ( 'NONE', *, *, #2252, .F. ) ;
#686 = CARTESIAN_POINT ( 'NONE',  ( 80.59487516204666235, 43.00000000000000000, 39.39999999999999858 ) ) ;
#687 = PLANE ( 'NONE',  #1699 ) ;
#688 = EDGE_CURVE ( 'NONE', #440, #443, #1576, .T. ) ;
#689 = VECTOR ( 'NONE', #3409, 1000.000000000000000 ) ;
#690 = ORIENTED_EDGE ( 'NONE', *, *, #1947, .T. ) ;
#691 = AXIS2_PLACEMENT_3D ( 'NONE', #954, #891, #234 ) ;
#692 = VERTEX_POINT ( 'NONE', #2899 ) ;
#693 = DIRECTION ( 'NONE',  ( 0.000000000000000000, 1.000000000000000000, 0.000000000000000000 ) ) ;
#694 = AXIS2_PLACEMENT_3D ( 'NONE', #3604, #2915, #3950 ) ;
#695 = EDGE_CURVE ( 'NONE', #958, #2905, #1266, .T. ) ;
#696 = CIRCLE ( 'NONE', #1524, 2.999999999999999112 ) ;
#697 = CARTESIAN_POINT ( 'NONE',  ( 6.233452207660027087E-15, 41.50000000000000000, 50.89999999999999858 ) ) ;
#698 = EDGE_LOOP ( 'NONE', ( #3259, #3376, #2066, #3270 ) ) ;
#699 = ADVANCED_FACE ( 'NONE', ( #4341 ), #3256, .F. ) ;
#700 = DIRECTION ( 'NONE',  ( -0.000000000000000000, -1.000000000000000000, 0.000000000000000000 ) ) ;
#701 = CARTESIAN_POINT ( 'NONE',  ( 9.999999999999998224, 0.000000000000000000, -9.000000000000001776 ) ) ;
#702 = CARTESIAN_POINT ( 'NONE',  ( 14.97034223441261069, 30.67099224744709574, -4.000000000000000000 ) ) ;
#703 = CARTESIAN_POINT ( 'NONE',  ( 0.000000000000000000, 4.000000000000000000, 0.000000000000000000 ) ) ;
#704 = CARTESIAN_POINT ( 'NONE',  ( 108.5000000000000000, 40.00000000000000000, 0.000000000000000000 ) ) ;
#705 = EDGE_LOOP ( 'NONE', ( #3790, #1144, #2743, #3889 ) ) ;
#706 = CARTESIAN_POINT ( 'NONE',  ( 32.98782115753458299, 8.000000000000000000, 48.39999999999999858 ) ) ;
#707 = DIRECTION ( 'NONE',  ( 0.000000000000000000, 0.000000000000000000, -1.000000000000000000 ) ) ;
#708 = ORIENTED_EDGE ( 'NONE', *, *, #1265, .F. ) ;
#709 = AXIS2_PLACEMENT_3D ( 'NONE', #3152, #2022, #4090 ) ;
#710 = DIRECTION ( 'NONE',  ( -0.000000000000000000, 1.000000000000000000, 0.000000000000000000 ) ) ;
#711 = ORIENTED_EDGE ( 'NONE', *, *, #2771, .F. ) ;
#712 = CARTESIAN_POINT ( 'NONE',  ( 79.99999999999998579, 5.500000000000000000, 48.39999999999999858 ) ) ;
#713 = VECTOR ( 'NONE', #4100, 1000.000000000000000 ) ;
#714 = CIRCLE ( 'NONE', #4235, 2.999999999999999112 ) ;
#715 = CARTESIAN_POINT ( 'NONE',  ( 56.15294771916396144, 8.737755212341077993, 52.40000000000000568 ) ) ;
#716 = VERTEX_POINT ( 'NONE', #3203 ) ;
#717 = DIRECTION ( 'NONE',  ( 0.000000000000000000, 1.000000000000000000, 0.000000000000000000 ) ) ;
#718 = EDGE_CURVE ( 'NONE', #2598, #2572, #460, .T. ) ;
#719 = ADVANCED_FACE ( 'NONE', ( #21 ), #2449, .F. ) ;
#720 = PLANE ( 'NONE',  #2619 ) ;
#721 = ORIENTED_EDGE ( 'NONE', *, *, #4137, .T. ) ;
#722 = FACE_OUTER_BOUND ( 'NONE', #587, .T. ) ;
#723 = CARTESIAN_POINT ( 'NONE',  ( 0.000000000000000000, 5.500000000000000000, 46.89999999999999858 ) ) ;
#724 = DIRECTION ( 'NONE',  ( 1.000000000000000000, -0.000000000000000000, 0.000000000000000000 ) ) ;
#725 = EDGE_CURVE ( 'NONE', #1129, #3957, #1070, .T. ) ;
#726 = LINE ( 'NONE', #2633, #2424 ) ;
#727 = DIRECTION ( 'NONE',  ( 0.6567807448042018992, 0.7540815958863058555, 0.000000000000000000 ) ) ;
#728 = ORIENTED_EDGE ( 'NONE', *, *, #138, .F. ) ;
#729 = CARTESIAN_POINT ( 'NONE',  ( 96.74999999999998579, 40.00000000000000711, 12.32000000000001272 ) ) ;
#730 = EDGE_LOOP ( 'NONE', ( #2889, #262 ) ) ;
#731 = CARTESIAN_POINT ( 'NONE',  ( 30.00000000000000355, 5.499999999999998224, 0.000000000000000000 ) ) ;
#732 = VERTEX_POINT ( 'NONE', #403 ) ;
#733 = VERTEX_POINT ( 'NONE', #1846 ) ;
#734 = CARTESIAN_POINT ( 'NONE',  ( 58.12328995357655970, 11.00000000000000000, -17.47392445807271955 ) ) ;
#735 = AXIS2_PLACEMENT_3D ( 'NONE', #697, #2502, #3133 ) ;
#736 = VECTOR ( 'NONE', #400, 1000.000000000000000 ) ;
#737 = EDGE_LOOP ( 'NONE', ( #233, #2815, #1364, #1914 ) ) ;
#738 = CARTESIAN_POINT ( 'NONE',  ( 83.31695293647275946, 3.999999999999999112, 47.15888828619063844 ) ) ;
#739 = CARTESIAN_POINT ( 'NONE',  ( 99.02965776558738753, 12.32900775255293269, -17.47392445807271955 ) ) ;
#740 = ORIENTED_EDGE ( 'NONE', *, *, #2832, .F. ) ;
#741 = AXIS2_PLACEMENT_3D ( 'NONE', #4507, #2390, #3824 ) ;
#742 = ORIENTED_EDGE ( 'NONE', *, *, #1541, .T. ) ;
#743 = LINE ( 'NONE', #3616, #670 ) ;
#744 = APPLICATION_CONTEXT ( 'automotive_design' ) ;
#745 = DIRECTION ( 'NONE',  ( 0.000000000000000000, -0.000000000000000000, -1.000000000000000000 ) ) ;
#746 = AXIS2_PLACEMENT_3D ( 'NONE', #1793, #1442, #1097 ) ;
#747 = PLANE ( 'NONE',  #2222 ) ;
#748 = ORIENTED_EDGE ( 'NONE', *, *, #1588, .F. ) ;
#749 = CARTESIAN_POINT ( 'NONE',  ( 83.90002201368021417, 4.396326134444425549, -7.034528836163506327 ) ) ;
#750 = DIRECTION ( 'NONE',  ( -1.224646799147353207E-16, 0.000000000000000000, -1.000000000000000000 ) ) ;
#751 = DIRECTION ( 'NONE',  ( -1.000000000000000000, 1.156482317317871725E-15, 0.000000000000000000 ) ) ;
#752 = EDGE_CURVE ( 'NONE', #2499, #3814, #770, .T. ) ;
#753 = CARTESIAN_POINT ( 'NONE',  ( 110.0000000000000000, 33.00000000000000000, 32.40000000000000568 ) ) ;
#754 = CARTESIAN_POINT ( 'NONE',  ( 30.00000000000001066, 4.000000000000000000, 46.89999999999999858 ) ) ;
#755 = ORIENTED_EDGE ( 'NONE', *, *, #4503, .F. ) ;
#756 = LINE ( 'NONE', #654, #1547 ) ;
#757 = CARTESIAN_POINT ( 'NONE',  ( 101.0000000000000000, 32.00000000000000000, 48.39999999999999858 ) ) ;
#758 = EDGE_CURVE ( 'NONE', #3969, #1315, #895, .T. ) ;
#759 = ORIENTED_EDGE ( 'NONE', *, *, #1929, .F. ) ;
#760 = DIRECTION ( 'NONE',  ( 0.000000000000000000, 0.000000000000000000, 1.000000000000000000 ) ) ;
#761 = ORIENTED_EDGE ( 'NONE', *, *, #915, .T. ) ;
#762 = ORIENTED_EDGE ( 'NONE', *, *, #2678, .T. ) ;
#763 = DIRECTION ( 'NONE',  ( 0.000000000000000000, 0.000000000000000000, -1.000000000000000000 ) ) ;
#764 =( BOUNDED_CURVE ( )  B_SPLINE_CURVE ( 3, ( #1083, #2835, #3268, #1428 ),
 .UNSPECIFIED., .F., .F. ) 
 B_SPLINE_CURVE_WITH_KNOTS ( ( 4, 4 ),
 ( 3.141592653589793116, 4.712388980384689674 ),
 .UNSPECIFIED. ) 
 CURVE ( )  GEOMETRIC_REPRESENTATION_ITEM ( )  RATIONAL_B_SPLINE_CURVE ( ( 1.000000000000000000, 0.8047378541243649375, 0.8047378541243649375, 1.000000000000000000 ) ) 
 REPRESENTATION_ITEM ( '' )  );
#765 = ORIENTED_EDGE ( 'NONE', *, *, #1473, .F. ) ;
#766 = CARTESIAN_POINT ( 'NONE',  ( 57.84705228083608830, 34.26224478765892201, -4.000000000000000000 ) ) ;
#767 = DIRECTION ( 'NONE',  ( 0.7540815958863057444, -0.6567807448042017882, 0.000000000000000000 ) ) ;
#768 = EDGE_LOOP ( 'NONE', ( #220, #2949, #2663, #2925 ) ) ;
#769 = VERTEX_POINT ( 'NONE', #3909 ) ;
#770 = LINE ( 'NONE', #2121, #3135 ) ;
#771 = PLANE ( 'NONE',  #3861 ) ;
#772 = VECTOR ( 'NONE', #3765, 1000.000000000000000 ) ;
#773 = VERTEX_POINT ( 'NONE', #2476 ) ;
#774 = CARTESIAN_POINT ( 'NONE',  ( 83.74741442516989309, 4.099262639252811979, -8.000454191794071690 ) ) ;
#775 = DIRECTION ( 'NONE',  ( 0.000000000000000000, -1.000000000000000000, 0.000000000000000000 ) ) ;
#776 = DIRECTION ( 'NONE',  ( 1.000000000000000000, -0.000000000000000000, 0.000000000000000000 ) ) ;
#777 = LINE ( 'NONE', #2209, #429 ) ;
#778 = PLANE ( 'NONE',  #3292 ) ;
#779 = EDGE_CURVE ( 'NONE', #2435, #493, #3760, .T. ) ;
#780 = ADVANCED_FACE ( 'NONE', ( #378 ), #3990, .T. ) ;
#781 = CARTESIAN_POINT ( 'NONE',  ( 20.25004500813587782, 4.074961687395842524, -8.128012313450284410 ) ) ;
#782 = EDGE_LOOP ( 'NONE', ( #1953, #13, #879, #1836, #1561, #3280 ) ) ;
#783 = DIRECTION ( 'NONE',  ( -1.000000000000000000, 0.000000000000000000, 0.000000000000000000 ) ) ;
#784 = ORIENTED_EDGE ( 'NONE', *, *, #2276, .F. ) ;
#785 = ORIENTED_EDGE ( 'NONE', *, *, #169, .F. ) ;
#786 = DIRECTION ( 'NONE',  ( -0.000000000000000000, -0.000000000000000000, 1.000000000000000000 ) ) ;
#787 = EDGE_CURVE ( 'NONE', #3876, #2159, #2387, .T. ) ;
#788 = ORIENTED_EDGE ( 'NONE', *, *, #4460, .T. ) ;
#789 = FACE_OUTER_BOUND ( 'NONE', #1710, .T. ) ;
#790 = CYLINDRICAL_SURFACE ( 'NONE', #1488, 1.500000000000000000 ) ;
#791 = AXIS2_PLACEMENT_3D ( 'NONE', #2456, #1078, #2508 ) ;
#792 = VERTEX_POINT ( 'NONE', #1018 ) ;
#793 = EDGE_CURVE ( 'NONE', #120, #249, #4288, .T. ) ;
#794 = CARTESIAN_POINT ( 'NONE',  ( 11.99999999999999822, -29.97142273814360536, 14.68614980554399096 ) ) ;
#795 = CIRCLE ( 'NONE', #348, 2.999999999999999112 ) ;
#796 = AXIS2_PLACEMENT_3D ( 'NONE', #4246, #3846, #3575 ) ;
#797 = CARTESIAN_POINT ( 'NONE',  ( 20.00000000000000000, 4.000000000000000000, -9.000000000000001776 ) ) ;
#798 = EDGE_LOOP ( 'NONE', ( #1164, #3981, #664, #1489, #1958, #1059 ) ) ;
#799 = CARTESIAN_POINT ( 'NONE',  ( 83.77051700555993818, 4.189967687807274466, -7.629036674920769201 ) ) ;
#800 = DIRECTION ( 'NONE',  ( 1.224646799147352961E-16, 0.000000000000000000, 1.000000000000000000 ) ) ;
#801 = DIRECTION ( 'NONE',  ( -0.6567807448042018992, -0.7540815958863058555, 0.000000000000000000 ) ) ;
#802 = FACE_OUTER_BOUND ( 'NONE', #1363, .T. ) ;
#803 = DIRECTION ( 'NONE',  ( -1.000000000000000000, 0.000000000000000000, 0.000000000000000000 ) ) ;
#804 = DIRECTION ( 'NONE',  ( 0.000000000000000000, -1.000000000000000000, 0.000000000000000000 ) ) ;
#805 = DIRECTION ( 'NONE',  ( -1.000000000000000000, 0.000000000000000000, 0.000000000000000000 ) ) ;
#806 = ORIENTED_EDGE ( 'NONE', *, *, #211, .F. ) ;
#807 = ADVANCED_FACE ( 'NONE', ( #4314, #3934 ), #1819, .T. ) ;
#808 = ORIENTED_EDGE ( 'NONE', *, *, #4503, .T. ) ;
#809 = CARTESIAN_POINT ( 'NONE',  ( 13.00000000000000533, 8.000000000000000000, -4.101020514433644237 ) ) ;
#810 = ORIENTED_EDGE ( 'NONE', *, *, #3127, .F. ) ;
#811 = CARTESIAN_POINT ( 'NONE',  ( 14.99999999999999822, 40.00000000000000000, 14.68614980554399096 ) ) ;
#812 = CARTESIAN_POINT ( 'NONE',  ( 110.0000000000000000, 33.00000000000000000, 0.000000000000000000 ) ) ;
#813 = ORIENTED_EDGE ( 'NONE', *, *, #4376, .F. ) ;
#814 = ADVANCED_FACE ( 'NONE', ( #1047 ), #2146, .F. ) ;
#815 = EDGE_CURVE ( 'NONE', #1860, #3960, #1642, .T. ) ;
#816 = EDGE_LOOP ( 'NONE', ( #813, #1457, #2493, #1518 ) ) ;
#817 = CARTESIAN_POINT ( 'NONE',  ( 104.0000000000000142, 14.59125254021184581, -17.47392445807271955 ) ) ;
#818 = AXIS2_PLACEMENT_3D ( 'NONE', #2352, #1646, #2016 ) ;
#819 = VECTOR ( 'NONE', #580, 1000.000000000000114 ) ;
#820 = EDGE_CURVE ( 'NONE', #1432, #1362, #743, .T. ) ;
#821 = AXIS2_PLACEMENT_3D ( 'NONE', #3382, #172, #2671 ) ;
#822 = DIRECTION ( 'NONE',  ( -0.000000000000000000, -1.000000000000000000, -0.000000000000000000 ) ) ;
#823 = CYLINDRICAL_SURFACE ( 'NONE', #3231, 2.999999999999999112 ) ;
#824 = DIRECTION ( 'NONE',  ( 0.000000000000000000, 0.000000000000000000, 1.000000000000000000 ) ) ;
#825 = CARTESIAN_POINT ( 'NONE',  ( 0.000000000000000000, 43.00000000000000000, 0.000000000000000000 ) ) ;
#826 = CYLINDRICAL_SURFACE ( 'NONE', #2798, 3.000000000000002665 ) ;
#827 = DIRECTION ( 'NONE',  ( 0.000000000000000000, -1.000000000000000000, 0.000000000000000000 ) ) ;
#828 = DIRECTION ( 'NONE',  ( 1.000000000000000000, 0.000000000000000000, 0.000000000000000000 ) ) ;
#829 = DIRECTION ( 'NONE',  ( 0.000000000000000000, 0.000000000000000000, 1.000000000000000000 ) ) ;
#830 = ORIENTED_EDGE ( 'NONE', *, *, #892, .T. ) ;
#831 = AXIS2_PLACEMENT_3D ( 'NONE', #1062, #315, #2492 ) ;
#832 = ORIENTED_EDGE ( 'NONE', *, *, #3352, .T. ) ;
#833 = CARTESIAN_POINT ( 'NONE',  ( -8.673617379884035472E-16, 40.00000000000000000, -4.000000000000000000 ) ) ;
#834 = ORIENTED_EDGE ( 'NONE', *, *, #3098, .T. ) ;
#835 = DIRECTION ( 'NONE',  ( 0.000000000000000000, 0.000000000000000000, 1.000000000000000000 ) ) ;
#836 = CARTESIAN_POINT ( 'NONE',  ( 32.98782115753458299, 11.00000000000000000, 0.000000000000000000 ) ) ;
#837 = ORIENTED_EDGE ( 'NONE', *, *, #637, .F. ) ;
#838 = ORIENTED_EDGE ( 'NONE', *, *, #1567, .T. ) ;
#839 = DIRECTION ( 'NONE',  ( 1.000000000000000000, 0.000000000000000000, 0.000000000000000000 ) ) ;
#840 = ADVANCED_FACE ( 'NONE', ( #1938, #1916 ), #3690, .T. ) ;
#841 = LINE ( 'NONE', #3258, #1093 ) ;
#842 = CARTESIAN_POINT ( 'NONE',  ( 79.98782115753458299, 10.99999999999999645, 48.39999999999999858 ) ) ;
#843 = CARTESIAN_POINT ( 'NONE',  ( 108.5000000000000000, 5.500000000000000000, 48.39999999999999858 ) ) ;
#844 = CARTESIAN_POINT ( 'NONE',  ( 55.85185185185187606, 9.000000000000000000, -4.000000000000000000 ) ) ;
#845 = AXIS2_PLACEMENT_3D ( 'NONE', #629, #2059, #3503 ) ;
#846 = DIRECTION ( 'NONE',  ( 0.000000000000000000, 0.000000000000000000, 1.000000000000000000 ) ) ;
#847 = AXIS2_PLACEMENT_3D ( 'NONE', #2164, #2613, #2214 ) ;
#848 = ADVANCED_FACE ( 'NONE', ( #537 ), #99, .F. ) ;
#849 = CARTESIAN_POINT ( 'NONE',  ( 34.01217884246545964, 35.00000000000000000, -17.47392445807271955 ) ) ;
#850 = AXIS2_PLACEMENT_3D ( 'NONE', #2785, #982, #1007 ) ;
#851 = CARTESIAN_POINT ( 'NONE',  ( 23.25000000000000711, 4.000000000000003553, -7.999999999999992895 ) ) ;
#852 = LINE ( 'NONE', #3368, #1440 ) ;
#853 = LINE ( 'NONE', #2288, #1099 ) ;
#854 = VERTEX_POINT ( 'NONE', #2604 ) ;
#855 =( NAMED_UNIT ( * ) PLANE_ANGLE_UNIT ( ) SI_UNIT ( $, .RADIAN. ) );
#856 = CARTESIAN_POINT ( 'NONE',  ( 10.00000000000000533, 40.00000000000000000, 48.39999999999999858 ) ) ;
#857 = ORIENTED_EDGE ( 'NONE', *, *, #184, .T. ) ;
#858 = AXIS2_PLACEMENT_3D ( 'NONE', #679, #2515, #3239 ) ;
#859 = EDGE_LOOP ( 'NONE', ( #4632, #4013, #1063, #1791, #2270, #2163, #1700 ) ) ;
#860 = CARTESIAN_POINT ( 'NONE',  ( 79.99999999999998579, 40.00000000000000000, 48.39999999999999858 ) ) ;
#861 = VECTOR ( 'NONE', #3405, 1000.000000000000000 ) ;
#862 = EDGE_CURVE ( 'NONE', #4514, #2762, #1870, .T. ) ;
#863 = VECTOR ( 'NONE', #4354, 1000.000000000000114 ) ;
#864 = CARTESIAN_POINT ( 'NONE',  ( 0.000000000000000000, 0.000000000000000000, 0.000000000000000000 ) ) ;
#865 = DIRECTION ( 'NONE',  ( -0.000000000000000000, 1.000000000000000000, -0.000000000000000000 ) ) ;
#866 = CYLINDRICAL_SURFACE ( 'NONE', #3723, 1.600000000000001643 ) ;
#867 = AXIS2_PLACEMENT_3D ( 'NONE', #2875, #822, #1549 ) ;
#868 = EDGE_CURVE ( 'NONE', #1086, #1139, #4102, .T. ) ;
#869 = DIRECTION ( 'NONE',  ( -1.000000000000000000, 0.000000000000000000, 0.000000000000000000 ) ) ;
#870 = CARTESIAN_POINT ( 'NONE',  ( 25.00000000000000000, 4.000000000000000000, 5.000000000000000888 ) ) ;
#871 = FACE_OUTER_BOUND ( 'NONE', #1384, .T. ) ;
#872 = ADVANCED_FACE ( 'NONE', ( #4434 ), #2977, .F. ) ;
#873 = AXIS2_PLACEMENT_3D ( 'NONE', #1559, #442, #3683 ) ;
#874 = CARTESIAN_POINT ( 'NONE',  ( 13.25000000000000888, 0.000000000000000000, 7.720000000000013074 ) ) ;
#875 = ORIENTED_EDGE ( 'NONE', *, *, #1345, .T. ) ;
#876 = DIRECTION ( 'NONE',  ( -1.000000000000000000, -0.000000000000000000, -0.000000000000000000 ) ) ;
#877 = DIRECTION ( 'NONE',  ( 1.000000000000000000, 0.000000000000000000, 0.000000000000000000 ) ) ;
#878 = DIRECTION ( 'NONE',  ( 0.000000000000000000, 0.000000000000000000, -1.000000000000000000 ) ) ;
#879 = ORIENTED_EDGE ( 'NONE', *, *, #3402, .T. ) ;
#880 = FACE_OUTER_BOUND ( 'NONE', #3333, .T. ) ;
#881 = ORIENTED_EDGE ( 'NONE', *, *, #108, .F. ) ;
#882 = ORIENTED_EDGE ( 'NONE', *, *, #3118, .T. ) ;
#883 = AXIS2_PLACEMENT_3D ( 'NONE', #1604, #1271, #4122 ) ;
#884 = VECTOR ( 'NONE', #1924, 1000.000000000000000 ) ;
#885 = AXIS2_PLACEMENT_3D ( 'NONE', #2257, #3695, #3718 ) ;
#886 = CARTESIAN_POINT ( 'NONE',  ( 114.0000000000000000, 25.00000000000000000, 8.000000000000000000 ) ) ;
#887 = LINE ( 'NONE', #4420, #2244 ) ;
#888 = DIRECTION ( 'NONE',  ( 0.000000000000000000, 0.000000000000000000, 1.000000000000000000 ) ) ;
#889 = CIRCLE ( 'NONE', #2914, 4.999999999999997335 ) ;
#890 = CARTESIAN_POINT ( 'NONE',  ( 108.5000000000000000, 40.00000000000000000, 48.39999999999999858 ) ) ;
#891 = DIRECTION ( 'NONE',  ( 0.000000000000000000, 1.000000000000000000, 0.000000000000000000 ) ) ;
#892 = EDGE_CURVE ( 'NONE', #2951, #1950, #1546, .T. ) ;
#893 = CARTESIAN_POINT ( 'NONE',  ( 86.75000000000000000, 4.000000000000000000, -6.399999999999995026 ) ) ;
#894 = EDGE_CURVE ( 'NONE', #1714, #3356, #1173, .T. ) ;
#895 = CIRCLE ( 'NONE', #227, 3.000000000000002665 ) ;
#896 = CARTESIAN_POINT ( 'NONE',  ( 20.42157287525381903, 4.000000000000003553, -9.000000000000001776 ) ) ;
#897 = EDGE_CURVE ( 'NONE', #653, #4542, #4569, .T. ) ;
#898 = ORIENTED_EDGE ( 'NONE', *, *, #3886, .T. ) ;
#899 = CARTESIAN_POINT ( 'NONE',  ( 6.071532165918824830E-15, 41.50000000000000000, 52.40000000000000568 ) ) ;
#900 = FACE_OUTER_BOUND ( 'NONE', #4509, .T. ) ;
#901 = CARTESIAN_POINT ( 'NONE',  ( 110.0000000000000000, 3.999999999999996447, 1.500000000000000000 ) ) ;
#902 = ORIENTED_EDGE ( 'NONE', *, *, #1947, .F. ) ;
#903 = ORIENTED_EDGE ( 'NONE', *, *, #2538, .T. ) ;
#904 = LINE ( 'NONE', #4207, #4624 ) ;
#905 = EDGE_CURVE ( 'NONE', #733, #3014, #1520, .T. ) ;
#906 = ORIENTED_EDGE ( 'NONE', *, *, #3450, .T. ) ;
#907 = ORIENTED_EDGE ( 'NONE', *, *, #945, .F. ) ;
#908 = LINE ( 'NONE', #1219, #287 ) ;
#909 = CARTESIAN_POINT ( 'NONE',  ( 112.5000000000000000, 0.000000000000000000, 52.40000000000000568 ) ) ;
#910 = VERTEX_POINT ( 'NONE', #125 ) ;
#911 = DIRECTION ( 'NONE',  ( 1.000000000000000000, 0.000000000000000000, 0.000000000000000000 ) ) ;
#912 = CARTESIAN_POINT ( 'NONE',  ( 80.78239291513851583, 5.074137465388632862, 0.05906783919190041615 ) ) ;
#913 = AXIS2_PLACEMENT_3D ( 'NONE', #3025, #2329, #255 ) ;
#914 = CARTESIAN_POINT ( 'NONE',  ( 81.01217884246545964, 32.00000000000000000, -17.47392445807271955 ) ) ;
#915 = EDGE_CURVE ( 'NONE', #1356, #1167, #3304, .T. ) ;
#916 = ORIENTED_EDGE ( 'NONE', *, *, #573, .T. ) ;
#917 = AXIS2_PLACEMENT_3D ( 'NONE', #2454, #1748, #1771 ) ;
#918 = CARTESIAN_POINT ( 'NONE',  ( 29.01301775147929973, 73.31124260355032618, 48.39999999999999858 ) ) ;
#919 = CARTESIAN_POINT ( 'NONE',  ( 32.04183660805285427, 29.73775521234108155, 52.40000000000000568 ) ) ;
#920 = CARTESIAN_POINT ( 'NONE',  ( 58.12328995357655970, 11.00000000000000000, -17.47392445807271955 ) ) ;
#921 = ORIENTED_EDGE ( 'NONE', *, *, #3727, .F. ) ;
#922 = ORIENTED_EDGE ( 'NONE', *, *, #1567, .F. ) ;
#923 = EDGE_CURVE ( 'NONE', #1268, #45, #2251, .T. ) ;
#924 = DIRECTION ( 'NONE',  ( 0.000000000000000000, -0.000000000000000000, -1.000000000000000000 ) ) ;
#925 = ORIENTED_EDGE ( 'NONE', *, *, #4132, .F. ) ;
#926 = ORIENTED_EDGE ( 'NONE', *, *, #325, .T. ) ;
#927 = ORIENTED_EDGE ( 'NONE', *, *, #688, .T. ) ;
#928 = EDGE_CURVE ( 'NONE', #1088, #2638, #2952, .T. ) ;
#929 = CYLINDRICAL_SURFACE ( 'NONE', #4555, 4.999999999999997335 ) ;
#930 = DIRECTION ( 'NONE',  ( 0.000000000000000000, 1.000000000000000000, 0.000000000000000000 ) ) ;
#931 = CIRCLE ( 'NONE', #3489, 2.999999999999999112 ) ;
#932 = AXIS2_PLACEMENT_3D ( 'NONE', #686, #3561, #346 ) ;
#933 = FACE_OUTER_BOUND ( 'NONE', #1015, .T. ) ;
#934 = CARTESIAN_POINT ( 'NONE',  ( 48.82366863905325971, 56.05680473372782302, 52.40000000000000568 ) ) ;
#935 = FACE_OUTER_BOUND ( 'NONE', #4361, .T. ) ;
#936 = ORIENTED_EDGE ( 'NONE', *, *, #2673, .F. ) ;
#937 = CARTESIAN_POINT ( 'NONE',  ( 114.0000000000000000, 43.00000000000000000, -2.500000000000000444 ) ) ;
#938 = CARTESIAN_POINT ( 'NONE',  ( 110.0000000000000000, 25.00000000000000000, 16.00000000000000000 ) ) ;
#939 = VERTEX_POINT ( 'NONE', #4061 ) ;
#940 = EDGE_CURVE ( 'NONE', #309, #1275, #3359, .T. ) ;
#941 = ORIENTED_EDGE ( 'NONE', *, *, #3839, .F. ) ;
#942 = FACE_OUTER_BOUND ( 'NONE', #1006, .T. ) ;
#943 = ORIENTED_EDGE ( 'NONE', *, *, #1869, .T. ) ;
#944 = EDGE_CURVE ( 'NONE', #3207, #3134, #149, .T. ) ;
#945 = EDGE_CURVE ( 'NONE', #2867, #2034, #2926, .T. ) ;
#946 = VERTEX_POINT ( 'NONE', #3015 ) ;
#947 = CARTESIAN_POINT ( 'NONE',  ( 32.04183660805285427, 29.73775521234108155, -17.47392445807271955 ) ) ;
#948 = ADVANCED_FACE ( 'NONE', ( #880 ), #2318, .F. ) ;
#949 = APPLICATION_PROTOCOL_DEFINITION ( 'draft international standard', 'automotive_design', 1998, #744 ) ;
#950 = CARTESIAN_POINT ( 'NONE',  ( 22.11124260355030557, 65.38698224852072372, -4.000000000000000000 ) ) ;
#951 = CARTESIAN_POINT ( 'NONE',  ( 32.98782115753458299, 11.00000000000000000, -4.000000000000000000 ) ) ;
#952 = VECTOR ( 'NONE', #2923, 1000.000000000000000 ) ;
#953 = ORIENTED_EDGE ( 'NONE', *, *, #4031, .T. ) ;
#954 = CARTESIAN_POINT ( 'NONE',  ( 96.74999999999998579, 2.000000000000000000, 9.320000000000005613 ) ) ;
#955 = DIRECTION ( 'NONE',  ( -0.000000000000000000, 1.000000000000000000, -0.000000000000000000 ) ) ;
#956 = AXIS2_PLACEMENT_3D ( 'NONE', #4196, #1393, #644 ) ;
#957 = DIRECTION ( 'NONE',  ( 0.000000000000000000, 0.000000000000000000, -1.000000000000000000 ) ) ;
#958 = VERTEX_POINT ( 'NONE', #1149 ) ;
#959 = DIRECTION ( 'NONE',  ( 0.000000000000000000, 1.000000000000000000, 0.000000000000000000 ) ) ;
#960 = CARTESIAN_POINT ( 'NONE',  ( 12.16394882619274753, 8.111153562300559727, -4.079432816091243197 ) ) ;
#961 = ORIENTED_EDGE ( 'NONE', *, *, #4311, .F. ) ;
#962 = AXIS2_PLACEMENT_3D ( 'NONE', #4452, #839, #1868 ) ;
#963 = EDGE_LOOP ( 'NONE', ( #2419, #2519, #1545, #3671, #968, #4467, #2747, #2141 ) ) ;
#964 = DIRECTION ( 'NONE',  ( -0.000000000000000000, -1.000000000000000000, -0.000000000000000000 ) ) ;
#965 = ORIENTED_EDGE ( 'NONE', *, *, #4194, .T. ) ;
#966 = CARTESIAN_POINT ( 'NONE',  ( 3.934426229508193096, 43.00000000000000000, -3.278688524590161801 ) ) ;
#967 = EDGE_LOOP ( 'NONE', ( #40, #615, #4125, #407 ) ) ;
#968 = ORIENTED_EDGE ( 'NONE', *, *, #3281, .F. ) ;
#969 = CARTESIAN_POINT ( 'NONE',  ( 29.84337030537404445, 5.414210534454884538, 48.39999999999998437 ) ) ;
#970 = EDGE_CURVE ( 'NONE', #2762, #2093, #2581, .T. ) ;
#971 = EDGE_CURVE ( 'NONE', #1589, #2467, #1185, .T. ) ;
#972 = EDGE_CURVE ( 'NONE', #3815, #2741, #4126, .T. ) ;
#973 = LINE ( 'NONE', #2097, #2243 ) ;
#974 = VERTEX_POINT ( 'NONE', #4560 ) ;
#975 = DIRECTION ( 'NONE',  ( 0.000000000000000000, 0.000000000000000000, -1.000000000000000000 ) ) ;
#976 = PLANE ( 'NONE',  #2856 ) ;
#977 = EDGE_CURVE ( 'NONE', #4577, #2447, #3076, .T. ) ;
#978 = DIRECTION ( 'NONE',  ( 0.000000000000000000, -1.000000000000000000, 0.000000000000000000 ) ) ;
#979 = VECTOR ( 'NONE', #2361, 1000.000000000000000 ) ;
#980 = CARTESIAN_POINT ( 'NONE',  ( 13.25000000000000888, 2.000000000000000000, 7.720000000000013074 ) ) ;
#981 = VERTEX_POINT ( 'NONE', #2356 ) ;
#982 = DIRECTION ( 'NONE',  ( -1.000000000000000000, 0.000000000000000000, 0.000000000000000000 ) ) ;
#983 = CARTESIAN_POINT ( 'NONE',  ( 25.91640962601718812, 4.604181705953512171, -6.605555789394000676 ) ) ;
#984 = ORIENTED_EDGE ( 'NONE', *, *, #3516, .T. ) ;
#985 = AXIS2_PLACEMENT_3D ( 'NONE', #1702, #3089, #4527 ) ;
#986 = CARTESIAN_POINT ( 'NONE',  ( 23.25000000000000711, 4.000000000000000000, -7.999999999999992895 ) ) ;
#987 = AXIS2_PLACEMENT_3D ( 'NONE', #507, #2985, #1927 ) ;
#988 = ORIENTED_EDGE ( 'NONE', *, *, #3017, .F. ) ;
#989 = DIRECTION ( 'NONE',  ( 0.000000000000000000, 1.000000000000000000, 0.000000000000000000 ) ) ;
#990 = VECTOR ( 'NONE', #2487, 1000.000000000000114 ) ;
#991 = ORIENTED_EDGE ( 'NONE', *, *, #2272, .F. ) ;
#992 = ORIENTED_EDGE ( 'NONE', *, *, #530, .T. ) ;
#993 = ORIENTED_EDGE ( 'NONE', *, *, #1818, .F. ) ;
#994 = CARTESIAN_POINT ( 'NONE',  ( 34.58389563645803833, 8.451094280597889252, -4.028662427980263416 ) ) ;
#995 = EDGE_CURVE ( 'NONE', #3858, #4010, #904, .T. ) ;
#996 = DIRECTION ( 'NONE',  ( 0.000000000000000000, 0.000000000000000000, 1.000000000000000000 ) ) ;
#997 = ORIENTED_EDGE ( 'NONE', *, *, #1681, .F. ) ;
#998 = CARTESIAN_POINT ( 'NONE',  ( -4.336808689942017736E-16, 0.000000000000000000, -4.000000000000000000 ) ) ;
#999 = CARTESIAN_POINT ( 'NONE',  ( 90.00000000000000000, 4.000000000000000000, -14.00000000000000000 ) ) ;
#1000 = AXIS2_PLACEMENT_3D ( 'NONE', #2853, #1423, #4352 ) ;
#1001 = DIRECTION ( 'NONE',  ( -0.000000000000000000, -0.000000000000000000, 1.000000000000000000 ) ) ;
#1002 = EDGE_CURVE ( 'NONE', #2332, #3756, #3737, .T. ) ;
#1003 = DIRECTION ( 'NONE',  ( 0.000000000000000000, 0.000000000000000000, 1.000000000000000000 ) ) ;
#1004 = DIRECTION ( 'NONE',  ( 0.000000000000000000, 0.000000000000000000, 1.000000000000000000 ) ) ;
#1005 = VECTOR ( 'NONE', #1361, 1000.000000000000000 ) ;
#1006 = EDGE_LOOP ( 'NONE', ( #1717, #1978, #3286, #3577 ) ) ;
#1007 = DIRECTION ( 'NONE',  ( 0.000000000000000000, 0.000000000000000000, 1.000000000000000000 ) ) ;
#1008 = EDGE_CURVE ( 'NONE', #2159, #3123, #1689, .T. ) ;
#1009 = CARTESIAN_POINT ( 'NONE',  ( 55.87671004642346873, 35.00000000000000000, -17.47392445807271955 ) ) ;
#1010 = ORIENTED_EDGE ( 'NONE', *, *, #793, .F. ) ;
#1011 = ORIENTED_EDGE ( 'NONE', *, *, #1439, .F. ) ;
#1012 = CARTESIAN_POINT ( 'NONE',  ( 81.01217884246545964, 32.00000000000000000, -17.47392445807271955 ) ) ;
#1013 = ORIENTED_EDGE ( 'NONE', *, *, #1560, .T. ) ;
#1014 = CARTESIAN_POINT ( 'NONE',  ( 23.25000000000000711, 40.00000000000000711, -10.99999999999999467 ) ) ;
#1015 = EDGE_LOOP ( 'NONE', ( #961, #247, #2788, #1647 ) ) ;
#1016 = ORIENTED_EDGE ( 'NONE', *, *, #3222, .F. ) ;
#1017 = EDGE_LOOP ( 'NONE', ( #494, #2740, #1770, #1273 ) ) ;
#1018 = CARTESIAN_POINT ( 'NONE',  ( 57.84705228083607409, 34.26224478765892201, 52.40000000000000568 ) ) ;
#1019 = VECTOR ( 'NONE', #2816, 1000.000000000000000 ) ;
#1020 = DIRECTION ( 'NONE',  ( -1.000000000000000000, 0.000000000000000000, 0.000000000000000000 ) ) ;
#1021 = ORIENTED_EDGE ( 'NONE', *, *, #1270, .T. ) ;
#1022 = CARTESIAN_POINT ( 'NONE',  ( 90.00000000000000000, 4.000000000000000000, -9.000000000000001776 ) ) ;
#1023 = DIRECTION ( 'NONE',  ( 0.000000000000000000, 1.000000000000000000, 0.000000000000000000 ) ) ;
#1024 = CARTESIAN_POINT ( 'NONE',  ( 57.89953900083879290, 40.00000000000000000, 7.479446801006567114 ) ) ;
#1025 = CARTESIAN_POINT ( 'NONE',  ( 104.0000000000000142, 32.00000000000000000, 48.39999999999999858 ) ) ;
#1026 = CARTESIAN_POINT ( 'NONE',  ( 25.00000000000000711, 0.000000000000000000, 43.39999999999999858 ) ) ;
#1027 = AXIS2_PLACEMENT_3D ( 'NONE', #2993, #1841, #3686 ) ;
#1028 = CARTESIAN_POINT ( 'NONE',  ( 0.000000000000000000, 8.000000000000000000, -4.101020514433644237 ) ) ;
#1029 = EDGE_CURVE ( 'NONE', #3662, #3301, #1318, .T. ) ;
#1030 = EDGE_LOOP ( 'NONE', ( #2399, #2668, #2724, #1037 ) ) ;
#1031 = CARTESIAN_POINT ( 'NONE',  ( 34.01217884246545964, 35.00000000000000000, -17.47392445807271955 ) ) ;
#1032 = AXIS2_PLACEMENT_3D ( 'NONE', #3407, #1619, #3045 ) ;
#1033 = FACE_BOUND ( 'NONE', #3241, .T. ) ;
#1034 = VECTOR ( 'NONE', #2383, 1000.000000000000000 ) ;
#1035 = DIRECTION ( 'NONE',  ( -0.000000000000000000, -1.000000000000000000, -0.000000000000000000 ) ) ;
#1036 = VERTEX_POINT ( 'NONE', #4186 ) ;
#1037 = ORIENTED_EDGE ( 'NONE', *, *, #3818, .T. ) ;
#1038 = CIRCLE ( 'NONE', #1636, 1.600000000000004974 ) ;
#1039 = EDGE_CURVE ( 'NONE', #3658, #2018, #2147, .T. ) ;
#1040 = DIRECTION ( 'NONE',  ( 0.000000000000000000, 0.000000000000000000, 1.000000000000000000 ) ) ;
#1041 = ORIENTED_EDGE ( 'NONE', *, *, #1774, .T. ) ;
#1042 = CARTESIAN_POINT ( 'NONE',  ( 0.000000000000000000, 40.00000000000000000, 46.89999999999999858 ) ) ;
#1043 = LINE ( 'NONE', #739, #1492 ) ;
#1044 = ORIENTED_EDGE ( 'NONE', *, *, #4570, .T. ) ;
#1045 = ORIENTED_EDGE ( 'NONE', *, *, #972, .T. ) ;
#1046 = EDGE_CURVE ( 'NONE', #1074, #2139, #3802, .T. ) ;
#1047 = FACE_OUTER_BOUND ( 'NONE', #698, .T. ) ;
#1048 = CARTESIAN_POINT ( 'NONE',  ( 95.00000000000000000, 4.000000000000000000, -9.000000000000001776 ) ) ;
#1049 = ORIENTED_EDGE ( 'NONE', *, *, #2408, .F. ) ;
#1050 = CARTESIAN_POINT ( 'NONE',  ( 0.000000000000000000, 8.000000000000000000, 0.000000000000000000 ) ) ;
#1051 = DIRECTION ( 'NONE',  ( 0.000000000000000000, 0.000000000000000000, -1.000000000000000000 ) ) ;
#1052 = CARTESIAN_POINT ( 'NONE',  ( 0.000000000000000000, 38.50000000000000000, 48.39999999999999858 ) ) ;
#1053 = CARTESIAN_POINT ( 'NONE',  ( 83.92157287525380127, 4.000000000000003553, -9.000000000000001776 ) ) ;
#1054 = DIRECTION ( 'NONE',  ( -0.000000000000000000, -1.000000000000000000, -0.000000000000000000 ) ) ;
#1055 = ORIENTED_EDGE ( 'NONE', *, *, #188, .T. ) ;
#1056 = CARTESIAN_POINT ( 'NONE',  ( 5.743593488001084917E-15, 5.500000000000000000, 46.89999999999999858 ) ) ;
#1057 = DIRECTION ( 'NONE',  ( -1.000000000000000000, 0.000000000000000000, 0.000000000000000000 ) ) ;
#1058 = DIRECTION ( 'NONE',  ( 0.000000000000000000, 0.000000000000000000, 1.000000000000000000 ) ) ;
#1059 = ORIENTED_EDGE ( 'NONE', *, *, #4505, .T. ) ;
#1060 = ADVANCED_FACE ( 'NONE', ( #3419 ), #3036, .T. ) ;
#1061 = ORIENTED_EDGE ( 'NONE', *, *, #4144, .T. ) ;
#1062 = CARTESIAN_POINT ( 'NONE',  ( 80.59487516204666235, 40.00000000000000000, 39.39999999999999858 ) ) ;
#1063 = ORIENTED_EDGE ( 'NONE', *, *, #3770, .T. ) ;
#1064 = DIRECTION ( 'NONE',  ( 0.000000000000000000, -1.000000000000000000, 0.000000000000000000 ) ) ;
#1065 = DIRECTION ( 'NONE',  ( -0.000000000000000000, 0.000000000000000000, -1.000000000000000000 ) ) ;
#1066 = AXIS2_PLACEMENT_3D ( 'NONE', #4574, #3546, #2367 ) ;
#1067 = EDGE_LOOP ( 'NONE', ( #1176, #838, #1044, #4313, #4349, #640, #116, #3157 ) ) ;
#1068 = ADVANCED_FACE ( 'NONE', ( #205 ), #2065, .F. ) ;
#1069 = AXIS2_PLACEMENT_3D ( 'NONE', #4113, #3047, #1281 ) ;
#1070 = LINE ( 'NONE', #352, #4267 ) ;
#1071 = CIRCLE ( 'NONE', #1820, 3.000000000000002665 ) ;
#1072 = EDGE_CURVE ( 'NONE', #3074, #4392, #1665, .T. ) ;
#1073 = DIRECTION ( 'NONE',  ( 1.000000000000000000, 0.000000000000000000, 0.000000000000000000 ) ) ;
#1074 = VERTEX_POINT ( 'NONE', #4474 ) ;
#1075 = DIRECTION ( 'NONE',  ( 0.000000000000000000, 0.000000000000000000, 1.000000000000000000 ) ) ;
#1076 = CARTESIAN_POINT ( 'NONE',  ( 104.0000000000000142, 40.00000000000000000, -4.000000000000000000 ) ) ;
#1077 = VECTOR ( 'NONE', #1359, 1000.000000000000000 ) ;
#1078 = DIRECTION ( 'NONE',  ( 0.000000000000000000, 0.000000000000000000, -1.000000000000000000 ) ) ;
#1079 = VECTOR ( 'NONE', #3191, 1000.000000000000000 ) ;
#1080 = CARTESIAN_POINT ( 'NONE',  ( 35.98782115753458299, 11.00000000000000000, 0.000000000000000000 ) ) ;
#1081 = DIRECTION ( 'NONE',  ( 0.000000000000000000, 0.000000000000000000, -1.000000000000000000 ) ) ;
#1082 = ORIENTED_EDGE ( 'NONE', *, *, #3698, .T. ) ;
#1083 = CARTESIAN_POINT ( 'NONE',  ( 114.0000000000000000, 43.00000000000000000, -2.500000000000000444 ) ) ;
#1084 = FACE_OUTER_BOUND ( 'NONE', #2765, .T. ) ;
#1085 = DIRECTION ( 'NONE',  ( 0.000000000000000000, 0.000000000000000000, -1.000000000000000000 ) ) ;
#1086 = VERTEX_POINT ( 'NONE', #2723 ) ;
#1087 = AXIS2_PLACEMENT_3D ( 'NONE', #2659, #568, #3754 ) ;
#1088 = VERTEX_POINT ( 'NONE', #3056 ) ;
#1089 = CYLINDRICAL_SURFACE ( 'NONE', #3667, 3.000000000000002665 ) ;
#1090 = ORIENTED_EDGE ( 'NONE', *, *, #4390, .F. ) ;
#1091 = DIRECTION ( 'NONE',  ( 0.000000000000000000, 1.000000000000000000, 0.000000000000000000 ) ) ;
#1092 = CLOSED_SHELL ( 'NONE', ( #3544, #2746, #2363, #4343, #3625, #4089, #4403, #2874, #2124, #1068, #2647, #3996, #1900, #454, #4273, #3287, #2088, #4454, #2354, #475, #872, #2249, #4189, #1751, #2971, #2148, #4477, #3132, #780, #3021, #1907, #807, #3665, #4456, #1293, #840, #171, #2833, #1098, #948, #1783, #1286, #3637, #1237, #80, #560, #719, #3720, #2645, #3659, #1126, #1060, #3397, #2469, #3040, #2563, #3592, #556, #1618, #3254, #1688, #472, #661, #2903, #848, #3187, #390, #2194, #814, #4084, #2900, #3153, #2871, #2376, #1975, #3180, #4564, #576, #628, #699, #3378, #2359, #2443, #4599, #4109, #290, #3537, #1925, #1641, #1367, #1955, #1585, #3044, #190, #449, #2007, #1981, #526, #2527, #1156, #1194, #4409, #3850, #3091, #1140, #1468, #536, #2770, #2012, #3768, #3930, #1500, #1127, #2149, #4195, #2628, #3481, #1426, #3745, #1215, #2694, #3371, #3939, #2927, #1529, #4256, #2697, #2717, #3072, #2312, #353, #3714, #2726, #1212, #4530 ) ) ;
#1093 = VECTOR ( 'NONE', #1523, 1000.000000000000000 ) ;
#1094 = DIRECTION ( 'NONE',  ( 0.000000000000000000, 0.000000000000000000, 1.000000000000000000 ) ) ;
#1095 = ORIENTED_EDGE ( 'NONE', *, *, #4037, .F. ) ;
#1096 = ORIENTED_EDGE ( 'NONE', *, *, #4593, .F. ) ;
#1097 = DIRECTION ( 'NONE',  ( -0.7540815958863057444, 0.6567807448042017882, 0.000000000000000000 ) ) ;
#1098 = ADVANCED_FACE ( 'NONE', ( #3099 ), #589, .F. ) ;
#1099 = VECTOR ( 'NONE', #3729, 1000.000000000000000 ) ;
#1100 = EDGE_CURVE ( 'NONE', #1171, #2448, #1274, .T. ) ;
#1101 = DIRECTION ( 'NONE',  ( 0.000000000000000000, 0.000000000000000000, 1.000000000000000000 ) ) ;
#1102 = ORIENTED_EDGE ( 'NONE', *, *, #779, .T. ) ;
#1103 = LINE ( 'NONE', #1050, #2950 ) ;
#1104 = CARTESIAN_POINT ( 'NONE',  ( 32.04183660805285427, 29.73775521234107444, 0.000000000000000000 ) ) ;
#1105 = CARTESIAN_POINT ( 'NONE',  ( 84.99999999999998579, 0.000000000000000000, 5.000000000000000000 ) ) ;
#1106 = DIRECTION ( 'NONE',  ( 0.000000000000000000, 0.000000000000000000, -1.000000000000000000 ) ) ;
#1107 = CARTESIAN_POINT ( 'NONE',  ( 10.00000000000000533, 0.000000000000000000, -17.47392445807271955 ) ) ;
#1108 = ORIENTED_EDGE ( 'NONE', *, *, #4623, .T. ) ;
#1109 = FACE_OUTER_BOUND ( 'NONE', #278, .T. ) ;
#1110 = PLANE ( 'NONE',  #546 ) ;
#1111 = ORIENTED_EDGE ( 'NONE', *, *, #1072, .T. ) ;
#1112 = CARTESIAN_POINT ( 'NONE',  ( 79.98782115753458299, 8.000000000000000000, 48.39999999999999858 ) ) ;
#1113 = ORIENTED_EDGE ( 'NONE', *, *, #3093, .F. ) ;
#1114 = CIRCLE ( 'NONE', #152, 2.999999999999999112 ) ;
#1115 = ORIENTED_EDGE ( 'NONE', *, *, #117, .T. ) ;
#1116 = DIRECTION ( 'NONE',  ( 0.000000000000000000, 0.000000000000000000, 1.000000000000000000 ) ) ;
#1117 = AXIS2_PLACEMENT_3D ( 'NONE', #1961, #3042, #1615 ) ;
#1118 = ORIENTED_EDGE ( 'NONE', *, *, #1397, .T. ) ;
#1119 = CYLINDRICAL_SURFACE ( 'NONE', #3938, 5.000000000000000000 ) ;
#1120 = CARTESIAN_POINT ( 'NONE',  ( 13.25000000000000888, 2.000000000000000000, 9.320000000000016271 ) ) ;
#1121 = ORIENTED_EDGE ( 'NONE', *, *, #2468, .F. ) ;
#1122 = CIRCLE ( 'NONE', #79, 4.999999999999997335 ) ;
#1123 = VERTEX_POINT ( 'NONE', #2395 ) ;
#1124 = DIRECTION ( 'NONE',  ( 0.000000000000000000, 0.000000000000000000, 1.000000000000000000 ) ) ;
#1125 = AXIS2_PLACEMENT_3D ( 'NONE', #1767, #2873, #1124 ) ;
#1126 = ADVANCED_FACE ( 'NONE', ( #942 ), #2374, .F. ) ;
#1127 = ADVANCED_FACE ( 'NONE', ( #1254 ), #635, .T. ) ;
#1128 = FACE_OUTER_BOUND ( 'NONE', #3556, .T. ) ;
#1129 = VERTEX_POINT ( 'NONE', #1711 ) ;
#1130 = CARTESIAN_POINT ( 'NONE',  ( 85.54129334905339022, 5.694932816291269795, -5.244882820887819541 ) ) ;
#1131 = CARTESIAN_POINT ( 'NONE',  ( 108.5000000000000000, 4.000000000000000000, 1.500000000000000000 ) ) ;
#1132 = DIRECTION ( 'NONE',  ( -1.000000000000000000, -2.312964634635743450E-15, 0.000000000000000000 ) ) ;
#1133 = EDGE_CURVE ( 'NONE', #1714, #1721, #2892, .T. ) ;
#1134 = LINE ( 'NONE', #2935, #2662 ) ;
#1135 = CYLINDRICAL_SURFACE ( 'NONE', #1697, 3.000000000000002665 ) ;
#1136 = CARTESIAN_POINT ( 'NONE',  ( 20.33057943849041038, 4.302992989848203997, -7.267392058546854550 ) ) ;
#1137 = ORIENTED_EDGE ( 'NONE', *, *, #328, .T. ) ;
#1138 = LINE ( 'NONE', #2547, #3019 ) ;
#1140 = ADVANCED_FACE ( 'NONE', ( #293 ), #4255, .F. ) ;
#1139 = VERTEX_POINT ( 'NONE', #2090 ) ;
#1141 = APPLICATION_CONTEXT ( 'automotive_design' ) ;
#1142 = ORIENTED_EDGE ( 'NONE', *, *, #2122, .F. ) ;
#1143 = CYLINDRICAL_SURFACE ( 'NONE', #2061, 4.999999999999997335 ) ;
#1144 = ORIENTED_EDGE ( 'NONE', *, *, #298, .F. ) ;
#1145 = CYLINDRICAL_SURFACE ( 'NONE', #2509, 1.500000000000001332 ) ;
#1146 = DIRECTION ( 'NONE',  ( 1.433655765270088601E-16, 0.000000000000000000, 1.000000000000000000 ) ) ;
#1147 = VECTOR ( 'NONE', #4373, 1000.000000000000000 ) ;
#1148 = ORIENTED_EDGE ( 'NONE', *, *, #268, .T. ) ;
#1149 = CARTESIAN_POINT ( 'NONE',  ( 13.00000000000000533, 8.000000000000000000, 52.40000000000000568 ) ) ;
#1150 = VECTOR ( 'NONE', #391, 1000.000000000000000 ) ;
#1151 = DIRECTION ( 'NONE',  ( -1.000000000000000000, 0.000000000000000000, 0.000000000000000000 ) ) ;
#1152 = VECTOR ( 'NONE', #3842, 1000.000000000000000 ) ;
#1153 = VERTEX_POINT ( 'NONE', #3610 ) ;
#1154 = CARTESIAN_POINT ( 'NONE',  ( 83.92157287525380127, 4.000000000000003553, -9.000000000000001776 ) ) ;
#1155 = CARTESIAN_POINT ( 'NONE',  ( 13.25000000000000888, 40.00000000000000711, 6.320000000000018048 ) ) ;
#1156 = ADVANCED_FACE ( 'NONE', ( #2470 ), #1089, .F. ) ;
#1157 = CARTESIAN_POINT ( 'NONE',  ( 104.0000000000000142, 14.59125254021184581, -17.47392445807271955 ) ) ;
#1158 = DIRECTION ( 'NONE',  ( -0.000000000000000000, -0.000000000000000000, -1.000000000000000000 ) ) ;
#1159 = LINE ( 'NONE', #754, #3967 ) ;
#1160 = CARTESIAN_POINT ( 'NONE',  ( 86.75000000000000000, 2.000000000000000000, -6.399999999999995026 ) ) ;
#1161 = EDGE_CURVE ( 'NONE', #2638, #1358, #3534, .T. ) ;
#1162 = CYLINDRICAL_SURFACE ( 'NONE', #1657, 1.500000000000001332 ) ;
#1163 = ORIENTED_EDGE ( 'NONE', *, *, #4508, .T. ) ;
#1164 = ORIENTED_EDGE ( 'NONE', *, *, #1744, .F. ) ;
#1165 = CARTESIAN_POINT ( 'NONE',  ( 80.81749886624102430, 8.109431282629399718, -4.079750449254595956 ) ) ;
#1166 = EDGE_CURVE ( 'NONE', #2499, #3570, #4245, .T. ) ;
#1167 = VERTEX_POINT ( 'NONE', #2550 ) ;
#1168 = CARTESIAN_POINT ( 'NONE',  ( 89.66172378372452556, 4.308040491311904141, -7.267701414124430492 ) ) ;
#1169 = CARTESIAN_POINT ( 'NONE',  ( 9.999999999999998224, 28.40874745978818083, -4.000000000000000000 ) ) ;
#1170 = VECTOR ( 'NONE', #4244, 1000.000000000000000 ) ;
#1171 = VERTEX_POINT ( 'NONE', #396 ) ;
#1172 = EDGE_LOOP ( 'NONE', ( #165, #1061, #2521, #4633 ) ) ;
#1173 = LINE ( 'NONE', #1891, #4128 ) ;
#1174 = AXIS2_PLACEMENT_3D ( 'NONE', #2819, #3904, #4188 ) ;
#1175 = CARTESIAN_POINT ( 'NONE',  ( 0.000000000000000000, 40.00000000000000000, 52.40000000000000568 ) ) ;
#1176 = ORIENTED_EDGE ( 'NONE', *, *, #2166, .F. ) ;
#1177 = LINE ( 'NONE', #499, #3767 ) ;
#1178 = CARTESIAN_POINT ( 'NONE',  ( 70.26638702559253602, 10.00000000000000000, 32.40000000000000568 ) ) ;
#1179 = CARTESIAN_POINT ( 'NONE',  ( 79.04183660805284717, 29.73775521234108510, 0.000000000000000000 ) ) ;
#1180 = CARTESIAN_POINT ( 'NONE',  ( 15.00000000000000000, 4.000000000000000000, -9.000000000000001776 ) ) ;
#1181 = DIRECTION ( 'NONE',  ( -0.6401843996644799306, 0.000000000000000000, -0.7682212795973757391 ) ) ;
#1182 = CARTESIAN_POINT ( 'NONE',  ( 20.24741442516989665, 4.099262639252811091, -8.000454191794069914 ) ) ;
#1183 = CARTESIAN_POINT ( 'NONE',  ( 0.000000000000000000, 40.00000000000000000, 6.400000000000003020 ) ) ;
#1184 = ORIENTED_EDGE ( 'NONE', *, *, #3472, .T. ) ;
#1185 = CIRCLE ( 'NONE', #1994, 3.000000000000002665 ) ;
#1186 = ORIENTED_EDGE ( 'NONE', *, *, #2773, .T. ) ;
#1187 = EDGE_CURVE ( 'NONE', #1816, #2809, #208, .T. ) ;
#1188 = CARTESIAN_POINT ( 'NONE',  ( 110.0000000000000000, 5.499999999999998224, 46.89999999999999858 ) ) ;
#1189 = ORIENTED_EDGE ( 'NONE', *, *, #1507, .T. ) ;
#1190 = CARTESIAN_POINT ( 'NONE',  ( 89.74936406810083156, 4.152639225446891125, -7.748330289660555259 ) ) ;
#1191 = CYLINDRICAL_SURFACE ( 'NONE', #1256, 5.000000000000000888 ) ;
#1192 = VERTEX_POINT ( 'NONE', #3559 ) ;
#1193 =( BOUNDED_CURVE ( )  B_SPLINE_CURVE ( 3, ( #2813, #3193, #4227, #2464 ),
 .UNSPECIFIED., .F., .F. ) 
 B_SPLINE_CURVE_WITH_KNOTS ( ( 4, 4 ),
 ( 4.712388980384689674, 6.283185307179586232 ),
 .UNSPECIFIED. ) 
 CURVE ( )  GEOMETRIC_REPRESENTATION_ITEM ( )  RATIONAL_B_SPLINE_CURVE ( ( 1.000000000000000000, 0.8047378541243649375, 0.8047378541243649375, 1.000000000000000000 ) ) 
 REPRESENTATION_ITEM ( '' )  );
#1194 = ADVANCED_FACE ( 'NONE', ( #2168 ), #3221, .F. ) ;
#1195 = EDGE_LOOP ( 'NONE', ( #3355, #2446, #4388, #4557 ) ) ;
#1196 = DIRECTION ( 'NONE',  ( -0.000000000000000000, 0.000000000000000000, 1.000000000000000000 ) ) ;
#1197 = CIRCLE ( 'NONE', #650, 1.500000000000001332 ) ;
#1198 = EDGE_CURVE ( 'NONE', #570, #1153, #4306, .T. ) ;
#1199 = DIRECTION ( 'NONE',  ( 0.000000000000000000, 0.000000000000000000, -1.000000000000000000 ) ) ;
#1200 = CARTESIAN_POINT ( 'NONE',  ( 23.25000000000000711, 2.000000000000000000, -6.399999999999990585 ) ) ;
#1201 = DIRECTION ( 'NONE',  ( -0.000000000000000000, -0.000000000000000000, -1.000000000000000000 ) ) ;
#1202 = DIRECTION ( 'NONE',  ( 0.7540815958863057444, -0.6567807448042017882, 0.000000000000000000 ) ) ;
#1203 = FACE_OUTER_BOUND ( 'NONE', #4583, .T. ) ;
#1204 = CARTESIAN_POINT ( 'NONE',  ( 30.49180327868851137, 40.00000000000000000, -25.40983606557376717 ) ) ;
#1205 = CARTESIAN_POINT ( 'NONE',  ( 81.55961127356937368, 4.667483913486278446, 0.2381773445980352177 ) ) ;
#1206 = DIRECTION ( 'NONE',  ( -1.000000000000000000, 0.000000000000000000, 0.000000000000000000 ) ) ;
#1207 = CARTESIAN_POINT ( 'NONE',  ( 80.20003738478453670, 8.000000000000001776, -4.101020514433645126 ) ) ;
#1208 = EDGE_LOOP ( 'NONE', ( #1828, #3595, #4406, #678, #4143, #432 ) ) ;
#1209 = CARTESIAN_POINT ( 'NONE',  ( 100.0000000000000000, 4.000000000000000000, -9.000000000000001776 ) ) ;
#1210 = DIRECTION ( 'NONE',  ( 0.000000000000000000, -1.000000000000000000, 0.000000000000000000 ) ) ;
#1211 = EDGE_LOOP ( 'NONE', ( #1706, #2559, #3478, #1342, #12, #3250, #265, #2245 ) ) ;
#1212 = ADVANCED_FACE ( 'NONE', ( #2789 ), #4334, .F. ) ;
#1213 = ORIENTED_EDGE ( 'NONE', *, *, #688, .F. ) ;
#1214 = DIRECTION ( 'NONE',  ( 0.000000000000000000, 0.000000000000000000, 1.000000000000000000 ) ) ;
#1215 = ADVANCED_FACE ( 'NONE', ( #1736 ), #663, .F. ) ;
#1216 = DIRECTION ( 'NONE',  ( 0.000000000000000000, -0.000000000000000000, -1.000000000000000000 ) ) ;
#1217 = EDGE_CURVE ( 'NONE', #1950, #2189, #1845, .T. ) ;
#1218 = CARTESIAN_POINT ( 'NONE',  ( 114.0000000000000000, -0.000000000000000000, 40.40000000000000568 ) ) ;
#1219 = CARTESIAN_POINT ( 'NONE',  ( 114.0000000000000000, 40.00000000000000000, -2.500000000000000000 ) ) ;
#1220 = LINE ( 'NONE', #4067, #3101 ) ;
#1221 = VECTOR ( 'NONE', #1226, 1000.000000000000000 ) ;
#1222 = CARTESIAN_POINT ( 'NONE',  ( 33.40833859259128502, 8.022262990628757251, -4.096328047016681850 ) ) ;
#1223 = CIRCLE ( 'NONE', #691, 3.000000000000007994 ) ;
#1224 = FACE_OUTER_BOUND ( 'NONE', #2850, .T. ) ;
#1225 = AXIS2_PLACEMENT_3D ( 'NONE', #605, #2107, #240 ) ;
#1226 = DIRECTION ( 'NONE',  ( 1.000000000000000000, -0.000000000000000000, 0.000000000000000000 ) ) ;
#1227 = DIRECTION ( 'NONE',  ( -0.000000000000000000, -1.000000000000000000, -0.000000000000000000 ) ) ;
#1228 = ORIENTED_EDGE ( 'NONE', *, *, #3471, .T. ) ;
#1229 = CARTESIAN_POINT ( 'NONE',  ( 112.5000000000000000, 43.00000000000000000, 52.40000000000000568 ) ) ;
#1230 = CARTESIAN_POINT ( 'NONE',  ( 79.04183660805286138, 29.73775521234108510, 0.000000000000000000 ) ) ;
#1231 = CYLINDRICAL_SURFACE ( 'NONE', #130, 3.000000000000007994 ) ;
#1232 = ORIENTED_EDGE ( 'NONE', *, *, #4136, .F. ) ;
#1233 = ORIENTED_EDGE ( 'NONE', *, *, #1133, .T. ) ;
#1234 = DIRECTION ( 'NONE',  ( 0.000000000000000000, 0.000000000000000000, -1.000000000000000000 ) ) ;
#1235 = ORIENTED_EDGE ( 'NONE', *, *, #573, .F. ) ;
#1236 = EDGE_CURVE ( 'NONE', #3455, #4386, #2845, .T. ) ;
#1237 = ADVANCED_FACE ( 'NONE', ( #2140 ), #4231, .F. ) ;
#1238 =( BOUNDED_CURVE ( )  B_SPLINE_CURVE ( 3, ( #3474, #566, #1285, #2013 ),
 .UNSPECIFIED., .F., .F. ) 
 B_SPLINE_CURVE_WITH_KNOTS ( ( 4, 4 ),
 ( 4.712388980384689674, 6.283185307179586232 ),
 .UNSPECIFIED. ) 
 CURVE ( )  GEOMETRIC_REPRESENTATION_ITEM ( )  RATIONAL_B_SPLINE_CURVE ( ( 1.000000000000000000, 0.8047378541243649375, 0.8047378541243649375, 1.000000000000000000 ) ) 
 REPRESENTATION_ITEM ( '' )  );
#1239 = LINE ( 'NONE', #2343, #3749 ) ;
#1240 = DIRECTION ( 'NONE',  ( 0.000000000000000000, 0.000000000000000000, 1.000000000000000000 ) ) ;
#1241 = AXIS2_PLACEMENT_3D ( 'NONE', #2854, #2458, #3945 ) ;
#1242 = EDGE_CURVE ( 'NONE', #249, #3543, #1453, .T. ) ;
#1243 = DIRECTION ( 'NONE',  ( 0.000000000000000000, 0.000000000000000000, -1.000000000000000000 ) ) ;
#1244 = ORIENTED_EDGE ( 'NONE', *, *, #3936, .F. ) ;
#1245 = CARTESIAN_POINT ( 'NONE',  ( 110.0000000000000000, 40.00000000000000000, 1.500000000000000000 ) ) ;
#1246 = CARTESIAN_POINT ( 'NONE',  ( 83.57071421427140478, 3.999999999999996447, 1.499999999999998224 ) ) ;
#1247 = VECTOR ( 'NONE', #4363, 1000.000000000000000 ) ;
#1248 = DIRECTION ( 'NONE',  ( 0.000000000000000000, 0.000000000000000000, -1.000000000000000000 ) ) ;
#1249 = EDGE_LOOP ( 'NONE', ( #267, #1525, #4340, #1728 ) ) ;
#1250 = LINE ( 'NONE', #1229, #2863 ) ;
#1251 = LINE ( 'NONE', #4533, #3964 ) ;
#1252 = ORIENTED_EDGE ( 'NONE', *, *, #4001, .F. ) ;
#1253 = ORIENTED_EDGE ( 'NONE', *, *, #4062, .F. ) ;
#1254 = FACE_OUTER_BOUND ( 'NONE', #1017, .T. ) ;
#1255 = ORIENTED_EDGE ( 'NONE', *, *, #3500, .F. ) ;
#1256 = AXIS2_PLACEMENT_3D ( 'NONE', #1209, #3353, #1542 ) ;
#1257 = CIRCLE ( 'NONE', #735, 1.500000000000001332 ) ;
#1258 = CARTESIAN_POINT ( 'NONE',  ( 80.59487516204666235, 40.00000000000000000, 42.39999999999999858 ) ) ;
#1259 = EDGE_CURVE ( 'NONE', #3960, #4105, #3984, .T. ) ;
#1260 = EDGE_CURVE ( 'NONE', #3398, #2675, #4429, .T. ) ;
#1261 = AXIS2_PLACEMENT_3D ( 'NONE', #2735, #957, #4551 ) ;
#1262 = CYLINDRICAL_SURFACE ( 'NONE', #4116, 3.000000000000002665 ) ;
#1263 = DIRECTION ( 'NONE',  ( -0.000000000000000000, -0.000000000000000000, -1.000000000000000000 ) ) ;
#1264 = DIRECTION ( 'NONE',  ( -0.000000000000000000, -0.000000000000000000, 1.000000000000000000 ) ) ;
#1265 = EDGE_CURVE ( 'NONE', #1386, #4473, #4402, .T. ) ;
#1266 = CIRCLE ( 'NONE', #4428, 2.999999999999999112 ) ;
#1267 = DIRECTION ( 'NONE',  ( 0.000000000000000000, 0.000000000000000000, 1.000000000000000000 ) ) ;
#1268 = VERTEX_POINT ( 'NONE', #809 ) ;
#1269 = LINE ( 'NONE', #144, #2411 ) ;
#1270 = EDGE_CURVE ( 'NONE', #4636, #2369, #2920, .T. ) ;
#1271 = DIRECTION ( 'NONE',  ( -0.000000000000000000, -1.000000000000000000, 0.000000000000000000 ) ) ;
#1272 = ORIENTED_EDGE ( 'NONE', *, *, #3063, .F. ) ;
#1273 = ORIENTED_EDGE ( 'NONE', *, *, #4517, .F. ) ;
#1274 = LINE ( 'NONE', #2418, #4173 ) ;
#1275 = VERTEX_POINT ( 'NONE', #1188 ) ;
#1276 = ORIENTED_EDGE ( 'NONE', *, *, #3469, .F. ) ;
#1277 = ORIENTED_EDGE ( 'NONE', *, *, #2496, .F. ) ;
#1278 = DIRECTION ( 'NONE',  ( 0.000000000000000000, 0.000000000000000000, 1.000000000000000000 ) ) ;
#1279 = LINE ( 'NONE', #4091, #819 ) ;
#1280 = EDGE_CURVE ( 'NONE', #716, #3914, #4054, .T. ) ;
#1281 = DIRECTION ( 'NONE',  ( -1.000000000000000000, 0.000000000000000000, 0.000000000000000000 ) ) ;
#1282 = CARTESIAN_POINT ( 'NONE',  ( 80.15662969462216836, 5.414210534447954970, -4.658681209898652635E-18 ) ) ;
#1283 = CIRCLE ( 'NONE', #4073, 8.000000000000000000 ) ;
#1284 = CIRCLE ( 'NONE', #4592, 1.600000000000004086 ) ;
#1285 = CARTESIAN_POINT ( 'NONE',  ( 114.0000000000000000, 42.99999999999999289, 51.77867965644034598 ) ) ;
#1286 = ADVANCED_FACE ( 'NONE', ( #2989 ), #1143, .F. ) ;
#1287 = EDGE_CURVE ( 'NONE', #4514, #3035, #4408, .T. ) ;
#1288 = VERTEX_POINT ( 'NONE', #3706 ) ;
#1289 = SURFACE_STYLE_USAGE ( .BOTH. , #2333 ) ;
#1290 = CARTESIAN_POINT ( 'NONE',  ( 32.98782115753458299, 8.000000000000000000, -17.47392445807271955 ) ) ;
#1291 = ORIENTED_EDGE ( 'NONE', *, *, #268, .F. ) ;
#1292 = ORIENTED_EDGE ( 'NONE', *, *, #4382, .F. ) ;
#1293 = ADVANCED_FACE ( 'NONE', ( #1837 ), #2637, .F. ) ;
#1294 = DIRECTION ( 'NONE',  ( -0.000000000000000000, -1.000000000000000000, -0.000000000000000000 ) ) ;
#1295 = VERTEX_POINT ( 'NONE', #2193 ) ;
#1296 = ORIENTED_EDGE ( 'NONE', *, *, #1801, .T. ) ;
#1297 = DIRECTION ( 'NONE',  ( 0.6401843996644799306, 0.000000000000000000, 0.7682212795973757391 ) ) ;
#1298 = LINE ( 'NONE', #4150, #1034 ) ;
#1299 = VECTOR ( 'NONE', #2423, 1000.000000000000000 ) ;
#1300 = DIRECTION ( 'NONE',  ( -0.000000000000000000, -0.000000000000000000, -1.000000000000000000 ) ) ;
#1301 = AXIS2_PLACEMENT_3D ( 'NONE', #920, #878, #2407 ) ;
#1302 = B_SPLINE_CURVE_WITH_KNOTS ( 'NONE', 3,
 ( #4588, #4440, #1695, #3721, #174, #251, #3816, #1944, #3130, #4521, #969, #3461 ),
 .UNSPECIFIED., .F., .F.,
 ( 4, 2, 2, 2, 2, 4 ),
 ( 0.000000000000000000, 0.001071510901573229611, 0.002143021803146459223, 0.003214532704719688400, 0.003750288155506304073, 0.004286043606292919313 ),
 .UNSPECIFIED. ) ;
#1303 = AXIS2_PLACEMENT_3D ( 'NONE', #2067, #3199, #1713 ) ;
#1304 = CARTESIAN_POINT ( 'NONE',  ( 0.000000000000000000, 43.00000000000000000, -2.500000000000000000 ) ) ;
#1305 = FACE_BOUND ( 'NONE', #618, .T. ) ;
#1306 = CARTESIAN_POINT ( 'NONE',  ( 110.0000000000000000, 25.00000000000000000, 8.000000000000000000 ) ) ;
#1307 = ORIENTED_EDGE ( 'NONE', *, *, #3770, .F. ) ;
#1308 = LINE ( 'NONE', #2392, #1444 ) ;
#1309 = CARTESIAN_POINT ( 'NONE',  ( 2.915533057694772625E-15, 0.000000000000000000, 52.40000000000000568 ) ) ;
#1310 = ORIENTED_EDGE ( 'NONE', *, *, #2036, .F. ) ;
#1311 = EDGE_CURVE ( 'NONE', #4602, #1432, #2943, .T. ) ;
#1312 = EDGE_CURVE ( 'NONE', #2846, #1086, #3946, .T. ) ;
#1313 = ORIENTED_EDGE ( 'NONE', *, *, #3568, .F. ) ;
#1314 = CARTESIAN_POINT ( 'NONE',  ( 108.5000000000000000, 38.50000000000000000, 1.500000000000000000 ) ) ;
#1315 = VERTEX_POINT ( 'NONE', #1861 ) ;
#1316 = EDGE_LOOP ( 'NONE', ( #98, #4292 ) ) ;
#1317 = ORIENTED_EDGE ( 'NONE', *, *, #4591, .T. ) ;
#1318 = CIRCLE ( 'NONE', #2528, 5.000000000000000000 ) ;
#1319 = CARTESIAN_POINT ( 'NONE',  ( 34.02050540199099515, 8.175558581940510550, -4.067681255811456786 ) ) ;
#1320 = APPLICATION_PROTOCOL_DEFINITION ( 'draft international standard', 'automotive_design', 1998, #1141 ) ;
#1321 = EDGE_CURVE ( 'NONE', #3533, #1558, #3274, .T. ) ;
#1322 = DIRECTION ( 'NONE',  ( 1.000000000000000000, 0.000000000000000000, 0.000000000000000000 ) ) ;
#1323 = B_SPLINE_CURVE_WITH_KNOTS ( 'NONE', 3,
 ( #3236, #3600, #3499, #2855, #2512, #3919 ),
 .UNSPECIFIED., .F., .F.,
 ( 4, 2, 4 ),
 ( 7.757919228897728493E-18, 0.001070379720469153513, 0.002140759440938299219 ),
 .UNSPECIFIED. ) ;
#1324 = VECTOR ( 'NONE', #1651, 1000.000000000000000 ) ;
#1325 = ORIENTED_EDGE ( 'NONE', *, *, #530, .F. ) ;
#1326 = FACE_BOUND ( 'NONE', #627, .T. ) ;
#1327 = DIRECTION ( 'NONE',  ( 0.000000000000000000, 0.000000000000000000, -1.000000000000000000 ) ) ;
#1328 = VECTOR ( 'NONE', #2459, 1000.000000000000000 ) ;
#1329 = CARTESIAN_POINT ( 'NONE',  ( -0.000000000000000000, 35.00000000000000000, 52.40000000000000568 ) ) ;
#1330 = CARTESIAN_POINT ( 'NONE',  ( 78.40512483795330922, 43.00000000000000000, 6.400000000000003020 ) ) ;
#1331 = ORIENTED_EDGE ( 'NONE', *, *, #3574, .F. ) ;
#1332 = DIRECTION ( 'NONE',  ( 1.000000000000000000, -0.000000000000000000, 0.000000000000000000 ) ) ;
#1333 = CARTESIAN_POINT ( 'NONE',  ( 24.55862079347852855, 5.638197546762914847, -5.298050654049772490 ) ) ;
#1334 = VERTEX_POINT ( 'NONE', #2219 ) ;
#1335 = AXIS2_PLACEMENT_3D ( 'NONE', #495, #1568, #1214 ) ;
#1336 = ORIENTED_EDGE ( 'NONE', *, *, #3566, .T. ) ;
#1337 = DIRECTION ( 'NONE',  ( 0.000000000000000000, -1.000000000000000000, 0.000000000000000000 ) ) ;
#1338 = EDGE_LOOP ( 'NONE', ( #3511, #1427, #2787, #1810, #3825 ) ) ;
#1339 = CARTESIAN_POINT ( 'NONE',  ( 87.73421245640575705, 5.792773795143814297, -5.163587850517112443 ) ) ;
#1340 = EDGE_CURVE ( 'NONE', #2039, #2264, #3276, .T. ) ;
#1341 = ORIENTED_EDGE ( 'NONE', *, *, #1259, .T. ) ;
#1342 = ORIENTED_EDGE ( 'NONE', *, *, #231, .T. ) ;
#1343 = PLANE ( 'NONE',  #2325 ) ;
#1344 = EDGE_CURVE ( 'NONE', #3507, #2039, #1884, .T. ) ;
#1345 = EDGE_CURVE ( 'NONE', #3611, #3029, #1920, .T. ) ;
#1346 = DIRECTION ( 'NONE',  ( -0.000000000000000000, 0.000000000000000000, 1.000000000000000000 ) ) ;
#1347 = ORIENTED_EDGE ( 'NONE', *, *, #2987, .T. ) ;
#1348 = CARTESIAN_POINT ( 'NONE',  ( 110.0000000000000000, 40.00000000000000000, 0.000000000000000000 ) ) ;
#1349 = FACE_BOUND ( 'NONE', #375, .T. ) ;
#1350 = PLANE ( 'NONE',  #2133 ) ;
#1351 = AXIS2_PLACEMENT_3D ( 'NONE', #3994, #105, #2232 ) ;
#1352 = LINE ( 'NONE', #1705, #522 ) ;
#1353 = ORIENTED_EDGE ( 'NONE', *, *, #4031, .F. ) ;
#1354 = PLANE ( 'NONE',  #850 ) ;
#1355 = CARTESIAN_POINT ( 'NONE',  ( 26.16172378372451846, 4.308040491311905029, -7.267701414124432269 ) ) ;
#1356 = VERTEX_POINT ( 'NONE', #141 ) ;
#1357 = AXIS2_PLACEMENT_3D ( 'NONE', #527, #1264, #1640 ) ;
#1358 = VERTEX_POINT ( 'NONE', #4074 ) ;
#1359 = DIRECTION ( 'NONE',  ( 0.000000000000000000, -1.000000000000000000, 0.000000000000000000 ) ) ;
#1360 = ORIENTED_EDGE ( 'NONE', *, *, #1270, .F. ) ;
#1361 = DIRECTION ( 'NONE',  ( 0.6401843996644799306, 0.000000000000000000, 0.7682212795973757391 ) ) ;
#1362 = VERTEX_POINT ( 'NONE', #163 ) ;
#1363 = EDGE_LOOP ( 'NONE', ( #4367, #2320, #4586, #2373 ) ) ;
#1364 = ORIENTED_EDGE ( 'NONE', *, *, #1843, .F. ) ;
#1365 = DIRECTION ( 'NONE',  ( 0.000000000000000000, 1.000000000000000000, 0.000000000000000000 ) ) ;
#1366 = EDGE_CURVE ( 'NONE', #1275, #313, #853, .T. ) ;
#1367 = ADVANCED_FACE ( 'NONE', ( #935 ), #3769, .F. ) ;
#1368 = DIRECTION ( 'NONE',  ( -0.000000000000000000, -1.000000000000000000, -0.000000000000000000 ) ) ;
#1369 = ORIENTED_EDGE ( 'NONE', *, *, #596, .F. ) ;
#1370 = DIRECTION ( 'NONE',  ( 0.000000000000000000, 1.000000000000000000, -0.000000000000000000 ) ) ;
#1371 = DIRECTION ( 'NONE',  ( -0.000000000000000000, -1.000000000000000000, -0.000000000000000000 ) ) ;
#1372 = DIRECTION ( 'NONE',  ( -0.7540815958863057444, 0.6567807448042017882, 0.000000000000000000 ) ) ;
#1373 = EDGE_CURVE ( 'NONE', #2372, #3403, #1238, .T. ) ;
#1374 = CARTESIAN_POINT ( 'NONE',  ( 55.87671004642346873, 35.00000000000000000, 0.000000000000000000 ) ) ;
#1375 = CARTESIAN_POINT ( 'NONE',  ( 55.87671004642346873, 35.00000000000000000, 52.40000000000000568 ) ) ;
#1376 = AXIS2_PLACEMENT_3D ( 'NONE', #2922, #3351, #1435 ) ;
#1377 = ORIENTED_EDGE ( 'NONE', *, *, #3780, .T. ) ;
#1378 = ORIENTED_EDGE ( 'NONE', *, *, #4591, .F. ) ;
#1379 = CARTESIAN_POINT ( 'NONE',  ( 76.10046099916119999, 40.00000000000000000, 11.32055319899345847 ) ) ;
#1380 = CARTESIAN_POINT ( 'NONE',  ( 26.21847530160734507, 4.018138065938410719, -8.503031909572120739 ) ) ;
#1382 = EDGE_CURVE ( 'NONE', #3920, #3814, #1685, .T. ) ;
#1381 = VERTEX_POINT ( 'NONE', #874 ) ;
#1383 = VECTOR ( 'NONE', #3991, 1000.000000000000114 ) ;
#1384 = EDGE_LOOP ( 'NONE', ( #902, #2339, #4332, #2876 ) ) ;
#1385 = CARTESIAN_POINT ( 'NONE',  ( 56.15294771916396144, 8.737755212341081545, -4.101020514433645126 ) ) ;
#1386 = VERTEX_POINT ( 'NONE', #4156 ) ;
#1387 = DIRECTION ( 'NONE',  ( 0.000000000000000000, 0.000000000000000000, -1.000000000000000000 ) ) ;
#1388 = CARTESIAN_POINT ( 'NONE',  ( 21.64792899408284654, 24.85502958579882815, -17.47392445807271955 ) ) ;
#1389 = ORIENTED_EDGE ( 'NONE', *, *, #162, .T. ) ;
#1390 = ORIENTED_EDGE ( 'NONE', *, *, #102, .F. ) ;
#1391 = DIRECTION ( 'NONE',  ( -1.000000000000000000, 0.000000000000000000, -0.000000000000000000 ) ) ;
#1392 = VECTOR ( 'NONE', #3736, 1000.000000000000000 ) ;
#1393 = DIRECTION ( 'NONE',  ( 0.000000000000000000, 0.000000000000000000, -1.000000000000000000 ) ) ;
#1394 = VERTEX_POINT ( 'NONE', #2309 ) ;
#1395 = DIRECTION ( 'NONE',  ( 0.000000000000000000, 0.000000000000000000, -1.000000000000000000 ) ) ;
#1396 = DIRECTION ( 'NONE',  ( -1.000000000000000000, 0.000000000000000000, 1.445602896647339410E-16 ) ) ;
#1397 = EDGE_CURVE ( 'NONE', #3570, #1816, #3786, .T. ) ;
#1398 = CARTESIAN_POINT ( 'NONE',  ( 1.837278106508884123, 42.10946745562130644, -4.000000000000000000 ) ) ;
#1399 = LINE ( 'NONE', #3550, #3486 ) ;
#1400 = VECTOR ( 'NONE', #767, 1000.000000000000114 ) ;
#1401 = LINE ( 'NONE', #2483, #2689 ) ;
#1402 = ORIENTED_EDGE ( 'NONE', *, *, #4001, .T. ) ;
#1403 = CARTESIAN_POINT ( 'NONE',  ( 81.01217884246545964, 35.00000000000000000, -4.000000000000000000 ) ) ;
#1404 = EDGE_CURVE ( 'NONE', #223, #2846, #4529, .T. ) ;
#1405 = AXIS2_PLACEMENT_3D ( 'NONE', #951, #175, #597 ) ;
#1406 = LINE ( 'NONE', #263, #182 ) ;
#1407 = AXIS2_PLACEMENT_3D ( 'NONE', #701, #2852, #3943 ) ;
#1408 = CARTESIAN_POINT ( 'NONE',  ( 96.74999999999998579, 0.000000000000000000, 9.320000000000005613 ) ) ;
#1409 = EDGE_LOOP ( 'NONE', ( #1485, #1623, #2191, #721, #3532, #3735, #3688, #2617, #93, #4541, #1431, #1189 ) ) ;
#1410 = VERTEX_POINT ( 'NONE', #896 ) ;
#1411 = DIRECTION ( 'NONE',  ( 0.000000000000000000, 0.000000000000000000, -1.000000000000000000 ) ) ;
#1412 = EDGE_CURVE ( 'NONE', #1171, #4228, #259, .T. ) ;
#1413 = ORIENTED_EDGE ( 'NONE', *, *, #3775, .T. ) ;
#1414 = LINE ( 'NONE', #4562, #4531 ) ;
#1415 = CARTESIAN_POINT ( 'NONE',  ( 114.0000000000000000, 25.00000000000000000, 40.40000000000000568 ) ) ;
#1416 = EDGE_LOOP ( 'NONE', ( #3633, #3810, #3585, #2759 ) ) ;
#1417 = ORIENTED_EDGE ( 'NONE', *, *, #2529, .F. ) ;
#1418 = CARTESIAN_POINT ( 'NONE',  ( 0.000000000000000000, 4.000000000000000000, -14.00000000000000000 ) ) ;
#1419 = DIRECTION ( 'NONE',  ( 0.000000000000000000, 1.000000000000000000, -0.000000000000000000 ) ) ;
#1420 = ORIENTED_EDGE ( 'NONE', *, *, #2302, .F. ) ;
#1421 = FACE_BOUND ( 'NONE', #659, .T. ) ;
#1422 = DIRECTION ( 'NONE',  ( 0.000000000000000000, 0.000000000000000000, 1.000000000000000000 ) ) ;
#1423 = DIRECTION ( 'NONE',  ( 0.000000000000000000, 1.000000000000000000, 0.000000000000000000 ) ) ;
#1424 = CARTESIAN_POINT ( 'NONE',  ( 23.25000000000000711, 4.000000000000000000, -7.999999999999992895 ) ) ;
#1425 = CARTESIAN_POINT ( 'NONE',  ( 30.00000000000001066, 0.000000000000000000, 43.39999999999999858 ) ) ;
#1426 = ADVANCED_FACE ( 'NONE', ( #1991 ), #2349, .F. ) ;
#1427 = ORIENTED_EDGE ( 'NONE', *, *, #261, .F. ) ;
#1428 = CARTESIAN_POINT ( 'NONE',  ( 112.5000000000000000, 41.50000000000000000, -4.000000000000000000 ) ) ;
#1429 = LINE ( 'NONE', #1856, #1522 ) ;
#1430 = CARTESIAN_POINT ( 'NONE',  ( 58.12328995357655970, 8.000000000000000000, 0.000000000000000000 ) ) ;
#1431 = ORIENTED_EDGE ( 'NONE', *, *, #1046, .T. ) ;
#1432 = VERTEX_POINT ( 'NONE', #1306 ) ;
#1433 = DIRECTION ( 'NONE',  ( 0.000000000000000000, -1.000000000000000000, 0.000000000000000000 ) ) ;
#1434 = ORIENTED_EDGE ( 'NONE', *, *, #3796, .F. ) ;
#1435 = DIRECTION ( 'NONE',  ( 0.000000000000000000, 0.000000000000000000, 1.000000000000000000 ) ) ;
#1436 = CARTESIAN_POINT ( 'NONE',  ( 10.00000000000000533, 11.00000000000000000, 48.39999999999999858 ) ) ;
#1437 = CIRCLE ( 'NONE', #4148, 3.000000000000000888 ) ;
#1438 = VERTEX_POINT ( 'NONE', #2033 ) ;
#1439 = EDGE_CURVE ( 'NONE', #4105, #548, #2457, .T. ) ;
#1440 = VECTOR ( 'NONE', #4072, 1000.000000000000000 ) ;
#1441 = ORIENTED_EDGE ( 'NONE', *, *, #4453, .T. ) ;
#1442 = DIRECTION ( 'NONE',  ( 0.6567807448042018992, 0.7540815958863058555, 0.000000000000000000 ) ) ;
#1443 = CARTESIAN_POINT ( 'NONE',  ( 0.000000000000000000, 35.00000000000000000, -17.47392445807271955 ) ) ;
#1444 = VECTOR ( 'NONE', #3849, 1000.000000000000000 ) ;
#1445 = CARTESIAN_POINT ( 'NONE',  ( 86.75000000000000000, 4.000000000000003553, -11.00000000000000888 ) ) ;
#1446 = CYLINDRICAL_SURFACE ( 'NONE', #3104, 1.500000000000000000 ) ;
#1447 = ORIENTED_EDGE ( 'NONE', *, *, #136, .T. ) ;
#1448 = DIRECTION ( 'NONE',  ( -0.000000000000000000, -1.000000000000000000, 0.000000000000000000 ) ) ;
#1449 = DIRECTION ( 'NONE',  ( -0.6567807448042018992, -0.7540815958863058555, 0.000000000000000000 ) ) ;
#1450 = CARTESIAN_POINT ( 'NONE',  ( 101.0000000000000000, 35.00000000000000000, 52.40000000000000568 ) ) ;
#1451 = DIRECTION ( 'NONE',  ( 0.6567807448042018992, 0.7540815958863058555, 0.000000000000000000 ) ) ;
#1452 = CARTESIAN_POINT ( 'NONE',  ( 48.82366863905325971, 56.05680473372782302, -17.47392445807271955 ) ) ;
#1453 = CIRCLE ( 'NONE', #3502, 3.000000000000002665 ) ;
#1454 = VERTEX_POINT ( 'NONE', #3806 ) ;
#1455 = LINE ( 'NONE', #2887, #1079 ) ;
#1456 = CARTESIAN_POINT ( 'NONE',  ( 20.42157287525381903, 4.000000000000003553, -9.000000000000001776 ) ) ;
#1457 = ORIENTED_EDGE ( 'NONE', *, *, #3752, .T. ) ;
#1458 = DIRECTION ( 'NONE',  ( -0.000000000000000000, -1.000000000000000000, -0.000000000000000000 ) ) ;
#1459 = EDGE_LOOP ( 'NONE', ( #604, #3954, #991, #2058 ) ) ;
#1460 = VECTOR ( 'NONE', #2586, 1000.000000000000000 ) ;
#1461 = ORIENTED_EDGE ( 'NONE', *, *, #3445, .T. ) ;
#1462 = DIRECTION ( 'NONE',  ( 0.000000000000000000, 0.000000000000000000, -1.000000000000000000 ) ) ;
#1463 = ORIENTED_EDGE ( 'NONE', *, *, #2988, .T. ) ;
#1464 = CARTESIAN_POINT ( 'NONE',  ( 83.04287680467470523, 4.063750419805000291, 47.38262902462416548 ) ) ;
#1465 = VECTOR ( 'NONE', #3415, 1000.000000000000000 ) ;
#1466 = AXIS2_PLACEMENT_3D ( 'NONE', #1572, #3000, #1704 ) ;
#1467 = CARTESIAN_POINT ( 'NONE',  ( 82.89953900083880001, -29.97142273814360536, 37.47944680100656001 ) ) ;
#1468 = ADVANCED_FACE ( 'NONE', ( #4177 ), #1643, .F. ) ;
#1469 = VERTEX_POINT ( 'NONE', #2696 ) ;
#1470 = EDGE_CURVE ( 'NONE', #1988, #1664, #1659, .T. ) ;
#1471 = ORIENTED_EDGE ( 'NONE', *, *, #3426, .F. ) ;
#1472 = DIRECTION ( 'NONE',  ( 0.000000000000000000, -1.000000000000000000, 0.000000000000000000 ) ) ;
#1473 = EDGE_CURVE ( 'NONE', #3060, #4157, #662, .T. ) ;
#1474 = VECTOR ( 'NONE', #1248, 1000.000000000000000 ) ;
#1475 = CARTESIAN_POINT ( 'NONE',  ( 78.01217884246545964, 32.00000000000000000, 48.39999999999999858 ) ) ;
#1476 = VERTEX_POINT ( 'NONE', #603 ) ;
#1477 = EDGE_CURVE ( 'NONE', #1394, #3558, #1680, .T. ) ;
#1478 = CARTESIAN_POINT ( 'NONE',  ( 84.19978292202399928, 4.721145209042293622, -6.404050282380498338 ) ) ;
#1479 = CARTESIAN_POINT ( 'NONE',  ( 32.04183660805285427, 29.73775521234107444, 48.39999999999999858 ) ) ;
#1480 = CARTESIAN_POINT ( 'NONE',  ( 32.98782115753458299, 11.00000000000000000, 52.40000000000000568 ) ) ;
#1481 = CARTESIAN_POINT ( 'NONE',  ( 79.04183660805286138, 29.73775521234108510, -4.000000000000000000 ) ) ;
#1482 = CARTESIAN_POINT ( 'NONE',  ( 58.40512483795333054, 40.00000000000000000, 42.39999999999999858 ) ) ;
#1483 = DIRECTION ( 'NONE',  ( -0.000000000000000000, -0.000000000000000000, -1.000000000000000000 ) ) ;
#1484 = CARTESIAN_POINT ( 'NONE',  ( 0.000000000000000000, 4.000000000000000000, 0.000000000000000000 ) ) ;
#1485 = ORIENTED_EDGE ( 'NONE', *, *, #3605, .T. ) ;
#1486 = DIRECTION ( 'NONE',  ( -0.000000000000000000, -0.000000000000000000, -1.000000000000000000 ) ) ;
#1487 = VERTEX_POINT ( 'NONE', #1330 ) ;
#1488 = AXIS2_PLACEMENT_3D ( 'NONE', #3640, #445, #1517 ) ;
#1489 = ORIENTED_EDGE ( 'NONE', *, *, #2669, .T. ) ;
#1490 = DIRECTION ( 'NONE',  ( -0.000000000000000000, -0.000000000000000000, -1.000000000000000000 ) ) ;
#1491 = AXIS2_PLACEMENT_3D ( 'NONE', #542, #194, #2305 ) ;
#1492 = VECTOR ( 'NONE', #1065, 1000.000000000000000 ) ;
#1493 = EDGE_LOOP ( 'NONE', ( #118, #3689, #3038, #1296 ) ) ;
#1494 = DIRECTION ( 'NONE',  ( 0.000000000000000000, 0.000000000000000000, -1.000000000000000000 ) ) ;
#1495 = LINE ( 'NONE', #4366, #1696 ) ;
#1496 = ORIENTED_EDGE ( 'NONE', *, *, #503, .F. ) ;
#1497 = VECTOR ( 'NONE', #2831, 1000.000000000000000 ) ;
#1498 = EDGE_LOOP ( 'NONE', ( #2698, #92, #2315, #2269 ) ) ;
#1499 = CARTESIAN_POINT ( 'NONE',  ( 84.99999999999998579, -0.001000000000000132727, 0.000000000000000000 ) ) ;
#1500 = ADVANCED_FACE ( 'NONE', ( #3750 ), #529, .T. ) ;
#1501 = AXIS2_PLACEMENT_3D ( 'NONE', #323, #4641, #1743 ) ;
#1502 = CARTESIAN_POINT ( 'NONE',  ( 25.00000000000000000, 0.000000000000000000, 0.000000000000000000 ) ) ;
#1503 = ORIENTED_EDGE ( 'NONE', *, *, #2337, .T. ) ;
#1504 = CARTESIAN_POINT ( 'NONE',  ( 114.0000000000000000, 0.000000000000000000, -0.000000000000000000 ) ) ;
#1505 = DIRECTION ( 'NONE',  ( -1.000000000000000000, -0.000000000000000000, -0.000000000000000000 ) ) ;
#1506 = LINE ( 'NONE', #1157, #3410 ) ;
#1507 = EDGE_CURVE ( 'NONE', #2139, #367, #3519, .T. ) ;
#1508 = PLANE ( 'NONE',  #4612 ) ;
#1509 = FACE_OUTER_BOUND ( 'NONE', #3149, .T. ) ;
#1510 = DIRECTION ( 'NONE',  ( -1.000000000000000000, 0.000000000000000000, 0.000000000000000000 ) ) ;
#1511 = DIRECTION ( 'NONE',  ( -1.000000000000000000, 0.000000000000000000, 0.000000000000000000 ) ) ;
#1512 = VERTEX_POINT ( 'NONE', #4135 ) ;
#1513 = ORIENTED_EDGE ( 'NONE', *, *, #2590, .T. ) ;
#1514 = CARTESIAN_POINT ( 'NONE',  ( 81.92443197930755616, 8.699149584683221192, -4.007507258756288770 ) ) ;
#1515 = VERTEX_POINT ( 'NONE', #3947 ) ;
#1516 = CARTESIAN_POINT ( 'NONE',  ( 89.59393989492191679, 4.399571340934171459, -7.037501955506475504 ) ) ;
#1517 = DIRECTION ( 'NONE',  ( 0.000000000000000000, 0.000000000000000000, -1.000000000000000000 ) ) ;
#1518 = ORIENTED_EDGE ( 'NONE', *, *, #136, .F. ) ;
#1519 = ORIENTED_EDGE ( 'NONE', *, *, #593, .T. ) ;
#1520 = LINE ( 'NONE', #794, #2691 ) ;
#1521 = CIRCLE ( 'NONE', #2274, 3.000000000000002665 ) ;
#1522 = VECTOR ( 'NONE', #2162, 1000.000000000000000 ) ;
#1523 = DIRECTION ( 'NONE',  ( -0.6401843996644799306, 0.000000000000000000, -0.7682212795973757391 ) ) ;
#1524 = AXIS2_PLACEMENT_3D ( 'NONE', #332, #3158, #1075 ) ;
#1525 = ORIENTED_EDGE ( 'NONE', *, *, #1311, .T. ) ;
#1526 = FACE_OUTER_BOUND ( 'NONE', #3932, .T. ) ;
#1527 = DIRECTION ( 'NONE',  ( 0.000000000000000000, 1.000000000000000000, -0.000000000000000000 ) ) ;
#1528 = DIRECTION ( 'NONE',  ( 0.7540815958863057444, -0.6567807448042017882, 0.000000000000000000 ) ) ;
#1529 = ADVANCED_FACE ( 'NONE', ( #3868 ), #3847, .F. ) ;
#1530 = EDGE_CURVE ( 'NONE', #2263, #1358, #889, .T. ) ;
#1531 = DIRECTION ( 'NONE',  ( 1.000000000000000000, 0.000000000000000000, -0.000000000000000000 ) ) ;
#1532 = CYLINDRICAL_SURFACE ( 'NONE', #450, 5.000000000000000000 ) ;
#1533 = CARTESIAN_POINT ( 'NONE',  ( 0.000000000000000000, 4.000000000000000000, 0.000000000000000000 ) ) ;
#1534 = EDGE_CURVE ( 'NONE', #2041, #2069, #2158, .T. ) ;
#1535 = CARTESIAN_POINT ( 'NONE',  ( 35.98782115753458299, 11.00000000000000000, -4.000000000000000000 ) ) ;
#1536 = ORIENTED_EDGE ( 'NONE', *, *, #4622, .F. ) ;
#1537 = ORIENTED_EDGE ( 'NONE', *, *, #2468, .T. ) ;
#1538 = CARTESIAN_POINT ( 'NONE',  ( 13.25000000000000888, 40.00000000000000711, 9.320000000000016271 ) ) ;
#1539 = ORIENTED_EDGE ( 'NONE', *, *, #593, .F. ) ;
#1540 = DIRECTION ( 'NONE',  ( -1.000000000000000000, 0.000000000000000000, 0.000000000000000000 ) ) ;
#1541 = EDGE_CURVE ( 'NONE', #2447, #3756, #308, .T. ) ;
#1542 = DIRECTION ( 'NONE',  ( 0.000000000000000000, 0.000000000000000000, -1.000000000000000000 ) ) ;
#1543 = VECTOR ( 'NONE', #3161, 1000.000000000000000 ) ;
#1544 = ORIENTED_EDGE ( 'NONE', *, *, #2705, .F. ) ;
#1545 = ORIENTED_EDGE ( 'NONE', *, *, #1534, .T. ) ;
#1546 = LINE ( 'NONE', #2627, #3976 ) ;
#1547 = VECTOR ( 'NONE', #3897, 1000.000000000000000 ) ;
#1548 = AXIS2_PLACEMENT_3D ( 'NONE', #1813, #399, #2221 ) ;
#1549 = DIRECTION ( 'NONE',  ( 0.000000000000000000, 0.000000000000000000, -1.000000000000000000 ) ) ;
#1550 = PLANE ( 'NONE',  #1722 ) ;
#1551 = CARTESIAN_POINT ( 'NONE',  ( 29.68553090282825480, 5.327758614908319146, 0.007433535123142769215 ) ) ;
#1552 = FACE_OUTER_BOUND ( 'NONE', #551, .T. ) ;
#1553 = CARTESIAN_POINT ( 'NONE',  ( 100.0000000000000000, 40.00000000000000000, -4.000000000000000000 ) ) ;
#1554 = LINE ( 'NONE', #2936, #3515 ) ;
#1555 = EDGE_CURVE ( 'NONE', #1721, #1123, #1323, .T. ) ;
#1556 = CARTESIAN_POINT ( 'NONE',  ( 10.00000000000000533, 11.00000000000000000, -17.47392445807271955 ) ) ;
#1557 = CARTESIAN_POINT ( 'NONE',  ( 86.75000000000000000, 0.000000000000000000, -9.600000000000004974 ) ) ;
#1558 = VERTEX_POINT ( 'NONE', #3551 ) ;
#1559 = CARTESIAN_POINT ( 'NONE',  ( 32.98782115753458299, 11.00000000000000000, 0.000000000000000000 ) ) ;
#1560 = EDGE_CURVE ( 'NONE', #4147, #1192, #1038, .T. ) ;
#1561 = ORIENTED_EDGE ( 'NONE', *, *, #4281, .T. ) ;
#1562 = LINE ( 'NONE', #918, #1754 ) ;
#1563 = DIRECTION ( 'NONE',  ( 0.000000000000000000, -1.000000000000000000, 0.000000000000000000 ) ) ;
#1564 = DIRECTION ( 'NONE',  ( -0.000000000000000000, -1.000000000000000000, 0.000000000000000000 ) ) ;
#1565 = VERTEX_POINT ( 'NONE', #1375 ) ;
#1566 = ORIENTED_EDGE ( 'NONE', *, *, #862, .T. ) ;
#1567 = EDGE_CURVE ( 'NONE', #9, #1785, #156, .T. ) ;
#1568 = DIRECTION ( 'NONE',  ( 0.000000000000000000, 1.000000000000000000, 0.000000000000000000 ) ) ;
#1569 = VECTOR ( 'NONE', #3330, 1000.000000000000000 ) ;
#1570 = CIRCLE ( 'NONE', #1032, 3.000000000000002665 ) ;
#1571 = CYLINDRICAL_SURFACE ( 'NONE', #2129, 5.000000000000000000 ) ;
#1572 = CARTESIAN_POINT ( 'NONE',  ( 108.5000000000000000, 38.50000000000000000, 1.500000000000000000 ) ) ;
#1573 = DIRECTION ( 'NONE',  ( 0.000000000000000000, 1.000000000000000000, 0.000000000000000000 ) ) ;
#1574 = CARTESIAN_POINT ( 'NONE',  ( 27.53649369535557412, 4.255875169796894397, 0.6351895936726371650 ) ) ;
#1575 = CARTESIAN_POINT ( 'NONE',  ( 110.0000000000000000, 4.000000000000000000, 46.89999999999999858 ) ) ;
#1576 = LINE ( 'NONE', #3564, #4193 ) ;
#1577 = DIRECTION ( 'NONE',  ( -1.000000000000000000, 3.469446951953611033E-15, 0.000000000000000000 ) ) ;
#1578 = CARTESIAN_POINT ( 'NONE',  ( 20.00000000000000000, 4.000000000000000000, -14.00000000000000000 ) ) ;
#1579 = CARTESIAN_POINT ( 'NONE',  ( 81.02050540199097384, 8.175558581940508773, -4.067681255811457675 ) ) ;
#1580 = ORIENTED_EDGE ( 'NONE', *, *, #1280, .T. ) ;
#1581 = CARTESIAN_POINT ( 'NONE',  ( 13.00000000000000533, 28.40874745978818083, -17.47392445807271955 ) ) ;
#1582 = DIRECTION ( 'NONE',  ( 0.000000000000000000, -1.000000000000000000, 0.000000000000000000 ) ) ;
#1583 = LINE ( 'NONE', #202, #713 ) ;
#1584 = VERTEX_POINT ( 'NONE', #2132 ) ;
#1585 = ADVANCED_FACE ( 'NONE', ( #625 ), #4201, .F. ) ;
#1586 = PRODUCT_DEFINITION ( 'æœ', '', #2340, #2185 ) ;
#1587 = DIRECTION ( 'NONE',  ( -1.000000000000000000, 0.000000000000000000, 0.000000000000000000 ) ) ;
#1588 = EDGE_CURVE ( 'NONE', #1584, #3558, #387, .T. ) ;
#1589 = VERTEX_POINT ( 'NONE', #283 ) ;
#1590 = PRODUCT_CONTEXT ( 'NONE', #744, 'mechanical' ) ;
#1591 = CARTESIAN_POINT ( 'NONE',  ( 34.95816339194718836, 13.26224478765890957, -4.000000000000000000 ) ) ;
#1592 = PLANE ( 'NONE',  #1979 ) ;
#1593 = CIRCLE ( 'NONE', #985, 3.000000000000007994 ) ;
#1594 = DIRECTION ( 'NONE',  ( 1.000000000000000000, 0.000000000000000000, -0.000000000000000000 ) ) ;
#1595 = VECTOR ( 'NONE', #2010, 1000.000000000000000 ) ;
#1596 = CARTESIAN_POINT ( 'NONE',  ( 98.99999999999998579, 40.00000000000000000, 6.400000000000003020 ) ) ;
#1597 = ORIENTED_EDGE ( 'NONE', *, *, #2568, .F. ) ;
#1598 = CIRCLE ( 'NONE', #485, 3.000000000000002665 ) ;
#1599 = LINE ( 'NONE', #3821, #1152 ) ;
#1600 = CARTESIAN_POINT ( 'NONE',  ( 22.04129334905341508, 5.694932816291273348, -5.244882820887819541 ) ) ;
#1601 = CARTESIAN_POINT ( 'NONE',  ( 100.0000000000000000, 0.000000000000000000, -9.000000000000001776 ) ) ;
#1602 = EDGE_LOOP ( 'NONE', ( #2745, #4123, #1686, #4532 ) ) ;
#1603 = DIRECTION ( 'NONE',  ( -0.000000000000000000, 1.000000000000000000, -0.000000000000000000 ) ) ;
#1604 = CARTESIAN_POINT ( 'NONE',  ( 30.00000000000000355, 4.000000000000000000, 5.000000000000000000 ) ) ;
#1605 = ORIENTED_EDGE ( 'NONE', *, *, #3087, .T. ) ;
#1606 = ORIENTED_EDGE ( 'NONE', *, *, #2475, .T. ) ;
#1607 = CARTESIAN_POINT ( 'NONE',  ( 90.00000000000000000, 0.000000000000000000, -9.000000000000001776 ) ) ;
#1608 = ORIENTED_EDGE ( 'NONE', *, *, #2031, .F. ) ;
#1609 = EDGE_CURVE ( 'NONE', #1386, #1123, #3139, .T. ) ;
#1610 = VECTOR ( 'NONE', #1240, 1000.000000000000000 ) ;
#1611 = EDGE_CURVE ( 'NONE', #3108, #1883, #1352, .T. ) ;
#1612 = VERTEX_POINT ( 'NONE', #32 ) ;
#1613 = AXIS2_PLACEMENT_3D ( 'NONE', #2142, #989, #4259 ) ;
#1614 = EDGE_CURVE ( 'NONE', #313, #2332, #3895, .T. ) ;
#1615 = DIRECTION ( 'NONE',  ( 0.000000000000000000, 0.000000000000000000, -1.000000000000000000 ) ) ;
#1616 = CARTESIAN_POINT ( 'NONE',  ( 70.26638702559253602, 33.00000000000000000, 16.00000000000000000 ) ) ;
#1617 = VECTOR ( 'NONE', #3188, 1000.000000000000000 ) ;
#1618 = ADVANCED_FACE ( 'NONE', ( #1800 ), #3189, .T. ) ;
#1619 = DIRECTION ( 'NONE',  ( -0.000000000000000000, -0.000000000000000000, 1.000000000000000000 ) ) ;
#1620 = CARTESIAN_POINT ( 'NONE',  ( 84.99999999999998579, 4.000000000000000000, 5.000000000000000000 ) ) ;
#1621 = CARTESIAN_POINT ( 'NONE',  ( 21.45684110693019875, 5.343266554810666591, -5.584475693802501084 ) ) ;
#1622 = DIRECTION ( 'NONE',  ( 0.000000000000000000, 0.000000000000000000, 1.000000000000000000 ) ) ;
#1623 = ORIENTED_EDGE ( 'NONE', *, *, #3936, .T. ) ;
#1624 = CARTESIAN_POINT ( 'NONE',  ( 0.000000000000000000, 0.000000000000000000, 0.000000000000000000 ) ) ;
#1625 = DIRECTION ( 'NONE',  ( -0.000000000000000000, -0.000000000000000000, 1.000000000000000000 ) ) ;
#1626 = ORIENTED_EDGE ( 'NONE', *, *, #2625, .F. ) ;
#1627 = ORIENTED_EDGE ( 'NONE', *, *, #2302, .T. ) ;
#1628 = DIRECTION ( 'NONE',  ( -0.000000000000000000, -1.000000000000000000, -0.000000000000000000 ) ) ;
#1629 = ORIENTED_EDGE ( 'NONE', *, *, #2934, .T. ) ;
#1630 = VERTEX_POINT ( 'NONE', #980 ) ;
#1631 = EDGE_CURVE ( 'NONE', #555, #591, #2321, .T. ) ;
#1632 = AXIS2_PLACEMENT_3D ( 'NONE', #1673, #2753, #996 ) ;
#1633 = AXIS2_PLACEMENT_3D ( 'NONE', #3404, #3781, #4066 ) ;
#1634 = CARTESIAN_POINT ( 'NONE',  ( 17.30466383879211989, 40.00000000000000000, 12.76559660655055062 ) ) ;
#1635 = EDGE_CURVE ( 'NONE', #2638, #2205, #1122, .T. ) ;
#1636 = AXIS2_PLACEMENT_3D ( 'NONE', #4298, #336, #1727 ) ;
#1637 = EDGE_CURVE ( 'NONE', #4219, #3903, #1401, .T. ) ;
#1638 = CARTESIAN_POINT ( 'NONE',  ( 13.25000000000000888, 2.000000000000000000, 9.320000000000016271 ) ) ;
#1639 = CARTESIAN_POINT ( 'NONE',  ( 104.0000000000000142, 32.00000000000000000, 0.000000000000000000 ) ) ;
#1640 = DIRECTION ( 'NONE',  ( -1.000000000000000000, -2.312964634635743450E-15, 0.000000000000000000 ) ) ;
#1641 = ADVANCED_FACE ( 'NONE', ( #4355 ), #1135, .F. ) ;
#1642 = CIRCLE ( 'NONE', #3522, 2.999999999999999112 ) ;
#1643 = CYLINDRICAL_SURFACE ( 'NONE', #1940, 3.000000000000002665 ) ;
#1644 = ORIENTED_EDGE ( 'NONE', *, *, #3669, .F. ) ;
#1645 = CYLINDRICAL_SURFACE ( 'NONE', #3084, 8.000000000000000000 ) ;
#1646 = DIRECTION ( 'NONE',  ( 0.000000000000000000, 0.000000000000000000, 1.000000000000000000 ) ) ;
#1647 = ORIENTED_EDGE ( 'NONE', *, *, #892, .F. ) ;
#1648 = DIRECTION ( 'NONE',  ( -0.000000000000000000, -1.000000000000000000, -0.000000000000000000 ) ) ;
#1649 = ORIENTED_EDGE ( 'NONE', *, *, #3982, .F. ) ;
#1650 = ORIENTED_EDGE ( 'NONE', *, *, #87, .F. ) ;
#1651 = DIRECTION ( 'NONE',  ( 0.000000000000000000, 1.000000000000000000, -0.000000000000000000 ) ) ;
#1652 = DIRECTION ( 'NONE',  ( 0.000000000000000000, 0.000000000000000000, 1.000000000000000000 ) ) ;
#1653 = CARTESIAN_POINT ( 'NONE',  ( 81.01217884246545964, 32.00000000000000000, -17.47392445807271955 ) ) ;
#1654 = EDGE_CURVE ( 'NONE', #3880, #974, #1159, .T. ) ;
#1655 = CARTESIAN_POINT ( 'NONE',  ( 86.75000000000000000, 2.000000000000000000, -8.000000000000000000 ) ) ;
#1656 = AXIS2_PLACEMENT_3D ( 'NONE', #1724, #3449, #3185 ) ;
#1657 = AXIS2_PLACEMENT_3D ( 'NONE', #2592, #2238, #805 ) ;
#1658 = AXIS2_PLACEMENT_3D ( 'NONE', #3922, #4554, #3095 ) ;
#1659 = LINE ( 'NONE', #198, #4559 ) ;
#1660 = ORIENTED_EDGE ( 'NONE', *, *, #2096, .F. ) ;
#1661 = CARTESIAN_POINT ( 'NONE',  ( 0.000000000000000000, 35.00000000000000000, -17.47392445807271955 ) ) ;
#1662 = CARTESIAN_POINT ( 'NONE',  ( 13.00000000000000533, 11.00000000000000000, 48.39999999999999858 ) ) ;
#1663 = ORIENTED_EDGE ( 'NONE', *, *, #4415, .T. ) ;
#1664 = VERTEX_POINT ( 'NONE', #1879 ) ;
#1665 = LINE ( 'NONE', #186, #3584 ) ;
#1666 = EDGE_CURVE ( 'NONE', #1288, #2192, #3342, .T. ) ;
#1667 = ORIENTED_EDGE ( 'NONE', *, *, #2272, .T. ) ;
#1668 = ORIENTED_EDGE ( 'NONE', *, *, #2166, .T. ) ;
#1669 = CIRCLE ( 'NONE', #1675, 1.500000000000000000 ) ;
#1670 = ORIENTED_EDGE ( 'NONE', *, *, #4427, .T. ) ;
#1671 = CARTESIAN_POINT ( 'NONE',  ( 23.25000000000000711, 0.000000000000000000, -7.999999999999992895 ) ) ;
#1672 = CIRCLE ( 'NONE', #1303, 2.999999999999999112 ) ;
#1673 = CARTESIAN_POINT ( 'NONE',  ( 108.5000000000000000, 5.499999999999998224, 1.500000000000000000 ) ) ;
#1674 = VERTEX_POINT ( 'NONE', #1482 ) ;
#1675 = AXIS2_PLACEMENT_3D ( 'NONE', #4249, #2858, #3949 ) ;
#1676 = VECTOR ( 'NONE', #1918, 1000.000000000000000 ) ;
#1677 = DIRECTION ( 'NONE',  ( 0.000000000000000000, 0.000000000000000000, -1.000000000000000000 ) ) ;
#1678 = CARTESIAN_POINT ( 'NONE',  ( 110.0000000000000000, 10.00000000000000000, 0.000000000000000000 ) ) ;
#1679 = LINE ( 'NONE', #4575, #3420 ) ;
#1680 = LINE ( 'NONE', #3050, #1703 ) ;
#1681 = EDGE_CURVE ( 'NONE', #1356, #313, #2155, .T. ) ;
#1682 = ORIENTED_EDGE ( 'NONE', *, *, #3422, .F. ) ;
#1683 = FACE_OUTER_BOUND ( 'NONE', #2954, .T. ) ;
#1684 = CARTESIAN_POINT ( 'NONE',  ( 13.25000000000000888, 4.000000000000000000, 9.320000000000016271 ) ) ;
#1685 = CIRCLE ( 'NONE', #2299, 3.000000000000002665 ) ;
#1686 = ORIENTED_EDGE ( 'NONE', *, *, #2957, .F. ) ;
#1687 = EDGE_LOOP ( 'NONE', ( #4167, #2583, #1831 ) ) ;
#1688 = ADVANCED_FACE ( 'NONE', ( #4327 ), #3624, .T. ) ;
#1689 = LINE ( 'NONE', #3830, #2901 ) ;
#1690 = ORIENTED_EDGE ( 'NONE', *, *, #1311, .F. ) ;
#1691 = CARTESIAN_POINT ( 'NONE',  ( 56.10046099916118578, 43.00000000000000000, 41.32055319899343004 ) ) ;
#1692 = EDGE_LOOP ( 'NONE', ( #1890, #4414, #1822, #4210, #4303, #2800, #2768, #4572 ) ) ;
#1693 = ORIENTED_EDGE ( 'NONE', *, *, #3798, .F. ) ;
#1694 = EDGE_CURVE ( 'NONE', #3609, #2189, #2284, .T. ) ;
#1695 = CARTESIAN_POINT ( 'NONE',  ( 26.95711744132688636, 4.063749109052358754, 47.38262435081258417 ) ) ;
#1696 = VECTOR ( 'NONE', #1146, 1000.000000000000000 ) ;
#1697 = AXIS2_PLACEMENT_3D ( 'NONE', #3364, #1827, #484 ) ;
#1698 = DIRECTION ( 'NONE',  ( -0.000000000000000000, 0.000000000000000000, 1.000000000000000000 ) ) ;
#1699 = AXIS2_PLACEMENT_3D ( 'NONE', #2820, #3959, #4260 ) ;
#1700 = ORIENTED_EDGE ( 'NONE', *, *, #695, .T. ) ;
#1701 = DIRECTION ( 'NONE',  ( 0.000000000000000000, 0.000000000000000000, 1.000000000000000000 ) ) ;
#1702 = CARTESIAN_POINT ( 'NONE',  ( 96.74999999999998579, 4.000000000000003553, 9.320000000000005613 ) ) ;
#1703 = VECTOR ( 'NONE', #3112, 1000.000000000000000 ) ;
#1704 = DIRECTION ( 'NONE',  ( 0.000000000000000000, 0.000000000000000000, 1.000000000000000000 ) ) ;
#1705 = CARTESIAN_POINT ( 'NONE',  ( 25.00000000000000000, 4.000000000000000000, 5.000000000000000888 ) ) ;
#1706 = ORIENTED_EDGE ( 'NONE', *, *, #8, .T. ) ;
#1707 = LINE ( 'NONE', #3141, #4590 ) ;
#1708 = CARTESIAN_POINT ( 'NONE',  ( 78.40512483795330922, 40.00000000000000000, 9.400000000000005684 ) ) ;
#1709 = ORIENTED_EDGE ( 'NONE', *, *, #3508, .F. ) ;
#1710 = EDGE_LOOP ( 'NONE', ( #2134, #3485, #2754, #3882 ) ) ;
#1711 = CARTESIAN_POINT ( 'NONE',  ( 30.00000000000001066, 5.500000000000000000, 48.39999999999999858 ) ) ;
#1712 = ORIENTED_EDGE ( 'NONE', *, *, #2805, .T. ) ;
#1713 = DIRECTION ( 'NONE',  ( -1.000000000000000000, 0.000000000000000000, 0.000000000000000000 ) ) ;
#1714 = VERTEX_POINT ( 'NONE', #413 ) ;
#1715 = EDGE_CURVE ( 'NONE', #294, #4206, #2566, .T. ) ;
#1716 = ORIENTED_EDGE ( 'NONE', *, *, #2722, .T. ) ;
#1717 = ORIENTED_EDGE ( 'NONE', *, *, #4453, .F. ) ;
#1718 = FACE_OUTER_BOUND ( 'NONE', #1172, .T. ) ;
#1719 = EDGE_CURVE ( 'NONE', #4386, #3176, #4424, .T. ) ;
#1720 = LINE ( 'NONE', #1048, #4262 ) ;
#1721 = VERTEX_POINT ( 'NONE', #2912 ) ;
#1722 = AXIS2_PLACEMENT_3D ( 'NONE', #153, #4437, #83 ) ;
#1723 = FACE_BOUND ( 'NONE', #3373, .T. ) ;
#1724 = CARTESIAN_POINT ( 'NONE',  ( 0.000000000000000000, 8.000000000000000000, -17.47392445807271955 ) ) ;
#1725 = DIRECTION ( 'NONE',  ( -0.000000000000000000, -0.000000000000000000, 1.000000000000000000 ) ) ;
#1726 = CARTESIAN_POINT ( 'NONE',  ( 70.26638702559253602, 33.00000000000000000, 0.000000000000000000 ) ) ;
#1727 = DIRECTION ( 'NONE',  ( 0.000000000000000000, 0.000000000000000000, 1.000000000000000000 ) ) ;
#1728 = ORIENTED_EDGE ( 'NONE', *, *, #426, .T. ) ;
#1729 = CARTESIAN_POINT ( 'NONE',  ( 11.99999999999999645, 43.00000000000000000, -1.734723475976806897E-15 ) ) ;
#1730 = DIRECTION ( 'NONE',  ( 0.000000000000000000, -0.000000000000000000, -1.000000000000000000 ) ) ;
#1731 = CARTESIAN_POINT ( 'NONE',  ( 11.96543496208172641, 8.176248042582404452, -4.067563961936953909 ) ) ;
#1732 = AXIS2_PLACEMENT_3D ( 'NONE', #4133, #911, #2347 ) ;
#1733 = ORIENTED_EDGE ( 'NONE', *, *, #4217, .F. ) ;
#1734 = CIRCLE ( 'NONE', #694, 1.500000000000001332 ) ;
#1735 = ORIENTED_EDGE ( 'NONE', *, *, #1507, .F. ) ;
#1736 = FACE_OUTER_BOUND ( 'NONE', #3051, .T. ) ;
#1737 = VECTOR ( 'NONE', #1807, 1000.000000000000000 ) ;
#1738 = ORIENTED_EDGE ( 'NONE', *, *, #3911, .F. ) ;
#1739 = CARTESIAN_POINT ( 'NONE',  ( 87.00589075561403263, 5.988954836817032223, -5.008217940644533961 ) ) ;
#1740 = LINE ( 'NONE', #856, #736 ) ;
#1741 = EDGE_LOOP ( 'NONE', ( #3482, #728, #1597, #3079 ) ) ;
#1742 = ORIENTED_EDGE ( 'NONE', *, *, #970, .T. ) ;
#1743 = DIRECTION ( 'NONE',  ( 0.000000000000000000, 0.000000000000000000, 1.000000000000000000 ) ) ;
#1744 = EDGE_CURVE ( 'NONE', #3744, #4455, #60, .T. ) ;
#1745 = EDGE_CURVE ( 'NONE', #4385, #2416, #88, .T. ) ;
#1746 = LINE ( 'NONE', #617, #4553 ) ;
#1747 = ORIENTED_EDGE ( 'NONE', *, *, #667, .F. ) ;
#1748 = DIRECTION ( 'NONE',  ( 0.000000000000000000, 0.000000000000000000, -1.000000000000000000 ) ) ;
#1749 = CARTESIAN_POINT ( 'NONE',  ( 110.0000000000000000, 5.499999999999998224, 1.500000000000000000 ) ) ;
#1750 = DIRECTION ( 'NONE',  ( -1.000000000000000000, 0.000000000000000000, 0.000000000000000000 ) ) ;
#1751 = ADVANCED_FACE ( 'NONE', ( #1509, #3999 ), #778, .F. ) ;
#1752 = CARTESIAN_POINT ( 'NONE',  ( 0.000000000000000000, 8.000000000000000000, -4.101020514433644237 ) ) ;
#1753 = CARTESIAN_POINT ( 'NONE',  ( 114.0000000000000000, 18.00000000000000355, 32.40000000000000568 ) ) ;
#1754 = VECTOR ( 'NONE', #1993, 1000.000000000000114 ) ;
#1755 = EDGE_LOOP ( 'NONE', ( #1792, #226, #936, #3075 ) ) ;
#1756 = DIRECTION ( 'NONE',  ( -1.224646799147349509E-16, 0.000000000000000000, -1.000000000000000000 ) ) ;
#1757 = LINE ( 'NONE', #3554, #3020 ) ;
#1758 = DIRECTION ( 'NONE',  ( 0.000000000000000000, 0.000000000000000000, 1.000000000000000000 ) ) ;
#1759 = EDGE_LOOP ( 'NONE', ( #441, #3077, #1650, #1867, #168 ) ) ;
#1760 = ORIENTED_EDGE ( 'NONE', *, *, #1609, .T. ) ;
#1761 = CARTESIAN_POINT ( 'NONE',  ( 86.75000000000000000, 40.00000000000000711, -11.00000000000000888 ) ) ;
#1762 = EDGE_LOOP ( 'NONE', ( #2068, #3666, #1649, #4060 ) ) ;
#1763 = CARTESIAN_POINT ( 'NONE',  ( 58.40512483795333054, 43.00000000000000000, 42.39999999999999858 ) ) ;
#1764 = PLANE ( 'NONE',  #74 ) ;
#1765 = VERTEX_POINT ( 'NONE', #3653 ) ;
#1766 = VERTEX_POINT ( 'NONE', #437 ) ;
#1767 = CARTESIAN_POINT ( 'NONE',  ( 58.40512483795333054, 43.00000000000000000, 39.39999999999999858 ) ) ;
#1768 = EDGE_CURVE ( 'NONE', #3455, #1674, #3975, .T. ) ;
#1769 = CARTESIAN_POINT ( 'NONE',  ( 25.00000000000000711, 4.000000000000000000, 43.39999999999999858 ) ) ;
#1770 = ORIENTED_EDGE ( 'NONE', *, *, #1373, .T. ) ;
#1771 = DIRECTION ( 'NONE',  ( -1.000000000000000000, 0.000000000000000000, -0.000000000000000000 ) ) ;
#1772 = DIRECTION ( 'NONE',  ( 1.000000000000000000, 0.000000000000000000, -1.224646799147352961E-16 ) ) ;
#1773 = CARTESIAN_POINT ( 'NONE',  ( 96.74999999999998579, 40.00000000000000711, 6.319999999999997620 ) ) ;
#1774 = EDGE_CURVE ( 'NONE', #3255, #1275, #1554, .T. ) ;
#1775 = EDGE_CURVE ( 'NONE', #2667, #3662, #3677, .T. ) ;
#1776 = LINE ( 'NONE', #2758, #4238 ) ;
#1777 = AXIS2_PLACEMENT_3D ( 'NONE', #4522, #3464, #319 ) ;
#1778 = DIRECTION ( 'NONE',  ( -0.7540815958863057444, 0.6567807448042017882, 0.000000000000000000 ) ) ;
#1779 = VERTEX_POINT ( 'NONE', #111 ) ;
#1780 = DIRECTION ( 'NONE',  ( -1.000000000000000000, 0.000000000000000000, 0.000000000000000000 ) ) ;
#1781 = AXIS2_PLACEMENT_3D ( 'NONE', #1107, #2184, #2611 ) ;
#1782 = DIRECTION ( 'NONE',  ( 0.000000000000000000, 1.000000000000000000, -0.000000000000000000 ) ) ;
#1783 = ADVANCED_FACE ( 'NONE', ( #4069 ), #1532, .F. ) ;
#1784 = CARTESIAN_POINT ( 'NONE',  ( 14.99999999999999822, 43.00000000000000000, 14.68614980554399096 ) ) ;
#1785 = VERTEX_POINT ( 'NONE', #3699 ) ;
#1786 = ORIENTED_EDGE ( 'NONE', *, *, #3279, .T. ) ;
#1787 = CARTESIAN_POINT ( 'NONE',  ( 30.00000000000000355, -0.001000000000000132727, 5.000000000000000000 ) ) ;
#1788 = EDGE_LOOP ( 'NONE', ( #1738, #2542, #3165, #18 ) ) ;
#1789 = CARTESIAN_POINT ( 'NONE',  ( 86.75000000000000000, 6.000000000000012434, -4.999999999999992006 ) ) ;
#1790 = CARTESIAN_POINT ( 'NONE',  ( 79.04183660805284717, 29.73775521234108510, 52.40000000000000568 ) ) ;
#1791 = ORIENTED_EDGE ( 'NONE', *, *, #241, .T. ) ;
#1792 = ORIENTED_EDGE ( 'NONE', *, *, #1555, .F. ) ;
#1793 = CARTESIAN_POINT ( 'NONE',  ( 41.92189349112426555, 48.13254437869824187, -17.47392445807271955 ) ) ;
#1794 = CARTESIAN_POINT ( 'NONE',  ( 23.25000000000000711, 2.000000000000000000, -7.999999999999992895 ) ) ;
#1795 = ORIENTED_EDGE ( 'NONE', *, *, #2847, .F. ) ;
#1796 = PLANE ( 'NONE',  #3011 ) ;
#1797 = CARTESIAN_POINT ( 'NONE',  ( 57.84705228083608830, 34.26224478765892201, 0.000000000000000000 ) ) ;
#1798 = CARTESIAN_POINT ( 'NONE',  ( 34.01217884246545964, 32.00000000000000000, -4.000000000000000000 ) ) ;
#1799 = DIRECTION ( 'NONE',  ( 0.000000000000000000, 0.000000000000000000, 1.000000000000000000 ) ) ;
#1800 = FACE_OUTER_BOUND ( 'NONE', #3323, .T. ) ;
#1801 = EDGE_CURVE ( 'NONE', #4535, #3803, #1902, .T. ) ;
#1802 = EDGE_CURVE ( 'NONE', #4455, #555, #3466, .T. ) ;
#1803 = ORIENTED_EDGE ( 'NONE', *, *, #2597, .T. ) ;
#1804 = CARTESIAN_POINT ( 'NONE',  ( 56.05266305724754261, 8.825099917881196632, -4.002294516121946089 ) ) ;
#1805 = DIRECTION ( 'NONE',  ( 0.000000000000000000, 1.000000000000000000, -0.000000000000000000 ) ) ;
#1806 = VERTEX_POINT ( 'NONE', #4481 ) ;
#1807 = DIRECTION ( 'NONE',  ( -1.000000000000000000, -0.000000000000000000, -0.000000000000000000 ) ) ;
#1808 = ORIENTED_EDGE ( 'NONE', *, *, #4486, .F. ) ;
#1809 = AXIS2_PLACEMENT_3D ( 'NONE', #3865, #1023, #3545 ) ;
#1810 = ORIENTED_EDGE ( 'NONE', *, *, #622, .T. ) ;
#1811 = DIRECTION ( 'NONE',  ( -1.000000000000000000, 0.000000000000000000, 0.000000000000000000 ) ) ;
#1812 = EDGE_LOOP ( 'NONE', ( #2732, #2524, #683, #1096 ) ) ;
#1813 = CARTESIAN_POINT ( 'NONE',  ( 0.000000000000000000, 38.50000000000000000, 46.89999999999999858 ) ) ;
#1814 = FACE_OUTER_BOUND ( 'NONE', #1833, .T. ) ;
#1815 = AXIS2_PLACEMENT_3D ( 'NONE', #1904, #828, #3344 ) ;
#1816 = VERTEX_POINT ( 'NONE', #3024 ) ;
#1817 = VERTEX_POINT ( 'NONE', #909 ) ;
#1818 = EDGE_CURVE ( 'NONE', #1816, #3431, #1279, .T. ) ;
#1819 = PLANE ( 'NONE',  #3687 ) ;
#1820 = AXIS2_PLACEMENT_3D ( 'NONE', #3114, #3476, #2836 ) ;
#1821 = DIRECTION ( 'NONE',  ( 0.000000000000000000, 0.000000000000000000, 1.000000000000000000 ) ) ;
#1822 = ORIENTED_EDGE ( 'NONE', *, *, #2117, .T. ) ;
#1823 = LINE ( 'NONE', #3289, #3459 ) ;
#1824 = CARTESIAN_POINT ( 'NONE',  ( 20.00000000000000000, 0.000000000000000000, -14.00000000000000000 ) ) ;
#1825 = FACE_OUTER_BOUND ( 'NONE', #369, .T. ) ;
#1826 = CARTESIAN_POINT ( 'NONE',  ( 108.5000000000000000, 5.499999999999998224, 1.500000000000000000 ) ) ;
#1827 = DIRECTION ( 'NONE',  ( 0.000000000000000000, -1.000000000000000000, 0.000000000000000000 ) ) ;
#1828 = ORIENTED_EDGE ( 'NONE', *, *, #2087, .T. ) ;
#1829 = LINE ( 'NONE', #901, #1465 ) ;
#1830 = CARTESIAN_POINT ( 'NONE',  ( 20.27051700555995239, 4.189967687807274466, -7.629036674920769201 ) ) ;
#1831 = ORIENTED_EDGE ( 'NONE', *, *, #1002, .F. ) ;
#1832 = DIRECTION ( 'NONE',  ( 0.000000000000000000, 0.000000000000000000, 1.000000000000000000 ) ) ;
#1833 = EDGE_LOOP ( 'NONE', ( #1735, #2110, #2886, #2316 ) ) ;
#1834 = EDGE_CURVE ( 'NONE', #224, #946, #2317, .T. ) ;
#1835 = AXIS2_PLACEMENT_3D ( 'NONE', #1910, #423, #835 ) ;
#1836 = ORIENTED_EDGE ( 'NONE', *, *, #1654, .T. ) ;
#1837 = FACE_OUTER_BOUND ( 'NONE', #2453, .T. ) ;
#1838 = ORIENTED_EDGE ( 'NONE', *, *, #4433, .T. ) ;
#1839 = CARTESIAN_POINT ( 'NONE',  ( 0.000000000000000000, 9.000000000000001776, -9.000000000000001776 ) ) ;
#1840 = CIRCLE ( 'NONE', #1241, 4.999999999999997335 ) ;
#1841 = DIRECTION ( 'NONE',  ( -1.000000000000000000, 0.000000000000000000, 0.000000000000000000 ) ) ;
#1842 = ORIENTED_EDGE ( 'NONE', *, *, #596, .T. ) ;
#1843 = EDGE_CURVE ( 'NONE', #4542, #653, #4344, .T. ) ;
#1844 = ORIENTED_EDGE ( 'NONE', *, *, #4144, .F. ) ;
#1845 = CIRCLE ( 'NONE', #4469, 3.000000000000002665 ) ;
#1846 = CARTESIAN_POINT ( 'NONE',  ( 11.99999999999999822, 40.00000000000000000, 14.68614980554399096 ) ) ;
#1847 = EDGE_CURVE ( 'NONE', #3528, #1167, #2326, .T. ) ;
#1848 = VECTOR ( 'NONE', #1908, 1000.000000000000000 ) ;
#1849 = FACE_BOUND ( 'NONE', #4396, .T. ) ;
#1850 = ORIENTED_EDGE ( 'NONE', *, *, #3869, .T. ) ;
#1851 = CARTESIAN_POINT ( 'NONE',  ( 102.0000000000000000, 43.00000000000000000, 9.400000000000002132 ) ) ;
#1852 = CARTESIAN_POINT ( 'NONE',  ( 110.0000000000000000, 10.00000000000000000, 16.00000000000000000 ) ) ;
#1853 = FACE_OUTER_BOUND ( 'NONE', #816, .T. ) ;
#1854 = CARTESIAN_POINT ( 'NONE',  ( 104.0000000000000142, 32.00000000000000000, -4.000000000000000000 ) ) ;
#1855 = DIRECTION ( 'NONE',  ( -1.000000000000000000, 0.000000000000000000, 0.000000000000000000 ) ) ;
#1856 = CARTESIAN_POINT ( 'NONE',  ( 79.98782115753458299, 8.000000000000000000, -4.101020514433648678 ) ) ;
#1857 = CARTESIAN_POINT ( 'NONE',  ( 81.01217884246545964, 32.00000000000000000, 52.40000000000000568 ) ) ;
#1858 = ORIENTED_EDGE ( 'NONE', *, *, #1008, .F. ) ;
#1859 = VECTOR ( 'NONE', #4391, 1000.000000000000000 ) ;
#1860 = VERTEX_POINT ( 'NONE', #4441 ) ;
#1861 = CARTESIAN_POINT ( 'NONE',  ( 78.01217884246545964, 32.00000000000000000, 0.000000000000000000 ) ) ;
#1862 = VECTOR ( 'NONE', #803, 1000.000000000000000 ) ;
#1863 = VECTOR ( 'NONE', #4309, 1000.000000000000000 ) ;
#1864 = ORIENTED_EDGE ( 'NONE', *, *, #1530, .T. ) ;
#1865 = DIRECTION ( 'NONE',  ( 0.6401843996644799306, 0.000000000000000000, 0.7682212795973757391 ) ) ;
#1866 = CARTESIAN_POINT ( 'NONE',  ( 35.59487516204666235, 40.00000000000000000, 42.39999999999999858 ) ) ;
#1867 = ORIENTED_EDGE ( 'NONE', *, *, #1198, .T. ) ;
#1868 = DIRECTION ( 'NONE',  ( 0.000000000000000000, 0.000000000000000000, -1.000000000000000000 ) ) ;
#1869 = EDGE_CURVE ( 'NONE', #4197, #3507, #2161, .T. ) ;
#1870 = CIRCLE ( 'NONE', #1335, 1.600000000000001643 ) ;
#1871 = EDGE_CURVE ( 'NONE', #2793, #958, #1987, .T. ) ;
#1872 = DIRECTION ( 'NONE',  ( 0.000000000000000000, 0.000000000000000000, 1.000000000000000000 ) ) ;
#1873 = ORIENTED_EDGE ( 'NONE', *, *, #1949, .T. ) ;
#1874 = CARTESIAN_POINT ( 'NONE',  ( 86.23727004256772943, 5.953583749664281832, -5.034028011892006660 ) ) ;
#1875 = DIRECTION ( 'NONE',  ( -0.000000000000000000, -1.000000000000000000, 0.000000000000000000 ) ) ;
#1876 = CARTESIAN_POINT ( 'NONE',  ( 32.04183660805285427, 29.73775521234107444, -4.000000000000000000 ) ) ;
#1877 = CARTESIAN_POINT ( 'NONE',  ( 0.000000000000000000, 43.00000000000000000, 42.39999999999999858 ) ) ;
#1878 = EDGE_CURVE ( 'NONE', #792, #1779, #3064, .T. ) ;
#1879 = CARTESIAN_POINT ( 'NONE',  ( 34.95816339194718836, 13.26224478765891490, 52.40000000000000568 ) ) ;
#1880 = DIRECTION ( 'NONE',  ( 0.000000000000000000, 0.000000000000000000, -1.000000000000000000 ) ) ;
#1881 = CARTESIAN_POINT ( 'NONE',  ( 32.98782115753458299, 8.000000000000000000, 52.40000000000000568 ) ) ;
#1882 = EDGE_LOOP ( 'NONE', ( #525, #2396, #3214, #2702 ) ) ;
#1883 = VERTEX_POINT ( 'NONE', #870 ) ;
#1884 = LINE ( 'NONE', #4008, #2894 ) ;
#1885 = VERTEX_POINT ( 'NONE', #3427 ) ;
#1886 = CARTESIAN_POINT ( 'NONE',  ( 79.99999999999998579, 0.000000000000000000, 48.39999999999999858 ) ) ;
#1887 = CARTESIAN_POINT ( 'NONE',  ( 14.97034223441261069, 30.67099224744709929, -4.000000000000003553 ) ) ;
#1888 = VECTOR ( 'NONE', #1897, 1000.000000000000000 ) ;
#1889 = ORIENTED_EDGE ( 'NONE', *, *, #793, .T. ) ;
#1890 = ORIENTED_EDGE ( 'NONE', *, *, #397, .F. ) ;
#1891 = CARTESIAN_POINT ( 'NONE',  ( 8.739053254437877172, 50.03372781065089470, 0.000000000000000000 ) ) ;
#1892 = VECTOR ( 'NONE', #3524, 1000.000000000000000 ) ;
#1893 = VECTOR ( 'NONE', #195, 1000.000000000000000 ) ;
#1894 = COLOUR_RGB ( '',0.7921568627450980005, 0.8196078431372548767, 0.9333333333333333481 ) ;
#1895 = EDGE_CURVE ( 'NONE', #1167, #313, #285, .T. ) ;
#1896 = FACE_BOUND ( 'NONE', #859, .T. ) ;
#1897 = DIRECTION ( 'NONE',  ( 0.000000000000000000, 0.000000000000000000, 1.000000000000000000 ) ) ;
#1898 = CARTESIAN_POINT ( 'NONE',  ( 27.83235853649679115, 4.382065228995868367, 0.4824038606140566010 ) ) ;
#1899 = LINE ( 'NONE', #3338, #342 ) ;
#1900 = ADVANCED_FACE ( 'NONE', ( #2713, #1945, #2674, #232 ), #4110, .F. ) ;
#1901 = DIRECTION ( 'NONE',  ( 0.000000000000000000, 0.000000000000000000, 1.000000000000000000 ) ) ;
#1902 = LINE ( 'NONE', #849, #3128 ) ;
#1903 = VERTEX_POINT ( 'NONE', #3005 ) ;
#1904 = CARTESIAN_POINT ( 'NONE',  ( 114.0000000000000000, 40.00000000000000000, 0.000000000000000000 ) ) ;
#1905 = DIRECTION ( 'NONE',  ( 0.000000000000000000, 1.000000000000000000, -0.000000000000000000 ) ) ;
#1907 = ADVANCED_FACE ( 'NONE', ( #3801 ), #2364, .F. ) ;
#1906 = ORIENTED_EDGE ( 'NONE', *, *, #2303, .F. ) ;
#1908 = DIRECTION ( 'NONE',  ( 1.230300337572203632E-16, 0.000000000000000000, 1.000000000000000000 ) ) ;
#1909 = ORIENTED_EDGE ( 'NONE', *, *, #2624, .T. ) ;
#1910 = CARTESIAN_POINT ( 'NONE',  ( 79.99999999999998579, 3.999999999999996447, 5.000000000000000000 ) ) ;
#1911 = DIRECTION ( 'NONE',  ( 0.000000000000000000, 0.000000000000000000, -1.000000000000000000 ) ) ;
#1912 = FACE_OUTER_BOUND ( 'NONE', #1812, .T. ) ;
#1913 = AXIS2_PLACEMENT_3D ( 'NONE', #3972, #2154, #751 ) ;
#1914 = ORIENTED_EDGE ( 'NONE', *, *, #3339, .F. ) ;
#1915 = EDGE_LOOP ( 'NONE', ( #1997, #392, #1471, #3985 ) ) ;
#1916 = FACE_OUTER_BOUND ( 'NONE', #1316, .T. ) ;
#1917 = AXIS2_PLACEMENT_3D ( 'NONE', #1480, #3548, #1750 ) ;
#1918 = DIRECTION ( 'NONE',  ( 0.000000000000000000, 1.000000000000000000, 0.000000000000000000 ) ) ;
#1919 = CARTESIAN_POINT ( 'NONE',  ( 23.25000000000000711, 6.000000000000013323, -4.999999999999992006 ) ) ;
#1920 = CIRCLE ( 'NONE', #4544, 1.600000000000004974 ) ;
#1921 = FACE_OUTER_BOUND ( 'NONE', #3305, .T. ) ;
#1922 = DIRECTION ( 'NONE',  ( 0.000000000000000000, 1.000000000000000000, 0.000000000000000000 ) ) ;
#1923 = DIRECTION ( 'NONE',  ( 0.000000000000000000, 1.000000000000000000, -0.000000000000000000 ) ) ;
#1924 = DIRECTION ( 'NONE',  ( -0.000000000000000000, 0.000000000000000000, 1.000000000000000000 ) ) ;
#1925 = ADVANCED_FACE ( 'NONE', ( #1224 ), #1262, .F. ) ;
#1926 = CARTESIAN_POINT ( 'NONE',  ( 22.26338194984198182, 5.800659998939749151, -5.156328664104772308 ) ) ;
#1927 = DIRECTION ( 'NONE',  ( 0.000000000000000000, 0.000000000000000000, 1.000000000000000000 ) ) ;
#1928 = CARTESIAN_POINT ( 'NONE',  ( 10.00000000000000533, 28.40874745978818083, 52.39999999999997726 ) ) ;
#1929 = EDGE_CURVE ( 'NONE', #1558, #1589, #3593, .T. ) ;
#1930 = EDGE_LOOP ( 'NONE', ( #881, #4525, #3906, #543, #567, #1733, #4174, #4101, #1626, #2020, #2195, #322, #3452, #2684, #3535, #4183, #4261, #2623, #1519 ) ) ;
#1931 = DIRECTION ( 'NONE',  ( -1.000000000000000000, 0.000000000000000000, 0.000000000000000000 ) ) ;
#1932 = VECTOR ( 'NONE', #2024, 1000.000000000000000 ) ;
#1933 = DIRECTION ( 'NONE',  ( 0.000000000000000000, 1.000000000000000000, -1.156482317317871725E-15 ) ) ;
#1934 = DIRECTION ( 'NONE',  ( 0.000000000000000000, 0.000000000000000000, -1.000000000000000000 ) ) ;
#1935 = VERTEX_POINT ( 'NONE', #1596 ) ;
#1936 = ORIENTED_EDGE ( 'NONE', *, *, #915, .F. ) ;
#1937 = AXIS2_PLACEMENT_3D ( 'NONE', #4546, #3541, #1322 ) ;
#1938 = FACE_BOUND ( 'NONE', #3033, .T. ) ;
#1939 = VECTOR ( 'NONE', #230, 1000.000000000000000 ) ;
#1940 = AXIS2_PLACEMENT_3D ( 'NONE', #584, #3069, #3451 ) ;
#1941 = CARTESIAN_POINT ( 'NONE',  ( 80.59487516204666235, -29.97142273814360536, 39.39999999999999858 ) ) ;
#1942 = FACE_OUTER_BOUND ( 'NONE', #4476, .T. ) ;
#1943 = VECTOR ( 'NONE', #157, 1000.000000000000000 ) ;
#1944 = CARTESIAN_POINT ( 'NONE',  ( 29.21760708486150193, 5.074137465388645296, 48.34093216080808020 ) ) ;
#1945 = FACE_BOUND ( 'NONE', #1208, .T. ) ;
#1946 = LINE ( 'NONE', #2695, #1221 ) ;
#1947 = EDGE_CURVE ( 'NONE', #2416, #3533, #1570, .T. ) ;
#1948 = CARTESIAN_POINT ( 'NONE',  ( 112.5000000000000000, 40.00000000000000000, 50.89999999999999858 ) ) ;
#1949 = EDGE_CURVE ( 'NONE', #3513, #1275, #2072, .T. ) ;
#1950 = VERTEX_POINT ( 'NONE', #4131 ) ;
#1951 = CARTESIAN_POINT ( 'NONE',  ( 58.40512483795333054, 40.00000000000000000, 39.39999999999999858 ) ) ;
#1952 = DIRECTION ( 'NONE',  ( -1.000000000000000000, -1.734723475976805517E-15, 0.000000000000000000 ) ) ;
#1953 = ORIENTED_EDGE ( 'NONE', *, *, #3907, .T. ) ;
#1954 = ORIENTED_EDGE ( 'NONE', *, *, #718, .T. ) ;
#1955 = ADVANCED_FACE ( 'NONE', ( #4290 ), #355, .F. ) ;
#1956 = DIRECTION ( 'NONE',  ( 1.000000000000000000, 0.000000000000000000, -0.000000000000000000 ) ) ;
#1957 = ORIENTED_EDGE ( 'NONE', *, *, #1847, .F. ) ;
#1958 = ORIENTED_EDGE ( 'NONE', *, *, #2780, .F. ) ;
#1959 = EDGE_CURVE ( 'NONE', #4219, #3134, #1257, .T. ) ;
#1960 = FACE_OUTER_BOUND ( 'NONE', #666, .T. ) ;
#1961 = CARTESIAN_POINT ( 'NONE',  ( 114.0000000000000000, 25.00000000000000000, 16.00000000000000000 ) ) ;
#1962 = DIRECTION ( 'NONE',  ( 1.000000000000000000, 0.000000000000000000, 0.000000000000000000 ) ) ;
#1963 = AXIS2_PLACEMENT_3D ( 'NONE', #1484, #1782, #3979 ) ;
#1964 = FACE_OUTER_BOUND ( 'NONE', #2574, .T. ) ;
#1965 = CIRCLE ( 'NONE', #987, 2.999999999999999112 ) ;
#1966 = CARTESIAN_POINT ( 'NONE',  ( 81.01217884246545964, 32.00000000000000000, -4.000000000000000000 ) ) ;
#1967 = CARTESIAN_POINT ( 'NONE',  ( 81.01217884246545964, 32.00000000000000000, 52.40000000000000568 ) ) ;
#1968 = CARTESIAN_POINT ( 'NONE',  ( 21.11800443634077595, 5.090032606838310159, -5.877555323179521451 ) ) ;
#1969 = CARTESIAN_POINT ( 'NONE',  ( 99.02965776558738753, 12.32900775255293269, -17.47392445807271955 ) ) ;
#1970 = ORIENTED_EDGE ( 'NONE', *, *, #108, .T. ) ;
#1971 = CARTESIAN_POINT ( 'NONE',  ( 79.99999999999998579, 3.999999999999996447, 0.000000000000000000 ) ) ;
#1972 = DIRECTION ( 'NONE',  ( 1.000000000000000000, -0.000000000000000000, 0.000000000000000000 ) ) ;
#1973 = CARTESIAN_POINT ( 'NONE',  ( 80.59487516204666235, -29.97142273814360536, 42.39999999999999858 ) ) ;
#1974 = EDGE_LOOP ( 'NONE', ( #2620, #3070, #903, #2230, #1906, #419 ) ) ;
#1975 = ADVANCED_FACE ( 'NONE', ( #4571 ), #720, .T. ) ;
#1976 = EDGE_LOOP ( 'NONE', ( #2976, #1513, #2518, #3097, #2555, #3460, #4537, #4202 ) ) ;
#1977 = CARTESIAN_POINT ( 'NONE',  ( 10.00000000000000533, 0.000000000000000000, -17.47392445807271955 ) ) ;
#1978 = ORIENTED_EDGE ( 'NONE', *, *, #3965, .T. ) ;
#1979 = AXIS2_PLACEMENT_3D ( 'NONE', #3674, #501, #1528 ) ;
#1980 = EDGE_CURVE ( 'NONE', #1565, #792, #3205, .T. ) ;
#1981 = ADVANCED_FACE ( 'NONE', ( #2774 ), #2048, .F. ) ;
#1982 = ORIENTED_EDGE ( 'NONE', *, *, #758, .F. ) ;
#1983 = AXIS2_PLACEMENT_3D ( 'NONE', #3867, #3697, #1106 ) ;
#1984 = EDGE_CURVE ( 'NONE', #245, #2940, #3369, .T. ) ;
#1985 = CARTESIAN_POINT ( 'NONE',  ( 108.5000000000000000, 40.00000000000000000, 1.500000000000000000 ) ) ;
#1986 = VECTOR ( 'NONE', #978, 1000.000000000000000 ) ;
#1987 = LINE ( 'NONE', #2008, #4185 ) ;
#1988 = VERTEX_POINT ( 'NONE', #2824 ) ;
#1989 = CARTESIAN_POINT ( 'NONE',  ( 110.0000000000000000, 18.00000000000000355, 16.00000000000000000 ) ) ;
#1990 = CARTESIAN_POINT ( 'NONE',  ( 83.31695551081891438, 4.000000000000000000, 1.241114340167743801 ) ) ;
#1991 = FACE_OUTER_BOUND ( 'NONE', #3125, .T. ) ;
#1992 = ORIENTED_EDGE ( 'NONE', *, *, #3118, .F. ) ;
#1993 = DIRECTION ( 'NONE',  ( 0.7540815958863057444, -0.6567807448042017882, 0.000000000000000000 ) ) ;
#1994 = AXIS2_PLACEMENT_3D ( 'NONE', #2687, #2704, #610 ) ;
#1995 = CARTESIAN_POINT ( 'NONE',  ( 84.99999999999998579, 4.000000000000000000, 43.39999999999999858 ) ) ;
#1996 = EDGE_LOOP ( 'NONE', ( #810, #2357, #3324, #2571 ) ) ;
#1997 = ORIENTED_EDGE ( 'NONE', *, *, #368, .F. ) ;
#1998 = CARTESIAN_POINT ( 'NONE',  ( 23.25000000000000711, 4.000000000000000000, -9.599999999999996092 ) ) ;
#1999 = ORIENTED_EDGE ( 'NONE', *, *, #1694, .F. ) ;
#2000 = VERTEX_POINT ( 'NONE', #3888 ) ;
#2001 = CIRCLE ( 'NONE', #282, 3.000000000000002665 ) ;
#2002 = EDGE_CURVE ( 'NONE', #3202, #2940, #2073, .T. ) ;
#2003 = EDGE_CURVE ( 'NONE', #3255, #2447, #2381, .T. ) ;
#2004 = AXIS2_PLACEMENT_3D ( 'NONE', #1966, #3085, #3386 ) ;
#2005 = DIRECTION ( 'NONE',  ( 1.000000000000000000, 0.000000000000000000, 0.000000000000000000 ) ) ;
#2006 = CARTESIAN_POINT ( 'NONE',  ( 15.00000000000000000, 0.000000000000000000, -9.000000000000001776 ) ) ;
#2007 = ADVANCED_FACE ( 'NONE', ( #2425 ), #3106, .F. ) ;
#2008 = CARTESIAN_POINT ( 'NONE',  ( 13.00000000000000533, 8.000000000000000000, -17.47392445807271955 ) ) ;
#2009 = ORIENTED_EDGE ( 'NONE', *, *, #1259, .F. ) ;
#2010 = DIRECTION ( 'NONE',  ( -1.000000000000000000, 0.000000000000000000, 0.000000000000000000 ) ) ;
#2011 = DIRECTION ( 'NONE',  ( 1.000000000000000000, 0.000000000000000000, -0.000000000000000000 ) ) ;
#2012 = ADVANCED_FACE ( 'NONE', ( #3493 ), #3520, .F. ) ;
#2013 = CARTESIAN_POINT ( 'NONE',  ( 114.0000000000000000, 43.00000000000000000, 50.89999999999998437 ) ) ;
#2014 = ORIENTED_EDGE ( 'NONE', *, *, #2026, .T. ) ;
#2015 = DIRECTION ( 'NONE',  ( 1.224646799147352961E-16, 0.000000000000000000, 1.000000000000000000 ) ) ;
#2016 = DIRECTION ( 'NONE',  ( 1.000000000000000000, 0.000000000000000000, 0.000000000000000000 ) ) ;
#2017 = VERTEX_POINT ( 'NONE', #4265 ) ;
#2018 = VERTEX_POINT ( 'NONE', #302 ) ;
#2019 = DIRECTION ( 'NONE',  ( -0.000000000000000000, -1.000000000000000000, 0.000000000000000000 ) ) ;
#2020 = ORIENTED_EDGE ( 'NONE', *, *, #4589, .F. ) ;
#2021 = ORIENTED_EDGE ( 'NONE', *, *, #2303, .T. ) ;
#2022 = DIRECTION ( 'NONE',  ( -0.000000000000000000, -0.000000000000000000, 1.000000000000000000 ) ) ;
#2023 = CARTESIAN_POINT ( 'NONE',  ( 104.0000000000000142, 40.00000000000000000, 0.000000000000000000 ) ) ;
#2024 = DIRECTION ( 'NONE',  ( -0.000000000000000000, -0.000000000000000000, -1.000000000000000000 ) ) ;
#2025 = VECTOR ( 'NONE', #1573, 1000.000000000000000 ) ;
#2026 = EDGE_CURVE ( 'NONE', #2120, #2000, #1720, .T. ) ;
#2027 = DIRECTION ( 'NONE',  ( 0.000000000000000000, 1.000000000000000000, -0.000000000000000000 ) ) ;
#2028 = DIRECTION ( 'NONE',  ( -1.000000000000000000, 0.000000000000000000, 0.000000000000000000 ) ) ;
#2029 = DIRECTION ( 'NONE',  ( 0.000000000000000000, 1.000000000000000000, 0.000000000000000000 ) ) ;
#2030 = VECTOR ( 'NONE', #1505, 1000.000000000000000 ) ;
#2031 = EDGE_CURVE ( 'NONE', #612, #2809, #973, .T. ) ;
#2032 = LINE ( 'NONE', #3473, #4465 ) ;
#2033 = CARTESIAN_POINT ( 'NONE',  ( 83.57071421427140478, 3.999999999999996447, 1.499999999999998224 ) ) ;
#2034 = VERTEX_POINT ( 'NONE', #4594 ) ;
#2035 = FACE_OUTER_BOUND ( 'NONE', #4413, .T. ) ;
#2036 = EDGE_CURVE ( 'NONE', #4014, #4208, #2125, .T. ) ;
#2037 = CARTESIAN_POINT ( 'NONE',  ( 25.80064462439375106, 4.720741869667251400, -6.404687817838117248 ) ) ;
#2038 = ORIENTED_EDGE ( 'NONE', *, *, #3886, .F. ) ;
#2039 = VERTEX_POINT ( 'NONE', #3569 ) ;
#2040 = CARTESIAN_POINT ( 'NONE',  ( 0.000000000000000000, 5.499999999999998224, 0.000000000000000000 ) ) ;
#2041 = VERTEX_POINT ( 'NONE', #329 ) ;
#2042 = LINE ( 'NONE', #712, #50 ) ;
#2043 = VERTEX_POINT ( 'NONE', #1769 ) ;
#2044 = ORIENTED_EDGE ( 'NONE', *, *, #3839, .T. ) ;
#2045 = ORIENTED_EDGE ( 'NONE', *, *, #236, .F. ) ;
#2046 = DIRECTION ( 'NONE',  ( 0.6567807448042018992, 0.7540815958863058555, 0.000000000000000000 ) ) ;
#2047 = AXIS2_PLACEMENT_3D ( 'NONE', #2843, #1387, #2494 ) ;
#2048 = CYLINDRICAL_SURFACE ( 'NONE', #3675, 3.000000000000002665 ) ;
#2049 = VERTEX_POINT ( 'NONE', #3840 ) ;
#2050 = CIRCLE ( 'NONE', #1917, 2.999999999999999112 ) ;
#2051 = VECTOR ( 'NONE', #4371, 1000.000000000000000 ) ;
#2052 = FACE_OUTER_BOUND ( 'NONE', #3707, .T. ) ;
#2053 = DIRECTION ( 'NONE',  ( -1.000000000000000000, 0.000000000000000000, 0.000000000000000000 ) ) ;
#2054 = CARTESIAN_POINT ( 'NONE',  ( 29.01301775147929973, 73.31124260355032618, 0.000000000000000000 ) ) ;
#2055 = DIRECTION ( 'NONE',  ( 1.000000000000000000, 0.000000000000000000, 0.000000000000000000 ) ) ;
#2056 = DIRECTION ( 'NONE',  ( -0.000000000000000000, 0.000000000000000000, 1.000000000000000000 ) ) ;
#2057 = EDGE_CURVE ( 'NONE', #3533, #769, #1746, .T. ) ;
#2058 = ORIENTED_EDGE ( 'NONE', *, *, #868, .F. ) ;
#2059 = DIRECTION ( 'NONE',  ( 0.000000000000000000, 1.000000000000000000, 0.000000000000000000 ) ) ;
#2060 = CARTESIAN_POINT ( 'NONE',  ( 96.74999999999998579, 2.000000000000000000, 9.320000000000005613 ) ) ;
#2061 = AXIS2_PLACEMENT_3D ( 'NONE', #3370, #2265, #119 ) ;
#2062 = ORIENTED_EDGE ( 'NONE', *, *, #2603, .F. ) ;
#2063 = ORIENTED_EDGE ( 'NONE', *, *, #1802, .T. ) ;
#2064 = EDGE_CURVE ( 'NONE', #1674, #2598, #2477, .T. ) ;
#2065 = CYLINDRICAL_SURFACE ( 'NONE', #3115, 1.600000000000002531 ) ;
#2066 = ORIENTED_EDGE ( 'NONE', *, *, #2380, .T. ) ;
#2067 = CARTESIAN_POINT ( 'NONE',  ( 34.01217884246545964, 32.00000000000000000, 52.40000000000000568 ) ) ;
#2068 = ORIENTED_EDGE ( 'NONE', *, *, #2669, .F. ) ;
#2069 = VERTEX_POINT ( 'NONE', #2558 ) ;
#2070 = DIRECTION ( 'NONE',  ( 0.000000000000000000, 0.000000000000000000, 1.000000000000000000 ) ) ;
#2071 = AXIS2_PLACEMENT_3D ( 'NONE', #938, #167, #4448 ) ;
#2072 = CIRCLE ( 'NONE', #77, 1.500000000000001332 ) ;
#2073 = LINE ( 'NONE', #4239, #4422 ) ;
#2074 = AXIS2_PLACEMENT_3D ( 'NONE', #383, #1449, #358 ) ;
#2075 = ORIENTED_EDGE ( 'NONE', *, *, #1166, .T. ) ;
#2076 = CARTESIAN_POINT ( 'NONE',  ( 82.22388913503661456, 9.000000000000001776, -4.000000000000000000 ) ) ;
#2077 = DIRECTION ( 'NONE',  ( 1.445602896647339410E-16, 0.000000000000000000, 1.000000000000000000 ) ) ;
#2078 = LINE ( 'NONE', #1398, #3484 ) ;
#2079 = AXIS2_PLACEMENT_3D ( 'NONE', #2412, #1054, #1004 ) ;
#2080 = CARTESIAN_POINT ( 'NONE',  ( 0.000000000000000000, 5.499999999999998224, 0.000000000000000000 ) ) ;
#2081 = DIRECTION ( 'NONE',  ( 0.000000000000000000, -1.000000000000000000, 0.000000000000000000 ) ) ;
#2082 = ORIENTED_EDGE ( 'NONE', *, *, #1534, .F. ) ;
#2083 = CARTESIAN_POINT ( 'NONE',  ( 78.40512483795330922, 40.00000000000000000, 6.400000000000003020 ) ) ;
#2084 = CARTESIAN_POINT ( 'NONE',  ( 13.00000000000000533, 11.00000000000000000, 0.000000000000000000 ) ) ;
#2085 = CARTESIAN_POINT ( 'NONE',  ( 11.39844881395107912, 8.454661192555509075, -4.028286185514783568 ) ) ;
#2086 = EDGE_LOOP ( 'NONE', ( #3582, #2478, #3712, #3143 ) ) ;
#2087 = EDGE_CURVE ( 'NONE', #2898, #3876, #452, .T. ) ;
#2088 = ADVANCED_FACE ( 'NONE', ( #2582, #2177, #1896, #4042 ), #771, .F. ) ;
#2089 = EDGE_LOOP ( 'NONE', ( #394, #1957, #3983, #3753 ) ) ;
#2090 = CARTESIAN_POINT ( 'NONE',  ( 104.0000000000000142, 14.59125254021184581, 0.000000000000000000 ) ) ;
#2091 = ORIENTED_EDGE ( 'NONE', *, *, #4009, .T. ) ;
#2092 = LINE ( 'NONE', #966, #1005 ) ;
#2093 = VERTEX_POINT ( 'NONE', #4018 ) ;
#2094 = EDGE_CURVE ( 'NONE', #591, #3856, #3313, .T. ) ;
#2095 = DIRECTION ( 'NONE',  ( 0.000000000000000000, 1.000000000000000000, 0.000000000000000000 ) ) ;
#2096 = EDGE_CURVE ( 'NONE', #939, #2667, #4318, .T. ) ;
#2097 = CARTESIAN_POINT ( 'NONE',  ( 0.000000000000000000, 8.000000000000000000, 48.39999999999999858 ) ) ;
#2098 = ORIENTED_EDGE ( 'NONE', *, *, #2252, .T. ) ;
#2099 = AXIS2_PLACEMENT_3D ( 'NONE', #864, #2729, #2005 ) ;
#2100 = CARTESIAN_POINT ( 'NONE',  ( 13.25000000000000888, 4.000000000000003553, 9.320000000000016271 ) ) ;
#2101 = CARTESIAN_POINT ( 'NONE',  ( -6.828166873525730640E-16, 43.00000000000000000, -2.500000000000000444 ) ) ;
#2102 = LINE ( 'NONE', #385, #52 ) ;
#2103 = DIRECTION ( 'NONE',  ( 0.000000000000000000, 0.000000000000000000, -1.000000000000000000 ) ) ;
#2104 = DIRECTION ( 'NONE',  ( 0.000000000000000000, -0.000000000000000000, -1.000000000000000000 ) ) ;
#2105 = EDGE_LOOP ( 'NONE', ( #3630, #1838, #2995, #2465, #2503, #1909 ) ) ;
#2106 = CARTESIAN_POINT ( 'NONE',  ( 86.75000000000000000, 4.000000000000003553, -8.000000000000000000 ) ) ;
#2107 = DIRECTION ( 'NONE',  ( 0.000000000000000000, 1.000000000000000000, 0.000000000000000000 ) ) ;
#2108 = CARTESIAN_POINT ( 'NONE',  ( 24.23421245640577482, 5.792773795143812521, -5.163587850517113331 ) ) ;
#2109 = VECTOR ( 'NONE', #1486, 1000.000000000000000 ) ;
#2110 = ORIENTED_EDGE ( 'NONE', *, *, #2496, .T. ) ;
#2111 = AXIS2_PLACEMENT_3D ( 'NONE', #2455, #3866, #2011 ) ;
#2112 = ORIENTED_EDGE ( 'NONE', *, *, #1100, .T. ) ;
#2113 = CARTESIAN_POINT ( 'NONE',  ( 58.12328995357655970, 11.00000000000000000, 52.40000000000000568 ) ) ;
#2114 = VECTOR ( 'NONE', #3496, 1000.000000000000000 ) ;
#2115 = EDGE_LOOP ( 'NONE', ( #953, #3774, #1252, #3704 ) ) ;
#2116 = DIRECTION ( 'NONE',  ( -1.000000000000000000, 0.000000000000000000, -0.000000000000000000 ) ) ;
#2117 = EDGE_CURVE ( 'NONE', #3398, #2192, #103, .T. ) ;
#2118 = CARTESIAN_POINT ( 'NONE',  ( 96.74999999999998579, 40.00000000000000711, 9.320000000000005613 ) ) ;
#2119 = ORIENTED_EDGE ( 'NONE', *, *, #1666, .T. ) ;
#2120 = VERTEX_POINT ( 'NONE', #4063 ) ;
#2121 = CARTESIAN_POINT ( 'NONE',  ( -0.000000000000000000, 8.000000000000000000, 52.40000000000000568 ) ) ;
#2122 = EDGE_CURVE ( 'NONE', #1476, #3365, #4395, .T. ) ;
#2123 = EDGE_CURVE ( 'NONE', #3275, #4636, #841, .T. ) ;
#2124 = ADVANCED_FACE ( 'NONE', ( #1128 ), #4418, .F. ) ;
#2125 = LINE ( 'NONE', #3912, #376 ) ;
#2126 = ORIENTED_EDGE ( 'NONE', *, *, #218, .F. ) ;
#2127 = FACE_OUTER_BOUND ( 'NONE', #2322, .T. ) ;
#2128 = LINE ( 'NONE', #3233, #2030 ) ;
#2129 = AXIS2_PLACEMENT_3D ( 'NONE', #1022, #3030, #3228 ) ;
#2130 = CARTESIAN_POINT ( 'NONE',  ( 58.40512483795333054, -29.97142273814360536, 39.39999999999999858 ) ) ;
#2131 = FACE_OUTER_BOUND ( 'NONE', #632, .T. ) ;
#2132 = CARTESIAN_POINT ( 'NONE',  ( 37.89953900083880001, 40.00000000000000000, 37.47944680100654580 ) ) ;
#2133 = AXIS2_PLACEMENT_3D ( 'NONE', #703, #2781, #1003 ) ;
#2134 = ORIENTED_EDGE ( 'NONE', *, *, #20, .F. ) ;
#2135 = DIRECTION ( 'NONE',  ( 0.000000000000000000, -1.000000000000000000, 0.000000000000000000 ) ) ;
#2136 = CARTESIAN_POINT ( 'NONE',  ( 20.33537113439902200, 4.000000000000003553, -8.756184657965951246 ) ) ;
#2137 = CARTESIAN_POINT ( 'NONE',  ( 24.86079538441873638, 5.466605321667368678, -5.458856000468277792 ) ) ;
#2138 = VERTEX_POINT ( 'NONE', #2929 ) ;
#2139 = VERTEX_POINT ( 'NONE', #405 ) ;
#2140 = FACE_OUTER_BOUND ( 'NONE', #303, .T. ) ;
#2141 = ORIENTED_EDGE ( 'NONE', *, *, #3966, .T. ) ;
#2142 = CARTESIAN_POINT ( 'NONE',  ( 55.59487516204666235, 40.00000000000000000, 9.400000000000002132 ) ) ;
#2143 = DIRECTION ( 'NONE',  ( 0.7540815958863057444, -0.6567807448042017882, 0.000000000000000000 ) ) ;
#2144 = ORIENTED_EDGE ( 'NONE', *, *, #4460, .F. ) ;
#2145 = ORIENTED_EDGE ( 'NONE', *, *, #3791, .T. ) ;
#2146 = PLANE ( 'NONE',  #746 ) ;
#2147 = CIRCLE ( 'NONE', #2606, 3.000000000000002665 ) ;
#2148 = ADVANCED_FACE ( 'NONE', ( #4348, #431, #3693, #3229, #1849, #3285 ), #747, .F. ) ;
#2149 = ADVANCED_FACE ( 'NONE', ( #3617 ), #1446, .F. ) ;
#2150 = DIRECTION ( 'NONE',  ( 0.7682212795973759611, 0.000000000000000000, -0.6401843996644798196 ) ) ;
#2151 = ORIENTED_EDGE ( 'NONE', *, *, #2255, .F. ) ;
#2152 = DIRECTION ( 'NONE',  ( -1.000000000000000000, 0.000000000000000000, 0.000000000000000000 ) ) ;
#2153 = DIRECTION ( 'NONE',  ( -1.000000000000000000, 0.000000000000000000, -0.000000000000000000 ) ) ;
#2154 = DIRECTION ( 'NONE',  ( -0.000000000000000000, -0.000000000000000000, 1.000000000000000000 ) ) ;
#2155 = CIRCLE ( 'NONE', #3437, 1.500000000000001332 ) ;
#2156 = CARTESIAN_POINT ( 'NONE',  ( 55.59487516204666235, -29.97142273814360536, 9.400000000000002132 ) ) ;
#2157 = AXIS2_PLACEMENT_3D ( 'NONE', #4412, #4035, #1911 ) ;
#2158 = LINE ( 'NONE', #4224, #3059 ) ;
#2159 = VERTEX_POINT ( 'NONE', #3670 ) ;
#2160 = LINE ( 'NONE', #364, #2427 ) ;
#2161 = CIRCLE ( 'NONE', #1405, 2.999999999999999112 ) ;
#2162 = DIRECTION ( 'NONE',  ( -0.000000000000000000, -0.000000000000000000, -1.000000000000000000 ) ) ;
#2163 = ORIENTED_EDGE ( 'NONE', *, *, #4280, .F. ) ;
#2164 = CARTESIAN_POINT ( 'NONE',  ( 3.934426229508193096, -29.97142273814360536, -3.278688524590161801 ) ) ;
#2166 = EDGE_CURVE ( 'NONE', #9, #377, #3594, .T. ) ;
#2165 = ORIENTED_EDGE ( 'NONE', *, *, #1611, .F. ) ;
#2167 = ORIENTED_EDGE ( 'NONE', *, *, #815, .T. ) ;
#2168 = FACE_OUTER_BOUND ( 'NONE', #1755, .T. ) ;
#2169 = EDGE_LOOP ( 'NONE', ( #3244, #1747, #3828, #1360 ) ) ;
#2170 = CARTESIAN_POINT ( 'NONE',  ( 89.76079141679630879, 4.095249882313725109, -7.995334933417164613 ) ) ;
#2171 = DIRECTION ( 'NONE',  ( 0.000000000000000000, 0.000000000000000000, -1.000000000000000000 ) ) ;
#2172 = AXIS2_PLACEMENT_3D ( 'NONE', #669, #2095, #4615 ) ;
#2173 = ORIENTED_EDGE ( 'NONE', *, *, #2771, .T. ) ;
#2174 = ORIENTED_EDGE ( 'NONE', *, *, #4630, .F. ) ;
#2175 = CARTESIAN_POINT ( 'NONE',  ( 13.00000000000000533, 28.40874745978818083, 48.39999999999999858 ) ) ;
#2176 = B_SPLINE_CURVE_WITH_KNOTS ( 'NONE', 3,
 ( #1456, #2136, #113, #781, #1182, #4050, #1830, #1136, #2859, #4301, #3269, #2567, #1968, #1621, #2656, #1600, #1926, #196, #3006, #4093 ),
 .UNSPECIFIED., .F., .F.,
 ( 4, 2, 2, 2, 2, 2, 2, 2, 2, 4 ),
 ( 0.000000000000000000, 0.0007644418252208306152, 0.001146662737831248471, 0.001528883650441666435, 0.002293325475662505615, 0.003057767300883344145, 0.003822209126104183109, 0.004586650951325021638, 0.005351092776545860602, 0.006115534601766699566 ),
 .UNSPECIFIED. ) ;
#2177 = FACE_OUTER_BOUND ( 'NONE', #3681, .T. ) ;
#2178 = VERTEX_POINT ( 'NONE', #2605 ) ;
#2179 = LINE ( 'NONE', #1504, #1888 ) ;
#2180 = CARTESIAN_POINT ( 'NONE',  ( 13.00000000000000533, 28.40874745978818083, 0.000000000000000000 ) ) ;
#2181 = EDGE_CURVE ( 'NONE', #2762, #4514, #3267, .T. ) ;
#2182 = CARTESIAN_POINT ( 'NONE',  ( 114.0000000000000000, 10.00000000000000000, 16.00000000000000000 ) ) ;
#2183 = CARTESIAN_POINT ( 'NONE',  ( 32.98782115753458299, 8.000000000000000000, -4.101020514433644237 ) ) ;
#2184 = DIRECTION ( 'NONE',  ( 1.000000000000000000, 0.000000000000000000, 0.000000000000000000 ) ) ;
#2185 = PRODUCT_DEFINITION_CONTEXT ( 'detailed design', #1141, 'design' ) ;
#2186 = DIRECTION ( 'NONE',  ( 0.000000000000000000, 0.000000000000000000, 1.000000000000000000 ) ) ;
#2187 = EDGE_CURVE ( 'NONE', #1192, #4147, #3491, .T. ) ;
#2188 = FACE_OUTER_BOUND ( 'NONE', #2865, .T. ) ;
#2189 = VERTEX_POINT ( 'NONE', #1475 ) ;
#2190 = DIRECTION ( 'NONE',  ( -0.000000000000000000, -1.000000000000000000, -0.000000000000000000 ) ) ;
#2191 = ORIENTED_EDGE ( 'NONE', *, *, #4565, .T. ) ;
#2192 = VERTEX_POINT ( 'NONE', #2904 ) ;
#2193 = CARTESIAN_POINT ( 'NONE',  ( 33.40512483795331633, 43.00000000000000000, 6.400000000000003020 ) ) ;
#2194 = ADVANCED_FACE ( 'NONE', ( #4436 ), #3716, .T. ) ;
#2195 = ORIENTED_EDGE ( 'NONE', *, *, #3098, .F. ) ;
#2196 = DIRECTION ( 'NONE',  ( -1.000000000000000000, 0.000000000000000000, 0.000000000000000000 ) ) ;
#2197 = DIRECTION ( 'NONE',  ( 0.000000000000000000, 1.000000000000000000, 0.000000000000000000 ) ) ;
#2198 = VECTOR ( 'NONE', #434, 1000.000000000000000 ) ;
#2199 = ORIENTED_EDGE ( 'NONE', *, *, #4435, .F. ) ;
#2200 = CIRCLE ( 'NONE', #3243, 3.000000000000002665 ) ;
#2201 = ORIENTED_EDGE ( 'NONE', *, *, #3340, .F. ) ;
#2202 = DIRECTION ( 'NONE',  ( 0.000000000000000000, 0.000000000000000000, -1.000000000000000000 ) ) ;
#2203 = STYLED_ITEM ( 'NONE', ( #2311 ), #2790 ) ;
#2204 = DIRECTION ( 'NONE',  ( -1.000000000000000000, 0.000000000000000000, -0.000000000000000000 ) ) ;
#2205 = VERTEX_POINT ( 'NONE', #2278 ) ;
#2206 = DIRECTION ( 'NONE',  ( 1.000000000000000000, -0.000000000000000000, 0.000000000000000000 ) ) ;
#2207 = DIRECTION ( 'NONE',  ( -1.000000000000000000, -0.000000000000000000, -0.000000000000000000 ) ) ;
#2208 = FACE_OUTER_BOUND ( 'NONE', #3220, .T. ) ;
#2209 = CARTESIAN_POINT ( 'NONE',  ( 114.0000000000000000, 43.00000000000000000, -4.000000000000000000 ) ) ;
#2210 = DIRECTION ( 'NONE',  ( 1.000000000000000000, 0.000000000000000000, -1.224646799147352961E-16 ) ) ;
#2211 = AXIS2_PLACEMENT_3D ( 'NONE', #435, #801, #1202 ) ;
#2212 = DIRECTION ( 'NONE',  ( 0.000000000000000000, 0.000000000000000000, 1.000000000000000000 ) ) ;
#2213 = VERTEX_POINT ( 'NONE', #2649 ) ;
#2214 = DIRECTION ( 'NONE',  ( 0.6401843996644799306, 0.000000000000000000, 0.7682212795973757391 ) ) ;
#2215 = ORIENTED_EDGE ( 'NONE', *, *, #4486, .T. ) ;
#2216 = CIRCLE ( 'NONE', #4536, 3.000000000000002665 ) ;
#2217 = ORIENTED_EDGE ( 'NONE', *, *, #2597, .F. ) ;
#2218 = EDGE_CURVE ( 'NONE', #4339, #4602, #4085, .T. ) ;
#2219 = CARTESIAN_POINT ( 'NONE',  ( 34.01217884246545964, 35.00000000000000000, 48.39999999999999858 ) ) ;
#2220 = ORIENTED_EDGE ( 'NONE', *, *, #3318, .T. ) ;
#2221 = DIRECTION ( 'NONE',  ( 0.000000000000000000, 0.000000000000000000, -1.000000000000000000 ) ) ;
#2222 = AXIS2_PLACEMENT_3D ( 'NONE', #3968, #2229, #81 ) ;
#2223 = FACE_OUTER_BOUND ( 'NONE', #3885, .T. ) ;
#2224 = EDGE_CURVE ( 'NONE', #3528, #3756, #53, .T. ) ;
#2225 = ORIENTED_EDGE ( 'NONE', *, *, #1340, .T. ) ;
#2226 = DIRECTION ( 'NONE',  ( -1.000000000000000000, 0.000000000000000000, 0.000000000000000000 ) ) ;
#2227 = DIRECTION ( 'NONE',  ( -0.000000000000000000, -1.000000000000000000, 0.000000000000000000 ) ) ;
#2228 = EDGE_CURVE ( 'NONE', #3202, #4472, #4297, .T. ) ;
#2229 = DIRECTION ( 'NONE',  ( 0.000000000000000000, 1.000000000000000000, -0.000000000000000000 ) ) ;
#2230 = ORIENTED_EDGE ( 'NONE', *, *, #1039, .T. ) ;
#2231 = AXIS2_PLACEMENT_3D ( 'NONE', #2113, #1411, #3902 ) ;
#2232 = DIRECTION ( 'NONE',  ( 0.000000000000000000, 0.000000000000000000, 1.000000000000000000 ) ) ;
#2233 = DIRECTION ( 'NONE',  ( 0.000000000000000000, -1.000000000000000000, 0.000000000000000000 ) ) ;
#2234 = FACE_BOUND ( 'NONE', #2105, .T. ) ;
#2235 = LINE ( 'NONE', #1877, #3263 ) ;
#2236 = CARTESIAN_POINT ( 'NONE',  ( 104.0000000000000142, 32.00000000000000000, -17.47392445807271955 ) ) ;
#2237 = FACE_BOUND ( 'NONE', #2975, .T. ) ;
#2238 = DIRECTION ( 'NONE',  ( 0.000000000000000000, 0.000000000000000000, -1.000000000000000000 ) ) ;
#2239 = VERTEX_POINT ( 'NONE', #1374 ) ;
#2240 = VECTOR ( 'NONE', #3931, 1000.000000000000000 ) ;
#2241 = ORIENTED_EDGE ( 'NONE', *, *, #1744, .T. ) ;
#2242 = CARTESIAN_POINT ( 'NONE',  ( 23.25000000000000711, 4.000000000000000000, -6.399999999999991473 ) ) ;
#2243 = VECTOR ( 'NONE', #2402, 1000.000000000000000 ) ;
#2244 = VECTOR ( 'NONE', #3361, 1000.000000000000000 ) ;
#2245 = ORIENTED_EDGE ( 'NONE', *, *, #1161, .T. ) ;
#2246 = DIRECTION ( 'NONE',  ( 0.000000000000000000, 0.000000000000000000, 1.000000000000000000 ) ) ;
#2247 = LINE ( 'NONE', #812, #2749 ) ;
#2248 = ORIENTED_EDGE ( 'NONE', *, *, #3698, .F. ) ;
#2249 = ADVANCED_FACE ( 'NONE', ( #3138 ), #2482, .F. ) ;
#2250 = VERTEX_POINT ( 'NONE', #1053 ) ;
#2251 = LINE ( 'NONE', #448, #528 ) ;
#2252 = EDGE_CURVE ( 'NONE', #3854, #2178, #1840, .T. ) ;
#2253 = VECTOR ( 'NONE', #2070, 1000.000000000000000 ) ;
#2254 = CARTESIAN_POINT ( 'NONE',  ( 12.00000000000000178, 40.00000000000000000, 39.39999999999999858 ) ) ;
#2255 = EDGE_CURVE ( 'NONE', #2263, #3108, #2032, .T. ) ;
#2256 = CARTESIAN_POINT ( 'NONE',  ( 14.99999999999999822, -29.97142273814360536, 14.68614980554399096 ) ) ;
#2257 = CARTESIAN_POINT ( 'NONE',  ( 90.00000000000000000, 4.000000000000000000, -9.000000000000001776 ) ) ;
#2258 = CARTESIAN_POINT ( 'NONE',  ( 114.0000000000000000, 18.00000000000000355, 8.000000000000000000 ) ) ;
#2259 = CARTESIAN_POINT ( 'NONE',  ( 31.10046099916119289, 43.00000000000000000, 11.32055319899343893 ) ) ;
#2260 = DIRECTION ( 'NONE',  ( 0.000000000000000000, 0.000000000000000000, -1.000000000000000000 ) ) ;
#2261 = DIRECTION ( 'NONE',  ( 0.000000000000000000, 0.000000000000000000, -1.000000000000000000 ) ) ;
#2262 = DIRECTION ( 'NONE',  ( 0.000000000000000000, 0.000000000000000000, -1.000000000000000000 ) ) ;
#2263 = VERTEX_POINT ( 'NONE', #1026 ) ;
#2264 = VERTEX_POINT ( 'NONE', #1080 ) ;
#2265 = DIRECTION ( 'NONE',  ( 0.000000000000000000, 1.000000000000000000, 0.000000000000000000 ) ) ;
#2266 = ORIENTED_EDGE ( 'NONE', *, *, #3869, .F. ) ;
#2267 = DIRECTION ( 'NONE',  ( 0.000000000000000000, -1.000000000000000000, 0.000000000000000000 ) ) ;
#2268 = CARTESIAN_POINT ( 'NONE',  ( 110.0000000000000000, 10.00000000000000000, 32.40000000000000568 ) ) ;
#2269 = ORIENTED_EDGE ( 'NONE', *, *, #3148, .T. ) ;
#2270 = ORIENTED_EDGE ( 'NONE', *, *, #1473, .T. ) ;
#2271 = CARTESIAN_POINT ( 'NONE',  ( 108.5000000000000000, 5.499999999999998224, 46.89999999999999858 ) ) ;
#2272 = EDGE_CURVE ( 'NONE', #1139, #223, #430, .T. ) ;
#2273 = AXIS2_PLACEMENT_3D ( 'NONE', #1655, #2029, #4597 ) ;
#2274 = AXIS2_PLACEMENT_3D ( 'NONE', #1967, #1677, #2714 ) ;
#2275 = AXIS2_PLACEMENT_3D ( 'NONE', #4180, #959, #2414 ) ;
#2276 = EDGE_CURVE ( 'NONE', #773, #4490, #3037, .T. ) ;
#2277 = EDGE_CURVE ( 'NONE', #2375, #1268, #257, .T. ) ;
#2278 = CARTESIAN_POINT ( 'NONE',  ( 84.99999999999998579, 0.000000000000000000, 43.39999999999999858 ) ) ;
#2279 = FACE_OUTER_BOUND ( 'NONE', #2417, .T. ) ;
#2280 = FACE_OUTER_BOUND ( 'NONE', #15, .T. ) ;
#2281 = CARTESIAN_POINT ( 'NONE',  ( 32.04183660805285427, 29.73775521234108155, -17.47392445807271955 ) ) ;
#2282 = EDGE_CURVE ( 'NONE', #2327, #3920, #1776, .T. ) ;
#2283 = DIRECTION ( 'NONE',  ( -0.7682212795973757391, 0.000000000000000000, 0.6401843996644799306 ) ) ;
#2284 = LINE ( 'NONE', #158, #3883 ) ;
#2285 = CIRCLE ( 'NONE', #858, 3.000000000000000888 ) ;
#2286 = CARTESIAN_POINT ( 'NONE',  ( 5.886987115282993164E-15, 43.00000000000000000, 50.89999999999998437 ) ) ;
#2287 = CARTESIAN_POINT ( 'NONE',  ( 81.01217884246545964, 32.00000000000000000, 0.000000000000000000 ) ) ;
#2288 = CARTESIAN_POINT ( 'NONE',  ( 110.0000000000000000, 40.00000000000000000, 46.89999999999999858 ) ) ;
#2289 = VERTEX_POINT ( 'NONE', #649 ) ;
#2290 =( LENGTH_UNIT ( ) NAMED_UNIT ( * ) SI_UNIT ( .MILLI., .METRE. ) );
#2291 = CARTESIAN_POINT ( 'NONE',  ( 5.927290507873187639E-15, 5.499999999999998224, 48.39999999999999858 ) ) ;
#2292 = LINE ( 'NONE', #1973, #2727 ) ;
#2293 = AXIS2_PLACEMENT_3D ( 'NONE', #1443, #4016, #745 ) ;
#2294 = ORIENTED_EDGE ( 'NONE', *, *, #328, .F. ) ;
#2295 = ORIENTED_EDGE ( 'NONE', *, *, #169, .T. ) ;
#2296 = DIRECTION ( 'NONE',  ( -0.000000000000000000, -1.000000000000000000, -0.000000000000000000 ) ) ;
#2297 = VECTOR ( 'NONE', #724, 1000.000000000000000 ) ;
#2298 = AXIS2_PLACEMENT_3D ( 'NONE', #307, #2510, #3163 ) ;
#2299 = AXIS2_PLACEMENT_3D ( 'NONE', #2679, #4466, #2716 ) ;
#2300 = CARTESIAN_POINT ( 'NONE',  ( 35.59487516204666235, -29.97142273814360536, 42.39999999999999858 ) ) ;
#2301 = DIRECTION ( 'NONE',  ( -1.000000000000000000, 0.000000000000000000, 0.000000000000000000 ) ) ;
#2302 = EDGE_CURVE ( 'NONE', #4014, #3074, #197, .T. ) ;
#2303 = EDGE_CURVE ( 'NONE', #555, #2018, #1679, .T. ) ;
#2304 = CARTESIAN_POINT ( 'NONE',  ( 32.98782115753458299, 8.000000000000000000, -4.101020514433644237 ) ) ;
#2305 = DIRECTION ( 'NONE',  ( 0.000000000000000000, 0.000000000000000000, -1.000000000000000000 ) ) ;
#2306 = ORIENTED_EDGE ( 'NONE', *, *, #4508, .F. ) ;
#2307 = LINE ( 'NONE', #1556, #3462 ) ;
#2308 = EDGE_CURVE ( 'NONE', #1935, #910, #1399, .T. ) ;
#2309 = CARTESIAN_POINT ( 'NONE',  ( 17.30466383879211989, 43.00000000000000000, 12.76559660655055062 ) ) ;
#2310 = ORIENTED_EDGE ( 'NONE', *, *, #2432, .F. ) ;
#2311 = PRESENTATION_STYLE_ASSIGNMENT (( #1289 ) ) ;
#2312 = ADVANCED_FACE ( 'NONE', ( #4223 ), #4550, .T. ) ;
#2313 = AXIS2_PLACEMENT_3D ( 'NONE', #2118, #2473, #2171 ) ;
#2314 = CARTESIAN_POINT ( 'NONE',  ( 79.98782115753458299, 8.000000000000000000, 0.000000000000000000 ) ) ;
#2315 = ORIENTED_EDGE ( 'NONE', *, *, #3877, .F. ) ;
#2316 = ORIENTED_EDGE ( 'NONE', *, *, #2401, .F. ) ;
#2317 = CIRCLE ( 'NONE', #3812, 3.000000000000002665 ) ;
#2318 = PLANE ( 'NONE',  #360 ) ;
#2319 = VECTOR ( 'NONE', #3002, 1000.000000000000000 ) ;
#2320 = ORIENTED_EDGE ( 'NONE', *, *, #4062, .T. ) ;
#2321 = CIRCLE ( 'NONE', #2079, 3.000000000000002665 ) ;
#2322 = EDGE_LOOP ( 'NONE', ( #3140, #1413, #4161, #4030, #988 ) ) ;
#2323 = CARTESIAN_POINT ( 'NONE',  ( 29.21763703659002687, 5.074153516770942396, 0.05906304929258629488 ) ) ;
#2324 = CARTESIAN_POINT ( 'NONE',  ( 14.97034223441260892, 30.67099224744709929, 52.40000000000000568 ) ) ;
#2325 = AXIS2_PLACEMENT_3D ( 'NONE', #616, #2046, #3490 ) ;
#2326 = LINE ( 'NONE', #890, #151 ) ;
#2327 = VERTEX_POINT ( 'NONE', #676 ) ;
#2328 = EDGE_CURVE ( 'NONE', #2951, #249, #2830, .T. ) ;
#2329 = DIRECTION ( 'NONE',  ( -0.000000000000000000, -1.000000000000000000, 0.000000000000000000 ) ) ;
#2330 = LINE ( 'NONE', #893, #689 ) ;
#2331 = DIRECTION ( 'NONE',  ( 1.000000000000000000, 0.000000000000000000, 0.000000000000000000 ) ) ;
#2332 = VERTEX_POINT ( 'NONE', #3498 ) ;
#2333 = SURFACE_SIDE_STYLE ('',( #532 ) ) ;
#2334 = CYLINDRICAL_SURFACE ( 'NONE', #3510, 1.500000000000000000 ) ;
#2335 = VERTEX_POINT ( 'NONE', #4271 ) ;
#2336 = EDGE_LOOP ( 'NONE', ( #2215, #1873, #2921 ) ) ;
#2337 = EDGE_CURVE ( 'NONE', #1612, #4104, #3212, .T. ) ;
#2338 = CARTESIAN_POINT ( 'NONE',  ( 10.00000000000000533, 28.40874745978818083, -6.938893903907228378E-15 ) ) ;
#2339 = ORIENTED_EDGE ( 'NONE', *, *, #1745, .F. ) ;
#2340 = PRODUCT_DEFINITION_FORMATION_WITH_SPECIFIED_SOURCE ( 'ä»', '', #3925, .NOT_KNOWN. ) ;
#2341 = AXIS2_PLACEMENT_3D ( 'NONE', #1684, #1035, #3116 ) ;
#2342 =( NAMED_UNIT ( * ) PLANE_ANGLE_UNIT ( ) SI_UNIT ( $, .RADIAN. ) );
#2343 = CARTESIAN_POINT ( 'NONE',  ( 55.59487516204666235, 43.00000000000000000, 6.400000000000003020 ) ) ;
#2344 = VECTOR ( 'NONE', #365, 1000.000000000000000 ) ;
#2345 = CIRCLE ( 'NONE', #115, 2.999999999999997335 ) ;
#2346 = CARTESIAN_POINT ( 'NONE',  ( 101.0000000000000000, 14.59125254021184581, 48.39999999999999858 ) ) ;
#2347 = DIRECTION ( 'NONE',  ( 0.000000000000000000, 0.000000000000000000, -1.000000000000000000 ) ) ;
#2348 = CARTESIAN_POINT ( 'NONE',  ( 81.24784834517976151, 4.827348792664596822, 0.1479208917311513327 ) ) ;
#2349 = SPHERICAL_SURFACE ( 'NONE', #2544, 1.500000000000000000 ) ;
#2350 = EDGE_LOOP ( 'NONE', ( #3219, #1045, #3435, #2658 ) ) ;
#2351 = CARTESIAN_POINT ( 'NONE',  ( 70.26638702559253602, 25.00000000000000000, 16.00000000000000000 ) ) ;
#2352 = CARTESIAN_POINT ( 'NONE',  ( 101.0000000000000000, 14.59125254021184581, -17.47392445807271955 ) ) ;
#2353 = ORIENTED_EDGE ( 'NONE', *, *, #1412, .F. ) ;
#2354 = ADVANCED_FACE ( 'NONE', ( #3918, #335 ), #1350, .T. ) ;
#2355 = EDGE_LOOP ( 'NONE', ( #3795, #1463, #2721, #490, #273, #1716, #2763 ) ) ;
#2356 = CARTESIAN_POINT ( 'NONE',  ( 81.01217884246545964, 35.00000000000000000, 0.000000000000000000 ) ) ;
#2357 = ORIENTED_EDGE ( 'NONE', *, *, #4115, .F. ) ;
#2358 = AXIS2_PLACEMENT_3D ( 'NONE', #3763, #4107, #541 ) ;
#2359 = ADVANCED_FACE ( 'NONE', ( #2131 ), #2433, .F. ) ;
#2360 = VECTOR ( 'NONE', #3676, 1000.000000000000000 ) ;
#2361 = DIRECTION ( 'NONE',  ( 1.000000000000000000, 0.000000000000000000, 0.000000000000000000 ) ) ;
#2362 = CARTESIAN_POINT ( 'NONE',  ( 37.89953900083880001, 43.00000000000000000, 37.47944680100654580 ) ) ;
#2363 = ADVANCED_FACE ( 'NONE', ( #802 ), #826, .F. ) ;
#2364 = CYLINDRICAL_SURFACE ( 'NONE', #1491, 3.000000000000000888 ) ;
#2365 = VERTEX_POINT ( 'NONE', #109 ) ;
#2366 = DIRECTION ( 'NONE',  ( 0.000000000000000000, 0.000000000000000000, -1.000000000000000000 ) ) ;
#2367 = DIRECTION ( 'NONE',  ( 0.000000000000000000, -0.000000000000000000, -1.000000000000000000 ) ) ;
#2368 = CARTESIAN_POINT ( 'NONE',  ( 56.15294771916396144, 8.737755212341081545, 48.39999999999999858 ) ) ;
#2369 = VERTEX_POINT ( 'NONE', #2259 ) ;
#2370 = CARTESIAN_POINT ( 'NONE',  ( 32.98782115753458299, 11.00000000000000000, -17.47392445807271955 ) ) ;
#2371 = LINE ( 'NONE', #201, #2615 ) ;
#2372 = VERTEX_POINT ( 'NONE', #2565 ) ;
#2373 = ORIENTED_EDGE ( 'NONE', *, *, #1470, .F. ) ;
#2374 = PLANE ( 'NONE',  #148 ) ;
#2375 = VERTEX_POINT ( 'NONE', #2183 ) ;
#2376 = ADVANCED_FACE ( 'NONE', ( #86 ), #1508, .T. ) ;
#2377 = ORIENTED_EDGE ( 'NONE', *, *, #2941, .F. ) ;
#2378 = AXIS2_PLACEMENT_3D ( 'NONE', #4470, #4492, #3032 ) ;
#2379 = CARTESIAN_POINT ( 'NONE',  ( 23.25000000000000711, 2.000000000000000000, -7.999999999999992895 ) ) ;
#2380 = EDGE_CURVE ( 'NONE', #1779, #2327, #2910, .T. ) ;
#2381 = CIRCLE ( 'NONE', #1632, 1.500000000000000000 ) ;
#2382 = LINE ( 'NONE', #4169, #979 ) ;
#2383 = DIRECTION ( 'NONE',  ( 1.000000000000000000, -0.000000000000000000, 0.000000000000000000 ) ) ;
#2384 = EDGE_CURVE ( 'NONE', #2667, #3202, #89, .T. ) ;
#2385 = DIRECTION ( 'NONE',  ( -0.000000000000000000, 0.000000000000000000, 1.000000000000000000 ) ) ;
#2386 = ORIENTED_EDGE ( 'NONE', *, *, #1382, .F. ) ;
#2387 = CIRCLE ( 'NONE', #3062, 3.000000000000002665 ) ;
#2388 = DIRECTION ( 'NONE',  ( 1.000000000000000000, -0.000000000000000000, 0.000000000000000000 ) ) ;
#2389 = CARTESIAN_POINT ( 'NONE',  ( 100.0000000000000000, 9.000000000000001776, -4.000000000000000000 ) ) ;
#2390 = DIRECTION ( 'NONE',  ( 0.000000000000000000, 0.000000000000000000, -1.000000000000000000 ) ) ;
#2391 = VERTEX_POINT ( 'NONE', #3998 ) ;
#2392 = CARTESIAN_POINT ( 'NONE',  ( -0.000000000000000000, 35.00000000000000000, 52.40000000000000568 ) ) ;
#2393 = LINE ( 'NONE', #2439, #483 ) ;
#2394 = ORIENTED_EDGE ( 'NONE', *, *, #695, .F. ) ;
#2395 = CARTESIAN_POINT ( 'NONE',  ( 58.12328995357655970, 8.000000000000000000, -4.101020514433644237 ) ) ;
#2396 = ORIENTED_EDGE ( 'NONE', *, *, #3574, .T. ) ;
#2397 = CARTESIAN_POINT ( 'NONE',  ( 58.12328995357655970, 8.000000000000000000, 52.40000000000000568 ) ) ;
#2398 = ORIENTED_EDGE ( 'NONE', *, *, #2328, .F. ) ;
#2399 = ORIENTED_EDGE ( 'NONE', *, *, #291, .F. ) ;
#2400 = FACE_OUTER_BOUND ( 'NONE', #1416, .T. ) ;
#2401 = EDGE_CURVE ( 'NONE', #367, #3150, #134, .T. ) ;
#2402 = DIRECTION ( 'NONE',  ( -1.000000000000000000, 0.000000000000000000, 0.000000000000000000 ) ) ;
#2403 = ORIENTED_EDGE ( 'NONE', *, *, #2928, .F. ) ;
#2404 = FACE_BOUND ( 'NONE', #4407, .T. ) ;
#2405 = LINE ( 'NONE', #333, #480 ) ;
#2406 = CIRCLE ( 'NONE', #244, 3.000000000000002665 ) ;
#2407 = DIRECTION ( 'NONE',  ( -1.000000000000000000, 0.000000000000000000, 0.000000000000000000 ) ) ;
#2408 = EDGE_CURVE ( 'NONE', #4498, #4472, #1134, .T. ) ;
#2409 = VECTOR ( 'NONE', #3066, 1000.000000000000000 ) ;
#2410 = CARTESIAN_POINT ( 'NONE',  ( 9.999999999999998224, 0.000000000000000000, -4.000000000000000000 ) ) ;
#2411 = VECTOR ( 'NONE', #200, 1000.000000000000000 ) ;
#2412 = CARTESIAN_POINT ( 'NONE',  ( 15.00000000000000178, 43.00000000000000000, 39.39999999999999858 ) ) ;
#2413 = ORIENTED_EDGE ( 'NONE', *, *, #4287, .F. ) ;
#2414 = DIRECTION ( 'NONE',  ( 1.000000000000000000, 0.000000000000000000, 0.000000000000000000 ) ) ;
#2415 = CARTESIAN_POINT ( 'NONE',  ( 26.05383052824016943, 4.448588138131741587, -6.926646327410709070 ) ) ;
#2416 = VERTEX_POINT ( 'NONE', #1854 ) ;
#2417 = EDGE_LOOP ( 'NONE', ( #2870, #2201, #634, #3638 ) ) ;
#2418 = CARTESIAN_POINT ( 'NONE',  ( 110.0000000000000000, 33.00000000000000000, 32.40000000000000568 ) ) ;
#2419 = ORIENTED_EDGE ( 'NONE', *, *, #3817, .T. ) ;
#2420 = CARTESIAN_POINT ( 'NONE',  ( 30.49180327868851137, 43.00000000000000000, -25.40983606557376717 ) ) ;
#2421 = ORIENTED_EDGE ( 'NONE', *, *, #2276, .T. ) ;
#2422 = EDGE_LOOP ( 'NONE', ( #1253, #557, #4274, #765 ) ) ;
#2423 = DIRECTION ( 'NONE',  ( 0.000000000000000000, 0.000000000000000000, 1.000000000000000000 ) ) ;
#2424 = VECTOR ( 'NONE', #4377, 1000.000000000000000 ) ;
#2425 = FACE_OUTER_BOUND ( 'NONE', #2485, .T. ) ;
#2426 = ORIENTED_EDGE ( 'NONE', *, *, #944, .F. ) ;
#2427 = VECTOR ( 'NONE', #3215, 1000.000000000000000 ) ;
#2428 = AXIS2_PLACEMENT_3D ( 'NONE', #1424, #281, #2103 ) ;
#2429 = DIRECTION ( 'NONE',  ( -1.000000000000000000, 0.000000000000000000, 0.000000000000000000 ) ) ;
#2430 = EDGE_CURVE ( 'NONE', #3403, #2784, #777, .T. ) ;
#2431 = FACE_BOUND ( 'NONE', #2355, .T. ) ;
#2432 = EDGE_CURVE ( 'NONE', #2643, #3436, #726, .T. ) ;
#2433 = CYLINDRICAL_SURFACE ( 'NONE', #1983, 3.000000000000000000 ) ;
#2434 = CARTESIAN_POINT ( 'NONE',  ( 79.99999999999998579, 0.000000000000000000, 43.39999999999999858 ) ) ;
#2435 = VERTEX_POINT ( 'NONE', #2587 ) ;
#2436 = CARTESIAN_POINT ( 'NONE',  ( 102.0000000000000000, 40.00000000000000000, 9.400000000000002132 ) ) ;
#2437 = EDGE_CURVE ( 'NONE', #2365, #1988, #714, .T. ) ;
#2438 = PLANE ( 'NONE',  #4295 ) ;
#2439 = CARTESIAN_POINT ( 'NONE',  ( 35.98782115753458299, 11.00000000000000000, -17.47392445807271955 ) ) ;
#2440 = ORIENTED_EDGE ( 'NONE', *, *, #1100, .F. ) ;
#2441 = ORIENTED_EDGE ( 'NONE', *, *, #3426, .T. ) ;
#2442 = DIRECTION ( 'NONE',  ( -0.000000000000000000, -0.000000000000000000, -1.000000000000000000 ) ) ;
#2443 = ADVANCED_FACE ( 'NONE', ( #1203 ), #2959, .F. ) ;
#2444 = ORIENTED_EDGE ( 'NONE', *, *, #2117, .F. ) ;
#2445 = DIRECTION ( 'NONE',  ( 0.000000000000000000, -1.000000000000000000, 0.000000000000000000 ) ) ;
#2446 = ORIENTED_EDGE ( 'NONE', *, *, #4346, .T. ) ;
#2447 = VERTEX_POINT ( 'NONE', #4325 ) ;
#2448 = VERTEX_POINT ( 'NONE', #753 ) ;
#2449 = CYLINDRICAL_SURFACE ( 'NONE', #2172, 5.000000000000000000 ) ;
#2450 = CIRCLE ( 'NONE', #371, 1.600000000000002531 ) ;
#2451 = AXIS2_PLACEMENT_3D ( 'NONE', #1638, #930, #2731 ) ;
#2452 = DIRECTION ( 'NONE',  ( 0.000000000000000000, 0.000000000000000000, -1.000000000000000000 ) ) ;
#2453 = EDGE_LOOP ( 'NONE', ( #140, #3018, #598, #3416 ) ) ;
#2454 = CARTESIAN_POINT ( 'NONE',  ( 0.000000000000000000, 40.00000000000000000, -4.000000000000000000 ) ) ;
#2455 = CARTESIAN_POINT ( 'NONE',  ( 0.000000000000000000, -29.97142273814360536, 6.400000000000003020 ) ) ;
#2456 = CARTESIAN_POINT ( 'NONE',  ( 70.26638702559253602, 0.000000000000000000, 8.000000000000000000 ) ) ;
#2457 = CIRCLE ( 'NONE', #1261, 2.999999999999999112 ) ;
#2458 = DIRECTION ( 'NONE',  ( -0.000000000000000000, -1.000000000000000000, 0.000000000000000000 ) ) ;
#2459 = DIRECTION ( 'NONE',  ( -1.000000000000000000, 0.000000000000000000, 0.000000000000000000 ) ) ;
#2460 = EDGE_CURVE ( 'NONE', #2447, #3441, #3179, .T. ) ;
#2461 = EDGE_LOOP ( 'NONE', ( #4450, #3183, #3501, #343 ) ) ;
#2462 = CARTESIAN_POINT ( 'NONE',  ( 110.0000000000000000, 25.00000000000000000, 32.40000000000000568 ) ) ;
#2463 = DIRECTION ( 'NONE',  ( 1.000000000000000000, 0.000000000000000000, -0.000000000000000000 ) ) ;
#2464 = CARTESIAN_POINT ( 'NONE',  ( 95.00000000000000000, 4.000000000000000000, -9.000000000000001776 ) ) ;
#2465 = ORIENTED_EDGE ( 'NONE', *, *, #4163, .T. ) ;
#2466 = VECTOR ( 'NONE', #2296, 1000.000000000000000 ) ;
#2467 = VERTEX_POINT ( 'NONE', #1481 ) ;
#2468 = EDGE_CURVE ( 'NONE', #2598, #1806, #2235, .T. ) ;
#2469 = ADVANCED_FACE ( 'NONE', ( #3235 ), #2610, .F. ) ;
#2470 = FACE_OUTER_BOUND ( 'NONE', #3094, .T. ) ;
#2471 = ORIENTED_EDGE ( 'NONE', *, *, #787, .F. ) ;
#2472 = LINE ( 'NONE', #2420, #260 ) ;
#2473 = DIRECTION ( 'NONE',  ( 0.000000000000000000, -1.000000000000000000, 0.000000000000000000 ) ) ;
#2474 = ORIENTED_EDGE ( 'NONE', *, *, #3870, .F. ) ;
#2475 = EDGE_CURVE ( 'NONE', #3436, #1454, #3264, .T. ) ;
#2476 = CARTESIAN_POINT ( 'NONE',  ( 96.74999999999998579, 4.000000000000003553, 12.32000000000001272 ) ) ;
#2477 = LINE ( 'NONE', #1, #216 ) ;
#2478 = ORIENTED_EDGE ( 'NONE', *, *, #3692, .F. ) ;
#2479 = CARTESIAN_POINT ( 'NONE',  ( 86.75000000000000000, 40.00000000000000711, -8.000000000000000000 ) ) ;
#2480 = CARTESIAN_POINT ( 'NONE',  ( 79.99999999999998579, 0.000000000000000000, 0.000000000000000000 ) ) ;
#2481 = LINE ( 'NONE', #2880, #2665 ) ;
#2482 = CYLINDRICAL_SURFACE ( 'NONE', #2428, 1.600000000000002531 ) ;
#2483 = CARTESIAN_POINT ( 'NONE',  ( 2.915533057694772625E-15, 40.00000000000000000, 52.40000000000000568 ) ) ;
#2484 = AXIS2_PLACEMENT_3D ( 'NONE', #3679, #4330, #3297 ) ;
#2485 = EDGE_LOOP ( 'NONE', ( #3169, #4184, #2386, #203 ) ) ;
#2486 = EDGE_LOOP ( 'NONE', ( #2661, #3773, #3065, #4558 ) ) ;
#2487 = DIRECTION ( 'NONE',  ( 0.7540815958863057444, -0.6567807448042017882, 0.000000000000000000 ) ) ;
#2488 = DIRECTION ( 'NONE',  ( 0.000000000000000000, 1.000000000000000000, -0.000000000000000000 ) ) ;
#2489 = AXIS2_PLACEMENT_3D ( 'NONE', #2676, #2366, #564 ) ;
#2490 = ORIENTED_EDGE ( 'NONE', *, *, #862, .F. ) ;
#2491 = ORIENTED_EDGE ( 'NONE', *, *, #1715, .F. ) ;
#2492 = DIRECTION ( 'NONE',  ( 0.000000000000000000, 0.000000000000000000, 1.000000000000000000 ) ) ;
#2493 = ORIENTED_EDGE ( 'NONE', *, *, #2999, .T. ) ;
#2494 = DIRECTION ( 'NONE',  ( -1.000000000000000000, 0.000000000000000000, 0.000000000000000000 ) ) ;
#2495 = LINE ( 'NONE', #349, #2240 ) ;
#2496 = EDGE_CURVE ( 'NONE', #2139, #2000, #4284, .T. ) ;
#2497 = EDGE_CURVE ( 'NONE', #1765, #574, #3483, .T. ) ;
#2498 = ORIENTED_EDGE ( 'NONE', *, *, #2624, .F. ) ;
#2499 = VERTEX_POINT ( 'NONE', #2397 ) ;
#2500 = CARTESIAN_POINT ( 'NONE',  ( 101.0000000000000000, 35.00000000000000000, -17.47392445807271955 ) ) ;
#2501 = VECTOR ( 'NONE', #4032, 1000.000000000000000 ) ;
#2502 = DIRECTION ( 'NONE',  ( -1.000000000000000000, -0.000000000000000000, 1.224646799147352961E-16 ) ) ;
#2503 = ORIENTED_EDGE ( 'NONE', *, *, #601, .T. ) ;
#2504 = EDGE_CURVE ( 'NONE', #493, #464, #2472, .T. ) ;
#2505 = DIRECTION ( 'NONE',  ( 0.000000000000000000, 0.000000000000000000, 1.000000000000000000 ) ) ;
#2506 = DIRECTION ( 'NONE',  ( 0.000000000000000000, 0.000000000000000000, -1.000000000000000000 ) ) ;
#2507 = CIRCLE ( 'NONE', #3178, 2.999999999999999112 ) ;
#2508 = DIRECTION ( 'NONE',  ( -1.000000000000000000, 0.000000000000000000, -0.000000000000000000 ) ) ;
#2509 = AXIS2_PLACEMENT_3D ( 'NONE', #3639, #2267, #1494 ) ;
#2510 = DIRECTION ( 'NONE',  ( 0.000000000000000000, 0.000000000000000000, -1.000000000000000000 ) ) ;
#2511 = AXIS2_PLACEMENT_3D ( 'NONE', #2810, #4329, #1780 ) ;
#2512 = CARTESIAN_POINT ( 'NONE',  ( 57.76130055034150246, 7.999999999999998224, -4.101020514433642461 ) ) ;
#2513 = AXIS2_PLACEMENT_3D ( 'NONE', #70, #4337, #2196 ) ;
#2514 = ORIENTED_EDGE ( 'NONE', *, *, #4059, .T. ) ;
#2515 = DIRECTION ( 'NONE',  ( 0.000000000000000000, 1.000000000000000000, 0.000000000000000000 ) ) ;
#2516 = DIRECTION ( 'NONE',  ( 0.000000000000000000, 0.000000000000000000, 1.000000000000000000 ) ) ;
#2517 = DIRECTION ( 'NONE',  ( 0.000000000000000000, 0.000000000000000000, -1.000000000000000000 ) ) ;
#2518 = ORIENTED_EDGE ( 'NONE', *, *, #945, .T. ) ;
#2519 = ORIENTED_EDGE ( 'NONE', *, *, #75, .T. ) ;
#2520 = DIRECTION ( 'NONE',  ( -0.000000000000000000, -0.000000000000000000, 1.000000000000000000 ) ) ;
#2521 = ORIENTED_EDGE ( 'NONE', *, *, #1719, .F. ) ;
#2522 = LINE ( 'NONE', #2575, #4023 ) ;
#2523 = LINE ( 'NONE', #4285, #3884 ) ;
#2524 = ORIENTED_EDGE ( 'NONE', *, *, #3284, .F. ) ;
#2525 = ORIENTED_EDGE ( 'NONE', *, *, #2840, .T. ) ;
#2526 = DIRECTION ( 'NONE',  ( -0.000000000000000000, -0.000000000000000000, 1.000000000000000000 ) ) ;
#2527 = ADVANCED_FACE ( 'NONE', ( #2792 ), #4209, .F. ) ;
#2528 = AXIS2_PLACEMENT_3D ( 'NONE', #3794, #554, #3776 ) ;
#2529 = EDGE_CURVE ( 'NONE', #4205, #4197, #3417, .T. ) ;
#2530 = DIRECTION ( 'NONE',  ( -0.000000000000000000, -1.000000000000000000, -0.000000000000000000 ) ) ;
#2531 = B_SPLINE_CURVE_WITH_KNOTS ( 'NONE', 3,
 ( #658, #2860, #4277, #2085, #366, #1731, #960, #3168, #3899, #4631 ),
 .UNSPECIFIED., .F., .F.,
 ( 4, 2, 2, 2, 4 ),
 ( 0.000000000000000000, 0.0006274342278433683688, 0.001254868455686736738, 0.001882302683530105106, 0.002509736911373473475 ),
 .UNSPECIFIED. ) ;
#2532 = ORIENTED_EDGE ( 'NONE', *, *, #3068, .F. ) ;
#2533 = CIRCLE ( 'NONE', #3591, 2.999999999999999112 ) ;
#2534 = DIRECTION ( 'NONE',  ( 0.000000000000000000, 1.000000000000000000, 0.000000000000000000 ) ) ;
#2535 = CYLINDRICAL_SURFACE ( 'NONE', #519, 3.000000000000000000 ) ;
#2536 = CARTESIAN_POINT ( 'NONE',  ( 100.0000000000000000, 0.000000000000000000, -4.000000000000000000 ) ) ;
#2537 = VECTOR ( 'NONE', #4401, 1000.000000000000000 ) ;
#2538 = EDGE_CURVE ( 'NONE', #1394, #3658, #2092, .T. ) ;
#2539 = CARTESIAN_POINT ( 'NONE',  ( 0.000000000000000000, -29.97142273814360536, 6.400000000000003020 ) ) ;
#2540 = VECTOR ( 'NONE', #1201, 1000.000000000000000 ) ;
#2541 = CARTESIAN_POINT ( 'NONE',  ( 81.95816339194719546, 13.26224478765891135, 0.000000000000000000 ) ) ;
#2542 = ORIENTED_EDGE ( 'NONE', *, *, #142, .F. ) ;
#2543 = CYLINDRICAL_SURFACE ( 'NONE', #3728, 5.000000000000000888 ) ;
#2544 = AXIS2_PLACEMENT_3D ( 'NONE', #4118, #2331, #1622 ) ;
#2545 = CARTESIAN_POINT ( 'NONE',  ( 13.25000000000000888, 4.000000000000000000, 7.720000000000013962 ) ) ;
#2546 = ORIENTED_EDGE ( 'NONE', *, *, #2228, .F. ) ;
#2547 = CARTESIAN_POINT ( 'NONE',  ( 1.837278106508884123, 42.10946745562130644, 48.39999999999999858 ) ) ;
#2548 = EDGE_LOOP ( 'NONE', ( #907, #984, #2126, #3475 ) ) ;
#2549 = ORIENTED_EDGE ( 'NONE', *, *, #3817, .F. ) ;
#2550 = CARTESIAN_POINT ( 'NONE',  ( 108.5000000000000000, 40.00000000000000000, 46.89999999999999858 ) ) ;
#2551 = ORIENTED_EDGE ( 'NONE', *, *, #3442, .T. ) ;
#2552 = CARTESIAN_POINT ( 'NONE',  ( 83.57071421427140478, 4.000000000000000000, 46.89999999999999858 ) ) ;
#2553 = FACE_OUTER_BOUND ( 'NONE', #2690, .T. ) ;
#2554 = AXIS2_PLACEMENT_3D ( 'NONE', #471, #4015, #4040 ) ;
#2555 = ORIENTED_EDGE ( 'NONE', *, *, #2123, .F. ) ;
#2556 = ORIENTED_EDGE ( 'NONE', *, *, #4622, .T. ) ;
#2557 = DIRECTION ( 'NONE',  ( -1.000000000000000000, -0.000000000000000000, -0.000000000000000000 ) ) ;
#2558 = CARTESIAN_POINT ( 'NONE',  ( 110.0000000000000000, 18.00000000000000355, 40.40000000000000568 ) ) ;
#2559 = ORIENTED_EDGE ( 'NONE', *, *, #725, .T. ) ;
#2560 = CARTESIAN_POINT ( 'NONE',  ( 86.75000000000000000, 6.000000000000012434, -4.999999999999992006 ) ) ;
#2561 = DIRECTION ( 'NONE',  ( -0.7540815958863057444, 0.6567807448042017882, 0.000000000000000000 ) ) ;
#2562 = DIRECTION ( 'NONE',  ( -1.000000000000000000, -0.000000000000000000, -0.000000000000000000 ) ) ;
#2563 = ADVANCED_FACE ( 'NONE', ( #4233 ), #3929, .T. ) ;
#2564 = EDGE_CURVE ( 'NONE', #1167, #3914, #4637, .T. ) ;
#2565 = CARTESIAN_POINT ( 'NONE',  ( 112.5000000000000000, 41.50000000000000000, 52.40000000000000568 ) ) ;
#2566 = LINE ( 'NONE', #3266, #2537 ) ;
#2567 = CARTESIAN_POINT ( 'NONE',  ( 20.96647439371820099, 4.963398777097442149, -6.041384812826771977 ) ) ;
#2568 = EDGE_CURVE ( 'NONE', #3926, #2017, #1672, .T. ) ;
#2569 = ORIENTED_EDGE ( 'NONE', *, *, #2962, .F. ) ;
#2570 = DIRECTION ( 'NONE',  ( 0.000000000000000000, 1.000000000000000000, -0.000000000000000000 ) ) ;
#2571 = ORIENTED_EDGE ( 'NONE', *, *, #977, .F. ) ;
#2572 = VERTEX_POINT ( 'NONE', #1691 ) ;
#2573 = CARTESIAN_POINT ( 'NONE',  ( 0.000000000000000000, 35.00000000000000000, -4.000000000000000000 ) ) ;
#2574 = EDGE_LOOP ( 'NONE', ( #3350, #2593, #916, #381 ) ) ;
#2575 = CARTESIAN_POINT ( 'NONE',  ( 12.78688524590162956, 43.00000000000000000, -10.65573770491802641 ) ) ;
#2576 = LINE ( 'NONE', #122, #2906 ) ;
#2577 = AXIS2_PLACEMENT_3D ( 'NONE', #438, #2612, #10 ) ;
#2578 = EDGE_LOOP ( 'NONE', ( #2220, #470, #425, #2826 ) ) ;
#2579 = AXIS2_PLACEMENT_3D ( 'NONE', #3607, #2917, #2262 ) ;
#2580 = ORIENTED_EDGE ( 'NONE', *, *, #1611, .T. ) ;
#2581 = LINE ( 'NONE', #1998, #277 ) ;
#2582 = FACE_BOUND ( 'NONE', #3238, .T. ) ;
#2583 = ORIENTED_EDGE ( 'NONE', *, *, #2224, .T. ) ;
#2584 = CARTESIAN_POINT ( 'NONE',  ( 83.75771475129947419, 4.156697312994030113, -7.751505873555625925 ) ) ;
#2585 = PLANE ( 'NONE',  #2074 ) ;
#2586 = DIRECTION ( 'NONE',  ( -0.000000000000000000, 0.000000000000000000, 1.000000000000000000 ) ) ;
#2587 = CARTESIAN_POINT ( 'NONE',  ( 55.59487516204666235, 43.00000000000000000, 6.400000000000003020 ) ) ;
#2588 = DIRECTION ( 'NONE',  ( -0.000000000000000000, 1.000000000000000000, -0.000000000000000000 ) ) ;
#2589 = CIRCLE ( 'NONE', #4017, 2.999999999999997335 ) ;
#2590 = EDGE_CURVE ( 'NONE', #3176, #2867, #2968, .T. ) ;
#2591 = PLANE ( 'NONE',  #4443 ) ;
#2592 = CARTESIAN_POINT ( 'NONE',  ( 108.5000000000000000, 38.50000000000000000, 0.000000000000000000 ) ) ;
#2593 = ORIENTED_EDGE ( 'NONE', *, *, #2057, .T. ) ;
#2594 = AXIS2_PLACEMENT_3D ( 'NONE', #4047, #1451, #2882 ) ;
#2595 = ORIENTED_EDGE ( 'NONE', *, *, #3216, .F. ) ;
#2596 = CARTESIAN_POINT ( 'NONE',  ( 79.98782115753458299, 8.000000000000000000, -4.101020514433644237 ) ) ;
#2597 = EDGE_CURVE ( 'NONE', #464, #1806, #2881, .T. ) ;
#2598 = VERTEX_POINT ( 'NONE', #1763 ) ;
#2599 = CYLINDRICAL_SURFACE ( 'NONE', #1548, 1.500000000000001332 ) ;
#2600 = FACE_OUTER_BOUND ( 'NONE', #1996, .T. ) ;
#2601 = ORIENTED_EDGE ( 'NONE', *, *, #2964, .T. ) ;
#2602 = EDGE_LOOP ( 'NONE', ( #3635, #1461, #180, #26 ) ) ;
#2603 = EDGE_CURVE ( 'NONE', #2741, #2049, #1414, .T. ) ;
#2604 = CARTESIAN_POINT ( 'NONE',  ( 13.25000000000000888, 4.000000000000003553, 12.32000000000001272 ) ) ;
#2605 = CARTESIAN_POINT ( 'NONE',  ( 83.57071421427140478, 4.000000000000000000, 46.89999999999999858 ) ) ;
#2606 = AXIS2_PLACEMENT_3D ( 'NONE', #2742, #964, #3438 ) ;
#2607 = CARTESIAN_POINT ( 'NONE',  ( 10.00000000000000533, 11.00000000000000000, -17.47392445807271955 ) ) ;
#2608 = DIRECTION ( 'NONE',  ( -0.000000000000000000, -1.000000000000000000, 0.000000000000000000 ) ) ;
#2609 = CARTESIAN_POINT ( 'NONE',  ( 0.000000000000000000, 35.00000000000000000, 0.000000000000000000 ) ) ;
#2610 = PLANE ( 'NONE',  #2594 ) ;
#2611 = DIRECTION ( 'NONE',  ( 0.000000000000000000, 0.000000000000000000, -1.000000000000000000 ) ) ;
#2612 = DIRECTION ( 'NONE',  ( -0.000000000000000000, -1.000000000000000000, 0.000000000000000000 ) ) ;
#2613 = DIRECTION ( 'NONE',  ( -0.7682212795973757391, 0.000000000000000000, 0.6401843996644799306 ) ) ;
#2614 = ORIENTED_EDGE ( 'NONE', *, *, #3796, .T. ) ;
#2615 = VECTOR ( 'NONE', #1972, 1000.000000000000000 ) ;
#2616 = EDGE_CURVE ( 'NONE', #3513, #1088, #2042, .T. ) ;
#2617 = ORIENTED_EDGE ( 'NONE', *, *, #3396, .T. ) ;
#2618 = CARTESIAN_POINT ( 'NONE',  ( 81.40311447799624034, 8.346539826970268194, -4.042131340147308016 ) ) ;
#2619 = AXIS2_PLACEMENT_3D ( 'NONE', #3862, #2150, #671 ) ;
#2620 = ORIENTED_EDGE ( 'NONE', *, *, #162, .F. ) ;
#2621 = CARTESIAN_POINT ( 'NONE',  ( 79.99999999999998579, 5.500000000000000000, 48.39999999999999858 ) ) ;
#2622 = LINE ( 'NONE', #2947, #1400 ) ;
#2623 = ORIENTED_EDGE ( 'NONE', *, *, #2277, .F. ) ;
#2624 = EDGE_CURVE ( 'NONE', #3123, #294, #2216, .T. ) ;
#2625 = EDGE_CURVE ( 'NONE', #1903, #2120, #2902, .T. ) ;
#2626 = EDGE_LOOP ( 'NONE', ( #4127, #3514, #1369, #3761, #1992 ) ) ;
#2627 = CARTESIAN_POINT ( 'NONE',  ( 81.01217884246545964, 35.00000000000000000, 48.39999999999999858 ) ) ;
#2628 = ADVANCED_FACE ( 'NONE', ( #3251 ), #2599, .F. ) ;
#2629 = CARTESIAN_POINT ( 'NONE',  ( 0.000000000000000000, 38.50000000000000000, 1.500000000000000000 ) ) ;
#2630 = CARTESIAN_POINT ( 'NONE',  ( 85.76338194984194274, 5.800659998939746487, -5.156328664104773196 ) ) ;
#2631 = SPHERICAL_SURFACE ( 'NONE', #1633, 1.500000000000000000 ) ;
#2632 = CARTESIAN_POINT ( 'NONE',  ( 37.89953900083880001, -29.97142273814360536, 37.47944680100654580 ) ) ;
#2633 = CARTESIAN_POINT ( 'NONE',  ( 0.000000000000000000, 41.50000000000000000, -4.000000000000000000 ) ) ;
#2634 = CARTESIAN_POINT ( 'NONE',  ( 15.00000000000000000, 4.000000000000000000, -9.000000000000001776 ) ) ;
#2635 = DIRECTION ( 'NONE',  ( 1.156482317317871133E-15, 0.000000000000000000, 1.000000000000000000 ) ) ;
#2636 = CARTESIAN_POINT ( 'NONE',  ( 114.0000000000000000, 33.00000000000000000, 16.00000000000000000 ) ) ;
#2637 = CYLINDRICAL_SURFACE ( 'NONE', #642, 2.999999999999997335 ) ;
#2638 = VERTEX_POINT ( 'NONE', #1886 ) ;
#2639 = LINE ( 'NONE', #4078, #1859 ) ;
#2640 = AXIS2_PLACEMENT_3D ( 'NONE', #4573, #1370, #4322 ) ;
#2641 = DIRECTION ( 'NONE',  ( 0.7540815958863057444, -0.6567807448042017882, 0.000000000000000000 ) ) ;
#2642 = ORIENTED_EDGE ( 'NONE', *, *, #3308, .F. ) ;
#2643 = VERTEX_POINT ( 'NONE', #3302 ) ;
#2644 = CARTESIAN_POINT ( 'NONE',  ( -8.673617379884035472E-16, 43.00000000000000000, -4.000000000000000000 ) ) ;
#2645 = ADVANCED_FACE ( 'NONE', ( #3612 ), #1119, .F. ) ;
#2646 = VECTOR ( 'NONE', #2561, 1000.000000000000114 ) ;
#2647 = ADVANCED_FACE ( 'NONE', ( #43 ), #491, .F. ) ;
#2648 = MECHANICAL_DESIGN_GEOMETRIC_PRESENTATION_REPRESENTATION (  '', ( #2203 ), #3634 ) ;
#2649 = CARTESIAN_POINT ( 'NONE',  ( 114.0000000000000000, 0.000000000000000000, -2.500000000000000000 ) ) ;
#2650 = CARTESIAN_POINT ( 'NONE',  ( 83.78235557861052030, 4.017741258053804998, -8.507498778932255590 ) ) ;
#2651 = CARTESIAN_POINT ( 'NONE',  ( 29.84384881738289508, 5.414472625803846917, 9.529120656610874963E-19 ) ) ;
#2652 = CYLINDRICAL_SURFACE ( 'NONE', #2796, 3.000000000000002665 ) ;
#2653 = CARTESIAN_POINT ( 'NONE',  ( 0.000000000000000000, -29.97142273814360536, 42.39999999999999858 ) ) ;
#2654 = EDGE_CURVE ( 'NONE', #1088, #2178, #331, .T. ) ;
#2655 = DIRECTION ( 'NONE',  ( -0.000000000000000000, -0.000000000000000000, -1.000000000000000000 ) ) ;
#2656 = CARTESIAN_POINT ( 'NONE',  ( 21.64006708799806589, 5.467096847661684578, -5.458394511822391770 ) ) ;
#2657 = DIRECTION ( 'NONE',  ( -1.000000000000000000, 3.469446951953611033E-15, 0.000000000000000000 ) ) ;
#2658 = ORIENTED_EDGE ( 'NONE', *, *, #3093, .T. ) ;
#2659 = CARTESIAN_POINT ( 'NONE',  ( 70.26638702559253602, 10.00000000000000000, 0.000000000000000000 ) ) ;
#2660 = CARTESIAN_POINT ( 'NONE',  ( 108.5000000000000000, 38.50000000000000000, 1.500000000000000000 ) ) ;
#2661 = ORIENTED_EDGE ( 'NONE', *, *, #4353, .F. ) ;
#2662 = VECTOR ( 'NONE', #2982, 1000.000000000000000 ) ;
#2663 = ORIENTED_EDGE ( 'NONE', *, *, #2430, .F. ) ;
#2664 = CARTESIAN_POINT ( 'NONE',  ( 108.5000000000000000, 38.50000000000000000, 46.89999999999999858 ) ) ;
#2665 = VECTOR ( 'NONE', #3917, 1000.000000000000000 ) ;
#2666 = VECTOR ( 'NONE', #380, 1000.000000000000000 ) ;
#2667 = VERTEX_POINT ( 'NONE', #3329 ) ;
#2668 = ORIENTED_EDGE ( 'NONE', *, *, #1344, .T. ) ;
#2669 = EDGE_CURVE ( 'NONE', #3558, #733, #795, .T. ) ;
#2670 = AXIS2_PLACEMENT_3D ( 'NONE', #3007, #786, #2657 ) ;
#2671 = DIRECTION ( 'NONE',  ( -1.000000000000000000, 0.000000000000000000, 0.000000000000000000 ) ) ;
#2672 = CARTESIAN_POINT ( 'NONE',  ( 34.01217884246545964, 32.00000000000000000, -17.47392445807271955 ) ) ;
#2673 = EDGE_CURVE ( 'NONE', #4010, #1714, #3857, .T. ) ;
#2674 = FACE_BOUND ( 'NONE', #798, .T. ) ;
#2675 = VERTEX_POINT ( 'NONE', #766 ) ;
#2676 = CARTESIAN_POINT ( 'NONE',  ( 0.000000000000000000, 40.00000000000000000, 0.000000000000000000 ) ) ;
#2677 = DIRECTION ( 'NONE',  ( -0.000000000000000000, 0.000000000000000000, 1.000000000000000000 ) ) ;
#2678 = EDGE_CURVE ( 'NONE', #1438, #4307, #133, .T. ) ;
#2679 = CARTESIAN_POINT ( 'NONE',  ( 79.98782115753458299, 10.99999999999999645, 52.40000000000000568 ) ) ;
#2680 = ORIENTED_EDGE ( 'NONE', *, *, #4517, .T. ) ;
#2681 = FILL_AREA_STYLE ('',( #586 ) ) ;
#2682 = CIRCLE ( 'NONE', #4043, 1.600000000000004974 ) ;
#2683 = DIRECTION ( 'NONE',  ( -0.000000000000000000, -0.000000000000000000, -1.000000000000000000 ) ) ;
#2684 = ORIENTED_EDGE ( 'NONE', *, *, #2840, .F. ) ;
#2685 = ORIENTED_EDGE ( 'NONE', *, *, #474, .T. ) ;
#2686 = AXIS2_PLACEMENT_3D ( 'NONE', #3940, #1346, #1073 ) ;
#2687 = CARTESIAN_POINT ( 'NONE',  ( 81.01217884246545964, 32.00000000000000000, -4.000000000000000000 ) ) ;
#2688 = ORIENTED_EDGE ( 'NONE', *, *, #4171, .T. ) ;
#2689 = VECTOR ( 'NONE', #3213, 1000.000000000000000 ) ;
#2690 = EDGE_LOOP ( 'NONE', ( #1244, #3848, #418, #1709 ) ) ;
#2691 = VECTOR ( 'NONE', #3307, 1000.000000000000000 ) ;
#2692 = DIRECTION ( 'NONE',  ( 1.156482317317870344E-15, 1.000000000000000000, -0.000000000000000000 ) ) ;
#2693 = LINE ( 'NONE', #3783, #2409 ) ;
#2694 = ADVANCED_FACE ( 'NONE', ( #3663 ), #1145, .F. ) ;
#2695 = CARTESIAN_POINT ( 'NONE',  ( 95.00000000000000000, 4.000000000000000000, -9.000000000000001776 ) ) ;
#2696 = CARTESIAN_POINT ( 'NONE',  ( 110.0000000000000000, 33.00000000000000000, 16.00000000000000000 ) ) ;
#2697 = ADVANCED_FACE ( 'NONE', ( #789 ), #3685, .F. ) ;
#2698 = ORIENTED_EDGE ( 'NONE', *, *, #301, .T. ) ;
#2699 = DIRECTION ( 'NONE',  ( 1.000000000000000000, 0.000000000000000000, 0.000000000000000000 ) ) ;
#2700 = CARTESIAN_POINT ( 'NONE',  ( 98.99999999999998579, 40.00000000000000000, 9.400000000000002132 ) ) ;
#2701 = DIRECTION ( 'NONE',  ( 1.445602896647339410E-16, 0.000000000000000000, 1.000000000000000000 ) ) ;
#2702 = ORIENTED_EDGE ( 'NONE', *, *, #1344, .F. ) ;
#2703 = ORIENTED_EDGE ( 'NONE', *, *, #481, .T. ) ;
#2704 = DIRECTION ( 'NONE',  ( -0.000000000000000000, -0.000000000000000000, 1.000000000000000000 ) ) ;
#2705 = EDGE_CURVE ( 'NONE', #2369, #2572, #2522, .T. ) ;
#2706 = ORIENTED_EDGE ( 'NONE', *, *, #2654, .F. ) ;
#2707 = ORIENTED_EDGE ( 'NONE', *, *, #3907, .F. ) ;
#2708 = ORIENTED_EDGE ( 'NONE', *, *, #1321, .T. ) ;
#2709 = AXIS2_PLACEMENT_3D ( 'NONE', #2287, #4426, #1206 ) ;
#2710 = FACE_OUTER_BOUND ( 'NONE', #1338, .T. ) ;
#2711 = CIRCLE ( 'NONE', #2273, 3.000000000000007994 ) ;
#2712 = AXIS2_PLACEMENT_3D ( 'NONE', #382, #1395, #2429 ) ;
#2713 = FACE_OUTER_BOUND ( 'NONE', #1195, .T. ) ;
#2714 = DIRECTION ( 'NONE',  ( -1.000000000000000000, 0.000000000000000000, 0.000000000000000000 ) ) ;
#2715 = CARTESIAN_POINT ( 'NONE',  ( 79.99999999999998579, 5.499999999999998224, 0.000000000000000000 ) ) ;
#2716 = DIRECTION ( 'NONE',  ( -1.000000000000000000, 0.000000000000000000, 0.000000000000000000 ) ) ;
#2717 = ADVANCED_FACE ( 'NONE', ( #96 ), #2946, .F. ) ;
#2718 = EDGE_LOOP ( 'NONE', ( #3831, #67, #1936, #3933 ) ) ;
#2719 = DIRECTION ( 'NONE',  ( 0.000000000000000000, 0.000000000000000000, 1.000000000000000000 ) ) ;
#2720 = LINE ( 'NONE', #1290, #4342 ) ;
#2721 = ORIENTED_EDGE ( 'NONE', *, *, #3727, .T. ) ;
#2722 = EDGE_CURVE ( 'NONE', #2138, #224, #1562, .T. ) ;
#2723 = CARTESIAN_POINT ( 'NONE',  ( 104.0000000000000142, 14.59125254021184581, -4.000000000000000000 ) ) ;
#2724 = ORIENTED_EDGE ( 'NONE', *, *, #3063, .T. ) ;
#2725 = ORIENTED_EDGE ( 'NONE', *, *, #2430, .T. ) ;
#2726 = ADVANCED_FACE ( 'NONE', ( #4468 ), #1645, .F. ) ;
#2727 = VECTOR ( 'NONE', #1564, 1000.000000000000000 ) ;
#2728 = CARTESIAN_POINT ( 'NONE',  ( 34.40311447799626166, 8.346539826970271747, -4.042131340147306240 ) ) ;
#2729 = DIRECTION ( 'NONE',  ( 0.000000000000000000, 0.000000000000000000, 1.000000000000000000 ) ) ;
#2730 = DIRECTION ( 'NONE',  ( -0.6567807448042018992, -0.7540815958863058555, 0.000000000000000000 ) ) ;
#2731 = DIRECTION ( 'NONE',  ( 0.000000000000000000, 0.000000000000000000, 1.000000000000000000 ) ) ;
#2732 = ORIENTED_EDGE ( 'NONE', *, *, #3013, .F. ) ;
#2733 = LINE ( 'NONE', #1304, #1595 ) ;
#2734 = PLANE ( 'NONE',  #1066 ) ;
#2735 = CARTESIAN_POINT ( 'NONE',  ( 13.00000000000000533, 28.40874745978818083, 52.40000000000000568 ) ) ;
#2736 = ORIENTED_EDGE ( 'NONE', *, *, #1242, .T. ) ;
#2737 = SPHERICAL_SURFACE ( 'NONE', #2275, 1.500000000000000000 ) ;
#2738 = VECTOR ( 'NONE', #3480, 1000.000000000000000 ) ;
#2739 = DIRECTION ( 'NONE',  ( -1.000000000000000000, 0.000000000000000000, 0.000000000000000000 ) ) ;
#2740 = ORIENTED_EDGE ( 'NONE', *, *, #2805, .F. ) ;
#2741 = VERTEX_POINT ( 'NONE', #4139 ) ;
#2742 = CARTESIAN_POINT ( 'NONE',  ( 35.59487516204666235, 43.00000000000000000, 39.39999999999999858 ) ) ;
#2743 = ORIENTED_EDGE ( 'NONE', *, *, #3450, .F. ) ;
#2744 = CARTESIAN_POINT ( 'NONE',  ( 87.25868522597875199, 5.946374292360178337, -5.040696144299998238 ) ) ;
#2745 = ORIENTED_EDGE ( 'NONE', *, *, #2181, .T. ) ;
#2746 = ADVANCED_FACE ( 'NONE', ( #2992 ), #3788, .F. ) ;
#2747 = ORIENTED_EDGE ( 'NONE', *, *, #820, .F. ) ;
#2748 = AXIS2_PLACEMENT_3D ( 'NONE', #524, #3764, #3742 ) ;
#2749 = VECTOR ( 'NONE', #469, 1000.000000000000000 ) ;
#2750 = CARTESIAN_POINT ( 'NONE',  ( 10.00000000000000533, 0.000000000000000000, 52.40000000000000568 ) ) ;
#2751 = AXIS2_PLACEMENT_3D ( 'NONE', #651, #2056, #3164 ) ;
#2752 = EDGE_CURVE ( 'NONE', #3275, #1674, #1598, .T. ) ;
#2753 = DIRECTION ( 'NONE',  ( -0.000000000000000000, 1.000000000000000000, 0.000000000000000000 ) ) ;
#2754 = ORIENTED_EDGE ( 'NONE', *, *, #622, .F. ) ;
#2755 = AXIS2_PLACEMENT_3D ( 'NONE', #73, #1472, #3283 ) ;
#2756 = DIRECTION ( 'NONE',  ( 1.000000000000000000, 0.000000000000000000, 0.000000000000000000 ) ) ;
#2757 = FACE_OUTER_BOUND ( 'NONE', #1211, .T. ) ;
#2758 = CARTESIAN_POINT ( 'NONE',  ( 81.95816339194719546, 13.26224478765891135, 52.40000000000000568 ) ) ;
#2759 = ORIENTED_EDGE ( 'NONE', *, *, #3599, .T. ) ;
#2760 = CARTESIAN_POINT ( 'NONE',  ( 0.000000000000000000, 38.50000000000000000, 0.000000000000000000 ) ) ;
#2761 = CARTESIAN_POINT ( 'NONE',  ( 25.04766503022232271, 5.340054925039390277, -5.587997326659073671 ) ) ;
#2762 = VERTEX_POINT ( 'NONE', #3432 ) ;
#2763 = ORIENTED_EDGE ( 'NONE', *, *, #1834, .T. ) ;
#2764 = DIRECTION ( 'NONE',  ( -0.000000000000000000, 0.000000000000000000, 1.000000000000000000 ) ) ;
#2765 = EDGE_LOOP ( 'NONE', ( #882, #808, #834, #2814, #2839, #2014, #4211, #3458, #3521, #2525 ) ) ;
#2766 = CARTESIAN_POINT ( 'NONE',  ( 87.95383436687991718, 5.692603647338005501, -5.249601690991441139 ) ) ;
#2767 = ORIENTED_EDGE ( 'NONE', *, *, #4064, .F. ) ;
#2768 = ORIENTED_EDGE ( 'NONE', *, *, #894, .T. ) ;
#2769 = CARTESIAN_POINT ( 'NONE',  ( 33.40512483795331633, -29.97142273814360536, 6.400000000000003020 ) ) ;
#2770 = ADVANCED_FACE ( 'NONE', ( #221 ), #3071, .F. ) ;
#2771 = EDGE_CURVE ( 'NONE', #2924, #1612, #4158, .T. ) ;
#2772 = AXIS2_PLACEMENT_3D ( 'NONE', #842, #2979, #455 ) ;
#2773 = EDGE_CURVE ( 'NONE', #4498, #3903, #3009, .T. ) ;
#2774 = FACE_OUTER_BOUND ( 'NONE', #2422, .T. ) ;
#2775 = ORIENTED_EDGE ( 'NONE', *, *, #1895, .T. ) ;
#2776 = DIRECTION ( 'NONE',  ( 0.000000000000000000, 0.000000000000000000, -1.000000000000000000 ) ) ;
#2777 = CARTESIAN_POINT ( 'NONE',  ( 1.836970198721029688E-16, 5.499999999999998224, 1.500000000000000000 ) ) ;
#2778 = VECTOR ( 'NONE', #3649, 1000.000000000000000 ) ;
#2779 = CIRCLE ( 'NONE', #3542, 1.500000000000001332 ) ;
#2780 = EDGE_CURVE ( 'NONE', #3856, #733, #1269, .T. ) ;
#2781 = DIRECTION ( 'NONE',  ( 0.000000000000000000, 1.000000000000000000, -0.000000000000000000 ) ) ;
#2782 = AXIS2_PLACEMENT_3D ( 'NONE', #1581, #4120, #1931 ) ;
#2783 = DIRECTION ( 'NONE',  ( 0.000000000000000000, 1.000000000000000000, 0.000000000000000000 ) ) ;
#2784 = VERTEX_POINT ( 'NONE', #937 ) ;
#2785 = CARTESIAN_POINT ( 'NONE',  ( 102.0000000000000000, -29.97142273814360536, 0.000000000000000000 ) ) ;
#2786 = DIRECTION ( 'NONE',  ( 0.000000000000000000, 0.000000000000000000, 1.000000000000000000 ) ) ;
#2787 = ORIENTED_EDGE ( 'NONE', *, *, #4281, .F. ) ;
#2788 = ORIENTED_EDGE ( 'NONE', *, *, #1217, .F. ) ;
#2789 = FACE_OUTER_BOUND ( 'NONE', #19, .T. ) ;
#2790 = MANIFOLD_SOLID_BREP ( '\X2\570689d2\X0\5', #1092 ) ;
#2791 = ORIENTED_EDGE ( 'NONE', *, *, #2988, .F. ) ;
#2792 = FACE_OUTER_BOUND ( 'NONE', #4038, .T. ) ;
#2793 = VERTEX_POINT ( 'NONE', #4447 ) ;
#2794 = ORIENTED_EDGE ( 'NONE', *, *, #4243, .F. ) ;
#2795 = CARTESIAN_POINT ( 'NONE',  ( 81.01217884246545964, 32.00000000000000000, 0.000000000000000000 ) ) ;
#2796 = AXIS2_PLACEMENT_3D ( 'NONE', #4088, #3023, #457 ) ;
#2797 = EDGE_CURVE ( 'NONE', #1817, #2372, #1250, .T. ) ;
#2798 = AXIS2_PLACEMENT_3D ( 'NONE', #4024, #482, #3974 ) ;
#2799 = DIRECTION ( 'NONE',  ( -0.000000000000000000, -0.000000000000000000, 1.000000000000000000 ) ) ;
#2800 = ORIENTED_EDGE ( 'NONE', *, *, #2673, .T. ) ;
#2801 = AXIS2_PLACEMENT_3D ( 'NONE', #54, #4319, #1101 ) ;
#2802 = DIRECTION ( 'NONE',  ( -1.156482317317871133E-15, 0.000000000000000000, 1.000000000000000000 ) ) ;
#2803 = CARTESIAN_POINT ( 'NONE',  ( 110.0000000000000000, 18.00000000000000355, 32.40000000000000568 ) ) ;
#2804 = DIRECTION ( 'NONE',  ( 1.000000000000000000, -0.000000000000000000, 0.000000000000000000 ) ) ;
#2805 = EDGE_CURVE ( 'NONE', #2372, #4219, #3031, .T. ) ;
#2806 = EDGE_CURVE ( 'NONE', #3365, #4577, #549, .T. ) ;
#2807 = DIRECTION ( 'NONE',  ( -1.433655765270088601E-16, 0.000000000000000000, -1.000000000000000000 ) ) ;
#2808 = DIRECTION ( 'NONE',  ( 0.000000000000000000, 1.000000000000000000, -0.000000000000000000 ) ) ;
#2809 = VERTEX_POINT ( 'NONE', #4276 ) ;
#2810 = CARTESIAN_POINT ( 'NONE',  ( 101.0000000000000000, 32.00000000000000000, 0.000000000000000000 ) ) ;
#2811 = CARTESIAN_POINT ( 'NONE',  ( 0.000000000000000000, -29.97142273814360536, 42.39999999999999858 ) ) ;
#2812 = EDGE_CURVE ( 'NONE', #3744, #1584, #1071, .T. ) ;
#2813 = CARTESIAN_POINT ( 'NONE',  ( 100.0000000000000000, 9.000000000000001776, -4.000000000000000000 ) ) ;
#2814 = ORIENTED_EDGE ( 'NONE', *, *, #3017, .T. ) ;
#2815 = ORIENTED_EDGE ( 'NONE', *, *, #3845, .T. ) ;
#2816 = DIRECTION ( 'NONE',  ( -1.000000000000000000, 0.000000000000000000, 0.000000000000000000 ) ) ;
#2817 = AXIS2_PLACEMENT_3D ( 'NONE', #3583, #4609, #2841 ) ;
#2818 = ORIENTED_EDGE ( 'NONE', *, *, #2187, .T. ) ;
#2819 = CARTESIAN_POINT ( 'NONE',  ( 32.98782115753458299, 11.00000000000000000, -4.000000000000000000 ) ) ;
#2820 = CARTESIAN_POINT ( 'NONE',  ( 104.0000000000000142, 0.000000000000000000, -17.47392445807271955 ) ) ;
#2821 = ORIENTED_EDGE ( 'NONE', *, *, #971, .F. ) ;
#2822 = ORIENTED_EDGE ( 'NONE', *, *, #325, .F. ) ;
#2823 = DIRECTION ( 'NONE',  ( -1.000000000000000000, 0.000000000000000000, 0.000000000000000000 ) ) ;
#2824 = CARTESIAN_POINT ( 'NONE',  ( 34.95816339194718836, 13.26224478765890957, 48.39999999999999858 ) ) ;
#2825 = CIRCLE ( 'NONE', #885, 5.000000000000000000 ) ;
#2826 = ORIENTED_EDGE ( 'NONE', *, *, #1745, .T. ) ;
#2827 = DIRECTION ( 'NONE',  ( 0.000000000000000000, 1.000000000000000000, -0.000000000000000000 ) ) ;
#2828 = LINE ( 'NONE', #409, #178 ) ;
#2829 = LINE ( 'NONE', #4598, #496 ) ;
#2830 = LINE ( 'NONE', #1329, #3567 ) ;
#2831 = DIRECTION ( 'NONE',  ( -0.000000000000000000, 1.000000000000000000, -0.000000000000000000 ) ) ;
#2832 = EDGE_CURVE ( 'NONE', #3543, #292, #1757, .T. ) ;
#2833 = ADVANCED_FACE ( 'NONE', ( #1033, #3898 ), #3167, .T. ) ;
#2834 = VERTEX_POINT ( 'NONE', #3453 ) ;
#2835 = CARTESIAN_POINT ( 'NONE',  ( 114.0000000000000000, 42.99999999999999289, -3.378679656440357171 ) ) ;
#2836 = DIRECTION ( 'NONE',  ( 0.000000000000000000, 0.000000000000000000, 1.000000000000000000 ) ) ;
#2837 = CARTESIAN_POINT ( 'NONE',  ( 26.26079141679632656, 4.095249882313726886, -7.995334933417169943 ) ) ;
#2838 = EDGE_LOOP ( 'NONE', ( #515, #1113, #1795, #414, #2767 ) ) ;
#2839 = ORIENTED_EDGE ( 'NONE', *, *, #87, .T. ) ;
#2840 = EDGE_CURVE ( 'NONE', #2667, #1410, #1406, .T. ) ;
#2841 = DIRECTION ( 'NONE',  ( -1.000000000000000000, 2.891205793294675861E-15, 0.000000000000000000 ) ) ;
#2842 = ORIENTED_EDGE ( 'NONE', *, *, #2964, .F. ) ;
#2843 = CARTESIAN_POINT ( 'NONE',  ( 13.00000000000000533, 28.40874745978818083, -17.47392445807271955 ) ) ;
#2845 = CIRCLE ( 'NONE', #831, 3.000000000000002665 ) ;
#2844 = DIRECTION ( 'NONE',  ( 0.000000000000000000, 0.000000000000000000, 1.000000000000000000 ) ) ;
#2846 = VERTEX_POINT ( 'NONE', #4629 ) ;
#2847 = EDGE_CURVE ( 'NONE', #45, #2049, #3711, .T. ) ;
#2848 = DIRECTION ( 'NONE',  ( 0.000000000000000000, 0.000000000000000000, 1.000000000000000000 ) ) ;
#2849 = CARTESIAN_POINT ( 'NONE',  ( 32.98782115753458299, 11.00000000000000000, -17.47392445807271955 ) ) ;
#2850 = EDGE_LOOP ( 'NONE', ( #3835, #1276, #668, #4142 ) ) ;
#2851 = DIRECTION ( 'NONE',  ( 0.000000000000000000, 0.000000000000000000, -1.000000000000000000 ) ) ;
#2852 = DIRECTION ( 'NONE',  ( 0.000000000000000000, 1.000000000000000000, -0.000000000000000000 ) ) ;
#2853 = CARTESIAN_POINT ( 'NONE',  ( 33.40512483795331633, 40.00000000000000000, 9.400000000000002132 ) ) ;
#2854 = CARTESIAN_POINT ( 'NONE',  ( 79.99999999999998579, 4.000000000000000000, 43.39999999999999858 ) ) ;
#2855 = CARTESIAN_POINT ( 'NONE',  ( 57.40805459954728462, 8.064340380040730949, -4.086658231904243266 ) ) ;
#2856 = AXIS2_PLACEMENT_3D ( 'NONE', #621, #4374, #2153 ) ;
#2857 = ORIENTED_EDGE ( 'NONE', *, *, #3471, .F. ) ;
#2858 = DIRECTION ( 'NONE',  ( -1.000000000000000000, -0.000000000000000000, 1.224646799147352961E-16 ) ) ;
#2859 = CARTESIAN_POINT ( 'NONE',  ( 20.40002201368023904, 4.396326134444425549, -7.034528836163504550 ) ) ;
#2860 = CARTESIAN_POINT ( 'NONE',  ( 10.90544717820806930, 8.841780882055177315, -3.999999919124317405 ) ) ;
#2861 = CIRCLE ( 'NONE', #2709, 3.000000000000002665 ) ;
#2862 = VERTEX_POINT ( 'NONE', #3530 ) ;
#2863 = VECTOR ( 'NONE', #1603, 1000.000000000000000 ) ;
#2864 = EDGE_CURVE ( 'NONE', #2467, #2846, #311, .T. ) ;
#2865 = EDGE_LOOP ( 'NONE', ( #1760, #4283, #350, #2601 ) ) ;
#2866 = CARTESIAN_POINT ( 'NONE',  ( 101.0000000000000000, 32.00000000000000000, 52.40000000000000568 ) ) ;
#2867 = VERTEX_POINT ( 'NONE', #4578 ) ;
#2868 = CARTESIAN_POINT ( 'NONE',  ( 89.68930613620025838, 4.265530320980288614, -7.387333653833710656 ) ) ;
#2869 = DIRECTION ( 'NONE',  ( 0.7540815958863057444, -0.6567807448042017882, 0.000000000000000000 ) ) ;
#2870 = ORIENTED_EDGE ( 'NONE', *, *, #4321, .F. ) ;
#2871 = ADVANCED_FACE ( 'NONE', ( #2035 ), #1354, .T. ) ;
#2872 = ORIENTED_EDGE ( 'NONE', *, *, #552, .T. ) ;
#2873 = DIRECTION ( 'NONE',  ( -0.000000000000000000, -1.000000000000000000, -0.000000000000000000 ) ) ;
#2874 = ADVANCED_FACE ( 'NONE', ( #4226 ), #339, .F. ) ;
#2875 = CARTESIAN_POINT ( 'NONE',  ( 86.75000000000000000, 4.000000000000000000, -8.000000000000000000 ) ) ;
#2876 = ORIENTED_EDGE ( 'NONE', *, *, #2057, .F. ) ;
#2877 = DIRECTION ( 'NONE',  ( -1.000000000000000000, 0.000000000000000000, 0.000000000000000000 ) ) ;
#2878 = DIRECTION ( 'NONE',  ( -1.000000000000000000, 0.000000000000000000, 0.000000000000000000 ) ) ;
#2879 = AXIS2_PLACEMENT_3D ( 'NONE', #2379, #1365, #4212 ) ;
#2880 = CARTESIAN_POINT ( 'NONE',  ( 25.00000000000000711, -0.001000000000000132727, 43.39999999999999858 ) ) ;
#2881 = CIRCLE ( 'NONE', #932, 3.000000000000002665 ) ;
#2882 = DIRECTION ( 'NONE',  ( -0.7540815958863057444, 0.6567807448042017882, 0.000000000000000000 ) ) ;
#2883 = CIRCLE ( 'NONE', #4464, 3.000000000000007994 ) ;
#2884 = DIRECTION ( 'NONE',  ( 0.000000000000000000, 0.000000000000000000, -1.000000000000000000 ) ) ;
#2885 = VECTOR ( 'NONE', #2530, 1000.000000000000000 ) ;
#2886 = ORIENTED_EDGE ( 'NONE', *, *, #4041, .F. ) ;
#2887 = CARTESIAN_POINT ( 'NONE',  ( 84.99999999999998579, -0.001000000000000132727, 43.39999999999999858 ) ) ;
#2888 = CARTESIAN_POINT ( 'NONE',  ( 110.0000000000000000, 10.00000000000000000, 16.00000000000000000 ) ) ;
#2889 = ORIENTED_EDGE ( 'NONE', *, *, #4250, .T. ) ;
#2890 = CARTESIAN_POINT ( 'NONE',  ( 55.87671004642346873, 35.00000000000000000, -4.000000000000000000 ) ) ;
#2891 = EDGE_LOOP ( 'NONE', ( #682, #4286 ) ) ;
#2892 = LINE ( 'NONE', #1385, #4335 ) ;
#2893 = EDGE_LOOP ( 'NONE', ( #2471, #3012, #2498, #1858 ) ) ;
#2894 = VECTOR ( 'NONE', #3661, 1000.000000000000000 ) ;
#2895 = CARTESIAN_POINT ( 'NONE',  ( 82.46350630464442588, 4.255875169796900614, 47.76481040632737063 ) ) ;
#2896 = CARTESIAN_POINT ( 'NONE',  ( 79.98782115753458299, 8.000000000000000000, 52.40000000000000568 ) ) ;
#2897 = ORIENTED_EDGE ( 'NONE', *, *, #4137, .F. ) ;
#2898 = VERTEX_POINT ( 'NONE', #1379 ) ;
#2899 = CARTESIAN_POINT ( 'NONE',  ( 55.87671004642346873, 35.00000000000000000, 48.39999999999999858 ) ) ;
#2900 = ADVANCED_FACE ( 'NONE', ( #1683 ), #2438, .F. ) ;
#2901 = VECTOR ( 'NONE', #4145, 1000.000000000000000 ) ;
#2902 = B_SPLINE_CURVE_WITH_KNOTS ( 'NONE', 3,
 ( #1789, #16, #1739, #2744, #271, #3124, #1339, #2766, #295, #3147, #665, #3536, #317, #3173, #4611, #444, #1516, #1168, #2868, #1190, #2170, #4411, #4011, #4389 ),
 .UNSPECIFIED., .F., .F.,
 ( 4, 2, 2, 2, 2, 2, 2, 2, 2, 2, 2, 4 ),
 ( 0.006115534601766693494, 0.006497287782283487148, 0.006879040962800280802, 0.007260794143317074456, 0.007642547323833868110, 0.008406053684867458020, 0.009169560045901047063, 0.009933066406934634371, 0.01031481958745142889, 0.01069657276796822341, 0.01146007912900181419, 0.01222358549003540670 ),
 .UNSPECIFIED. ) ;
#2903 = ADVANCED_FACE ( 'NONE', ( #4251 ), #3192, .T. ) ;
#2904 = CARTESIAN_POINT ( 'NONE',  ( 81.95816339194719546, 13.26224478765891668, 0.000000000000000000 ) ) ;
#2905 = VERTEX_POINT ( 'NONE', #3873 ) ;
#2906 = VECTOR ( 'NONE', #4012, 1000.000000000000000 ) ;
#2907 = CARTESIAN_POINT ( 'NONE',  ( 84.61800443634076885, 5.090032606838308382, -5.877555323179525892 ) ) ;
#2908 = CARTESIAN_POINT ( 'NONE',  ( 112.5000000000000000, 41.50000000000000000, -4.000000000000000000 ) ) ;
#2909 = DIRECTION ( 'NONE',  ( -1.000000000000000000, 0.000000000000000000, 0.000000000000000000 ) ) ;
#2910 = LINE ( 'NONE', #31, #863 ) ;
#2911 = CIRCLE ( 'NONE', #3439, 2.999999999999999112 ) ;
#2912 = CARTESIAN_POINT ( 'NONE',  ( 56.15294771916396854, 8.737755212341085098, -4.006881969015179124 ) ) ;
#2913 = LINE ( 'NONE', #1403, #3715 ) ;
#2914 = AXIS2_PLACEMENT_3D ( 'NONE', #1425, #2808, #3576 ) ;
#2915 = DIRECTION ( 'NONE',  ( 1.000000000000000000, 0.000000000000000000, -1.224646799147352961E-16 ) ) ;
#2916 = ORIENTED_EDGE ( 'NONE', *, *, #4415, .F. ) ;
#2917 = DIRECTION ( 'NONE',  ( 0.000000000000000000, -1.000000000000000000, 0.000000000000000000 ) ) ;
#2918 = ORIENTED_EDGE ( 'NONE', *, *, #1382, .T. ) ;
#2919 = ORIENTED_EDGE ( 'NONE', *, *, #3422, .T. ) ;
#2920 = LINE ( 'NONE', #509, #4103 ) ;
#2921 = ORIENTED_EDGE ( 'NONE', *, *, #940, .F. ) ;
#2922 = CARTESIAN_POINT ( 'NONE',  ( 0.000000000000000000, 5.500000000000000000, 46.89999999999999858 ) ) ;
#2923 = DIRECTION ( 'NONE',  ( 0.000000000000000000, 1.000000000000000000, -0.000000000000000000 ) ) ;
#2924 = VERTEX_POINT ( 'NONE', #2760 ) ;
#2925 = ORIENTED_EDGE ( 'NONE', *, *, #209, .T. ) ;
#2926 = LINE ( 'NONE', #517, #4039 ) ;
#2927 = ADVANCED_FACE ( 'NONE', ( #4203 ), #2737, .F. ) ;
#2928 = EDGE_CURVE ( 'NONE', #2017, #1565, #1308, .T. ) ;
#2929 = CARTESIAN_POINT ( 'NONE',  ( 79.04183660805286138, 29.73775521234108510, 48.39999999999999858 ) ) ;
#2930 = ORIENTED_EDGE ( 'NONE', *, *, #1871, .F. ) ;
#2931 = CARTESIAN_POINT ( 'NONE',  ( 83.75004500813581387, 4.074961687395841636, -8.128012313450286186 ) ) ;
#2932 = CARTESIAN_POINT ( 'NONE',  ( 98.99999999999998579, -29.97142273814360536, 9.400000000000002132 ) ) ;
#2933 = DIRECTION ( 'NONE',  ( 0.000000000000000000, 0.000000000000000000, 1.000000000000000000 ) ) ;
#2934 = EDGE_CURVE ( 'NONE', #1153, #4112, #4080, .T. ) ;
#2935 = CARTESIAN_POINT ( 'NONE',  ( 0.000000000000000000, 0.000000000000000000, -4.000000000000000000 ) ) ;
#2936 = CARTESIAN_POINT ( 'NONE',  ( 110.0000000000000000, 5.499999999999998224, 0.000000000000000000 ) ) ;
#2937 = VECTOR ( 'NONE', #3424, 1000.000000000000000 ) ;
#2938 = PLANE ( 'NONE',  #1963 ) ;
#2939 = FACE_OUTER_BOUND ( 'NONE', #2089, .T. ) ;
#2941 = EDGE_CURVE ( 'NONE', #3253, #1074, #1707, .T. ) ;
#2940 = VERTEX_POINT ( 'NONE', #286 ) ;
#2942 = EDGE_LOOP ( 'NONE', ( #1670, #2872 ) ) ;
#2943 = LINE ( 'NONE', #2970, #3107 ) ;
#2944 = ORIENTED_EDGE ( 'NONE', *, *, #502, .F. ) ;
#2945 = AXIS2_PLACEMENT_3D ( 'NONE', #1408, #2488, #1058 ) ;
#2946 = PLANE ( 'NONE',  #1087 ) ;
#2947 = CARTESIAN_POINT ( 'NONE',  ( 21.64792899408284654, 24.85502958579882815, 52.40000000000000568 ) ) ;
#2948 = AXIS2_PLACEMENT_3D ( 'NONE', #3995, #1051, #2878 ) ;
#2949 = ORIENTED_EDGE ( 'NONE', *, *, #3508, .T. ) ;
#2950 = VECTOR ( 'NONE', #2877, 1000.000000000000000 ) ;
#2951 = VERTEX_POINT ( 'NONE', #3579 ) ;
#2952 = LINE ( 'NONE', #860, #2466 ) ;
#2953 = CARTESIAN_POINT ( 'NONE',  ( 114.0000000000000000, 10.00000000000000000, 0.000000000000000000 ) ) ;
#2954 = EDGE_LOOP ( 'NONE', ( #2021, #4359, #2241, #2063 ) ) ;
#2955 = DIRECTION ( 'NONE',  ( 0.000000000000000000, 0.000000000000000000, 1.000000000000000000 ) ) ;
#2956 = CARTESIAN_POINT ( 'NONE',  ( 30.00000000000000355, 0.000000000000000000, 0.000000000000000000 ) ) ;
#2957 = EDGE_CURVE ( 'NONE', #2093, #3035, #3837, .T. ) ;
#2958 = DIRECTION ( 'NONE',  ( 0.000000000000000000, 0.000000000000000000, -1.000000000000000000 ) ) ;
#2959 = CYLINDRICAL_SURFACE ( 'NONE', #626, 3.000000000000000000 ) ;
#2960 = DIRECTION ( 'NONE',  ( 0.000000000000000000, 0.000000000000000000, -1.000000000000000000 ) ) ;
#2961 = AXIS2_PLACEMENT_3D ( 'NONE', #2672, #888, #1962 ) ;
#2962 = EDGE_CURVE ( 'NONE', #3356, #4535, #3160, .T. ) ;
#2963 = LINE ( 'NONE', #2545, #2344 ) ;
#2964 = EDGE_CURVE ( 'NONE', #3858, #1386, #1429, .T. ) ;
#2965 = CARTESIAN_POINT ( 'NONE',  ( 35.22388913503660746, 9.000000000000001776, -4.000000000000000000 ) ) ;
#2966 = ORIENTED_EDGE ( 'NONE', *, *, #2678, .F. ) ;
#2967 = CIRCLE ( 'NONE', #252, 8.000000000000000000 ) ;
#2968 = CIRCLE ( 'NONE', #1613, 2.999999999999999112 ) ;
#2969 = VERTEX_POINT ( 'NONE', #2888 ) ;
#2970 = CARTESIAN_POINT ( 'NONE',  ( 70.26638702559253602, 25.00000000000000000, 8.000000000000000000 ) ) ;
#2971 = ADVANCED_FACE ( 'NONE', ( #3656, #2237 ), #2938, .T. ) ;
#2972 = ORIENTED_EDGE ( 'NONE', *, *, #1984, .T. ) ;
#2973 = DIRECTION ( 'NONE',  ( 0.000000000000000000, 0.000000000000000000, -1.000000000000000000 ) ) ;
#2974 = CYLINDRICAL_SURFACE ( 'NONE', #2157, 1.500000000000000000 ) ;
#2975 = EDGE_LOOP ( 'NONE', ( #3841, #2421 ) ) ;
#2976 = ORIENTED_EDGE ( 'NONE', *, *, #1719, .T. ) ;
#2977 = CYLINDRICAL_SURFACE ( 'NONE', #3601, 1.600000000000004974 ) ;
#2978 = CARTESIAN_POINT ( 'NONE',  ( 22.11124260355030557, 65.38698224852072372, 0.000000000000000000 ) ) ;
#2979 = DIRECTION ( 'NONE',  ( -0.000000000000000000, -0.000000000000000000, 1.000000000000000000 ) ) ;
#2980 = DIRECTION ( 'NONE',  ( 1.000000000000000000, 0.000000000000000000, 0.000000000000000000 ) ) ;
#2981 = LINE ( 'NONE', #2632, #193 ) ;
#2982 = DIRECTION ( 'NONE',  ( 1.000000000000000000, -0.000000000000000000, 0.000000000000000000 ) ) ;
#2983 = DIRECTION ( 'NONE',  ( 1.000000000000000000, -0.000000000000000000, 0.000000000000000000 ) ) ;
#2984 = FACE_BOUND ( 'NONE', #1067, .T. ) ;
#2985 = DIRECTION ( 'NONE',  ( -0.000000000000000000, -1.000000000000000000, -0.000000000000000000 ) ) ;
#2986 = AXIS2_PLACEMENT_3D ( 'NONE', #3414, #512, #1933 ) ;
#2987 = EDGE_CURVE ( 'NONE', #3914, #2862, #1734, .T. ) ;
#2988 = EDGE_CURVE ( 'NONE', #292, #120, #3237, .T. ) ;
#2989 = FACE_OUTER_BOUND ( 'NONE', #3175, .T. ) ;
#2990 = VECTOR ( 'NONE', #1855, 1000.000000000000000 ) ;
#2991 = EDGE_LOOP ( 'NONE', ( #1317, #143, #4230, #3563 ) ) ;
#2992 = FACE_OUTER_BOUND ( 'NONE', #1882, .T. ) ;
#2993 = CARTESIAN_POINT ( 'NONE',  ( 70.26638702559253602, 25.00000000000000000, 32.40000000000000568 ) ) ;
#2994 = FACE_OUTER_BOUND ( 'NONE', #4512, .T. ) ;
#2995 = ORIENTED_EDGE ( 'NONE', *, *, #3366, .T. ) ;
#2996 = ORIENTED_EDGE ( 'NONE', *, *, #905, .T. ) ;
#2997 = DIRECTION ( 'NONE',  ( -0.7540815958863057444, 0.6567807448042017882, 0.000000000000000000 ) ) ;
#2998 = AXIS2_PLACEMENT_3D ( 'NONE', #3379, #3334, #3758 ) ;
#2999 = EDGE_CURVE ( 'NONE', #1630, #1381, #2963, .T. ) ;
#3000 = DIRECTION ( 'NONE',  ( -1.000000000000000000, 0.000000000000000000, 0.000000000000000000 ) ) ;
#3001 = DIRECTION ( 'NONE',  ( -1.000000000000000000, 0.000000000000000000, 0.000000000000000000 ) ) ;
#3002 = DIRECTION ( 'NONE',  ( -0.000000000000000000, 1.000000000000000000, 0.000000000000000000 ) ) ;
#3003 = FACE_OUTER_BOUND ( 'NONE', #3400, .T. ) ;
#3004 = CARTESIAN_POINT ( 'NONE',  ( 33.81749886624101720, 8.109431282629406823, -4.079750449254595956 ) ) ;
#3005 = CARTESIAN_POINT ( 'NONE',  ( 86.75000000000000000, 6.000000000000012434, -4.999999999999992006 ) ) ;
#3006 = CARTESIAN_POINT ( 'NONE',  ( 22.99495226471437093, 6.000000000000013323, -4.999999999999992895 ) ) ;
#3007 = CARTESIAN_POINT ( 'NONE',  ( 101.0000000000000000, 14.59125254021184581, -4.000000000000000000 ) ) ;
#3008 = VERTEX_POINT ( 'NONE', #462 ) ;
#3009 = LINE ( 'NONE', #1624, #410 ) ;
#3010 = FACE_OUTER_BOUND ( 'NONE', #1459, .T. ) ;
#3011 = AXIS2_PLACEMENT_3D ( 'NONE', #1348, #357, #2776 ) ;
#3012 = ORIENTED_EDGE ( 'NONE', *, *, #511, .F. ) ;
#3013 = EDGE_CURVE ( 'NONE', #773, #3008, #416, .T. ) ;
#3014 = VERTEX_POINT ( 'NONE', #3217 ) ;
#3015 = CARTESIAN_POINT ( 'NONE',  ( 104.0000000000000142, 14.59125254021184581, 48.39999999999999858 ) ) ;
#3016 = VECTOR ( 'NONE', #582, 1000.000000000000000 ) ;
#3017 = EDGE_CURVE ( 'NONE', #2250, #570, #4000, .T. ) ;
#3018 = ORIENTED_EDGE ( 'NONE', *, *, #4427, .F. ) ;
#3019 = VECTOR ( 'NONE', #4004, 1000.000000000000114 ) ;
#3020 = VECTOR ( 'NONE', #1730, 1000.000000000000000 ) ;
#3021 = ADVANCED_FACE ( 'NONE', ( #1084 ), #2591, .T. ) ;
#3022 = CYLINDRICAL_SURFACE ( 'NONE', #821, 3.000000000000002665 ) ;
#3023 = DIRECTION ( 'NONE',  ( 0.000000000000000000, 0.000000000000000000, 1.000000000000000000 ) ) ;
#3024 = CARTESIAN_POINT ( 'NONE',  ( 56.15294771916396854, 8.737755212341074440, 48.39999999999999858 ) ) ;
#3025 = CARTESIAN_POINT ( 'NONE',  ( 30.00000000000001066, 3.999999999999996447, 43.39999999999999858 ) ) ;
#3026 = DIRECTION ( 'NONE',  ( -0.7540815958863057444, 0.6567807448042017882, 0.000000000000000000 ) ) ;
#3027 = CIRCLE ( 'NONE', #1000, 2.999999999999999112 ) ;
#3028 = DIRECTION ( 'NONE',  ( 0.000000000000000000, 1.000000000000000000, -0.000000000000000000 ) ) ;
#3029 = VERTEX_POINT ( 'NONE', #1160 ) ;
#3030 = DIRECTION ( 'NONE',  ( 0.000000000000000000, 1.000000000000000000, 0.000000000000000000 ) ) ;
#3031 = LINE ( 'NONE', #899, #3245 ) ;
#3032 = DIRECTION ( 'NONE',  ( -1.000000000000000000, 2.312964634635740689E-15, 0.000000000000000000 ) ) ;
#3033 = EDGE_LOOP ( 'NONE', ( #1378, #4610 ) ) ;
#3034 = VECTOR ( 'NONE', #3855, 1000.000000000000000 ) ;
#3035 = VERTEX_POINT ( 'NONE', #4002 ) ;
#3036 = PLANE ( 'NONE',  #3956 ) ;
#3037 = CIRCLE ( 'NONE', #3654, 3.000000000000007994 ) ;
#3038 = ORIENTED_EDGE ( 'NONE', *, *, #397, .T. ) ;
#3039 = ORIENTED_EDGE ( 'NONE', *, *, #1046, .F. ) ;
#3040 = ADVANCED_FACE ( 'NONE', ( #2188 ), #1110, .F. ) ;
#3041 = DIRECTION ( 'NONE',  ( -1.000000000000000000, -0.000000000000000000, -0.000000000000000000 ) ) ;
#3042 = DIRECTION ( 'NONE',  ( -1.000000000000000000, -0.000000000000000000, -0.000000000000000000 ) ) ;
#3043 = CYLINDRICAL_SURFACE ( 'NONE', #2961, 3.000000000000002665 ) ;
#3044 = ADVANCED_FACE ( 'NONE', ( #4358 ), #35, .F. ) ;
#3045 = DIRECTION ( 'NONE',  ( -1.000000000000000000, 0.000000000000000000, 0.000000000000000000 ) ) ;
#3046 = AXIS2_PLACEMENT_3D ( 'NONE', #1012, #1462, #344 ) ;
#3047 = DIRECTION ( 'NONE',  ( 0.000000000000000000, 0.000000000000000000, -1.000000000000000000 ) ) ;
#3048 = CARTESIAN_POINT ( 'NONE',  ( 35.98782115753458299, 11.00000000000000000, 52.40000000000000568 ) ) ;
#3049 = EDGE_CURVE ( 'NONE', #1410, #4518, #2176, .T. ) ;
#3050 = CARTESIAN_POINT ( 'NONE',  ( 17.30466383879212344, -29.97142273814360536, 12.76559660655055062 ) ) ;
#3051 = EDGE_LOOP ( 'NONE', ( #296, #4627, #3988, #785 ) ) ;
#3052 = DIRECTION ( 'NONE',  ( -0.000000000000000000, -0.000000000000000000, 1.000000000000000000 ) ) ;
#3053 = ORIENTED_EDGE ( 'NONE', *, *, #368, .T. ) ;
#3054 = ORIENTED_EDGE ( 'NONE', *, *, #218, .T. ) ;
#3055 = AXIS2_PLACEMENT_3D ( 'NONE', #3820, #1243, #4500 ) ;
#3056 = CARTESIAN_POINT ( 'NONE',  ( 79.99999999999998579, 5.500000000000000000, 48.39999999999999858 ) ) ;
#3057 = AXIS2_PLACEMENT_3D ( 'NONE', #1941, #1527, #824 ) ;
#3058 = ORIENTED_EDGE ( 'NONE', *, *, #164, .T. ) ;
#3059 = VECTOR ( 'NONE', #2081, 1000.000000000000000 ) ;
#3060 = VERTEX_POINT ( 'NONE', #3048 ) ;
#3061 = CARTESIAN_POINT ( 'NONE',  ( 23.25000000000000711, 40.00000000000000711, -4.999999999999992006 ) ) ;
#3062 = AXIS2_PLACEMENT_3D ( 'NONE', #4264, #693, #2848 ) ;
#3063 = EDGE_CURVE ( 'NONE', #2039, #1515, #177, .T. ) ;
#3064 = LINE ( 'NONE', #3446, #3748 ) ;
#3065 = ORIENTED_EDGE ( 'NONE', *, *, #1980, .F. ) ;
#3066 = DIRECTION ( 'NONE',  ( 0.000000000000000000, 0.000000000000000000, -1.000000000000000000 ) ) ;
#3067 = DIRECTION ( 'NONE',  ( 0.000000000000000000, -0.000000000000000000, -1.000000000000000000 ) ) ;
#3068 = EDGE_CURVE ( 'NONE', #4307, #363, #506, .T. ) ;
#3069 = DIRECTION ( 'NONE',  ( -0.000000000000000000, 0.000000000000000000, 1.000000000000000000 ) ) ;
#3070 = ORIENTED_EDGE ( 'NONE', *, *, #3982, .T. ) ;
#3071 = CYLINDRICAL_SURFACE ( 'NONE', #2782, 2.999999999999999112 ) ;
#3072 = ADVANCED_FACE ( 'NONE', ( #137 ), #3389, .T. ) ;
#3073 = SPHERICAL_SURFACE ( 'NONE', #2986, 1.500000000000000000 ) ;
#3074 = VERTEX_POINT ( 'NONE', #3701 ) ;
#3075 = ORIENTED_EDGE ( 'NONE', *, *, #446, .F. ) ;
#3076 = LINE ( 'NONE', #2040, #2738 ) ;
#3077 = ORIENTED_EDGE ( 'NONE', *, *, #2625, .T. ) ;
#3078 = AXIS2_PLACEMENT_3D ( 'NONE', #4596, #2152, #27 ) ;
#3079 = ORIENTED_EDGE ( 'NONE', *, *, #481, .F. ) ;
#3080 = FACE_OUTER_BOUND ( 'NONE', #4552, .T. ) ;
#3081 = AXIS2_PLACEMENT_3D ( 'NONE', #486, #2677, #545 ) ;
#3082 = CIRCLE ( 'NONE', #1069, 3.000000000000002665 ) ;
#3083 = CYLINDRICAL_SURFACE ( 'NONE', #2313, 3.000000000000007994 ) ;
#3084 = AXIS2_PLACEMENT_3D ( 'NONE', #2351, #4077, #3808 ) ;
#3085 = DIRECTION ( 'NONE',  ( -0.000000000000000000, -0.000000000000000000, 1.000000000000000000 ) ) ;
#3086 = ORIENTED_EDGE ( 'NONE', *, *, #4538, .T. ) ;
#3087 = EDGE_CURVE ( 'NONE', #1334, #3431, #4380, .T. ) ;
#3088 = LINE ( 'NONE', #1245, #3632 ) ;
#3089 = DIRECTION ( 'NONE',  ( -0.000000000000000000, -1.000000000000000000, 0.000000000000000000 ) ) ;
#3090 = DIRECTION ( 'NONE',  ( 0.000000000000000000, 0.000000000000000000, -1.000000000000000000 ) ) ;
#3091 = ADVANCED_FACE ( 'NONE', ( #871 ), #4134, .F. ) ;
#3092 = VECTOR ( 'NONE', #2701, 1000.000000000000000 ) ;
#3093 = EDGE_CURVE ( 'NONE', #2049, #245, #2307, .T. ) ;
#3094 = EDGE_LOOP ( 'NONE', ( #1331, #1417, #1539, #4254, #3100 ) ) ;
#3095 = DIRECTION ( 'NONE',  ( 0.000000000000000000, 0.000000000000000000, -1.000000000000000000 ) ) ;
#3096 = DIRECTION ( 'NONE',  ( 0.000000000000000000, 0.000000000000000000, 1.000000000000000000 ) ) ;
#3097 = ORIENTED_EDGE ( 'NONE', *, *, #318, .T. ) ;
#3098 = EDGE_CURVE ( 'NONE', #341, #2250, #1946, .T. ) ;
#3099 = FACE_OUTER_BOUND ( 'NONE', #465, .T. ) ;
#3100 = ORIENTED_EDGE ( 'NONE', *, *, #3780, .F. ) ;
#3101 = VECTOR ( 'NONE', #3317, 1000.000000000000000 ) ;
#3102 = ORIENTED_EDGE ( 'NONE', *, *, #1637, .T. ) ;
#3103 = DIRECTION ( 'NONE',  ( 0.000000000000000000, 0.000000000000000000, 1.000000000000000000 ) ) ;
#3104 = AXIS2_PLACEMENT_3D ( 'NONE', #2629, #1151, #1872 ) ;
#3105 = DIRECTION ( 'NONE',  ( -1.000000000000000000, 0.000000000000000000, 0.000000000000000000 ) ) ;
#3106 = CYLINDRICAL_SURFACE ( 'NONE', #956, 3.000000000000002665 ) ;
#3107 = VECTOR ( 'NONE', #3300, 1000.000000000000000 ) ;
#3108 = VERTEX_POINT ( 'NONE', #4442 ) ;
#3109 = CARTESIAN_POINT ( 'NONE',  ( 114.0000000000000000, 18.00000000000000355, 8.000000000000000000 ) ) ;
#3110 = FACE_OUTER_BOUND ( 'NONE', #2602, .T. ) ;
#3111 = DIRECTION ( 'NONE',  ( 0.000000000000000000, 1.000000000000000000, -0.000000000000000000 ) ) ;
#3112 = DIRECTION ( 'NONE',  ( -0.000000000000000000, -1.000000000000000000, -0.000000000000000000 ) ) ;
#3113 = ORIENTED_EDGE ( 'NONE', *, *, #2002, .F. ) ;
#3114 = CARTESIAN_POINT ( 'NONE',  ( 35.59487516204666235, 40.00000000000000000, 39.39999999999999858 ) ) ;
#3115 = AXIS2_PLACEMENT_3D ( 'NONE', #986, #1628, #3853 ) ;
#3116 = DIRECTION ( 'NONE',  ( 0.000000000000000000, 0.000000000000000000, -1.000000000000000000 ) ) ;
#3117 = ORIENTED_EDGE ( 'NONE', *, *, #779, .F. ) ;
#3118 = EDGE_CURVE ( 'NONE', #1410, #1765, #1437, .T. ) ;
#3119 = EDGE_CURVE ( 'NONE', #3029, #1192, #2330, .T. ) ;
#3120 = ORIENTED_EDGE ( 'NONE', *, *, #1775, .F. ) ;
#3121 = CARTESIAN_POINT ( 'NONE',  ( 25.00000000000000000, -0.001000000000000132727, 0.000000000000000000 ) ) ;
#3122 = CIRCLE ( 'NONE', #3743, 1.500000000000000000 ) ;
#3123 = VERTEX_POINT ( 'NONE', #4463 ) ;
#3124 = CARTESIAN_POINT ( 'NONE',  ( 87.61846712849867913, 5.838786904899886387, -5.125836744906520970 ) ) ;
#3125 = EDGE_LOOP ( 'NONE', ( #761, #2775, #997 ) ) ;
#3126 = ORIENTED_EDGE ( 'NONE', *, *, #2590, .F. ) ;
#3127 = EDGE_CURVE ( 'NONE', #1438, #4577, #3385, .T. ) ;
#3128 = VECTOR ( 'NONE', #1300, 1000.000000000000000 ) ;
#3129 = VECTOR ( 'NONE', #800, 1000.000000000000000 ) ;
#3130 = CARTESIAN_POINT ( 'NONE',  ( 29.37313633501128152, 5.157992501160340026, 48.36302852777016881 ) ) ;
#3131 = AXIS2_PLACEMENT_3D ( 'NONE', #1452, #727, #1778 ) ;
#3132 = ADVANCED_FACE ( 'NONE', ( #2984, #3367 ), #4425, .T. ) ;
#3133 = DIRECTION ( 'NONE',  ( -1.224646799147349509E-16, 0.000000000000000000, -1.000000000000000000 ) ) ;
#3134 = VERTEX_POINT ( 'NONE', #2286 ) ;
#3135 = VECTOR ( 'NONE', #3227, 1000.000000000000000 ) ;
#3136 = PLANE ( 'NONE',  #917 ) ;
#3137 = DIRECTION ( 'NONE',  ( 0.000000000000000000, 0.000000000000000000, -1.000000000000000000 ) ) ;
#3138 = FACE_OUTER_BOUND ( 'NONE', #3273, .T. ) ;
#3139 = LINE ( 'NONE', #1028, #1328 ) ;
#3140 = ORIENTED_EDGE ( 'NONE', *, *, #4589, .T. ) ;
#3141 = CARTESIAN_POINT ( 'NONE',  ( 90.00000000000000000, 0.000000000000000000, -14.00000000000000000 ) ) ;
#3142 = DIRECTION ( 'NONE',  ( 0.000000000000000000, 1.000000000000000000, 0.000000000000000000 ) ) ;
#3143 = ORIENTED_EDGE ( 'NONE', *, *, #1774, .F. ) ;
#3144 = EDGE_LOOP ( 'NONE', ( #1842, #4580 ) ) ;
#3145 = CARTESIAN_POINT ( 'NONE',  ( 32.98782115753458299, 11.00000000000000000, -17.47392445807271955 ) ) ;
#3146 = ORIENTED_EDGE ( 'NONE', *, *, #76, .T. ) ;
#3147 = CARTESIAN_POINT ( 'NONE',  ( 88.36079538441870795, 5.466605321667373119, -5.458856000468273351 ) ) ;
#3148 = EDGE_CURVE ( 'NONE', #3301, #939, #159, .T. ) ;
#3149 = EDGE_LOOP ( 'NONE', ( #2426, #4618, #254, #1186, #4097, #4410 ) ) ;
#3150 = VERTEX_POINT ( 'NONE', #2389 ) ;
#3151 = ORIENTED_EDGE ( 'NONE', *, *, #3445, .F. ) ;
#3152 = CARTESIAN_POINT ( 'NONE',  ( 81.01217884246545964, 32.00000000000000000, 48.39999999999999858 ) ) ;
#3153 = ADVANCED_FACE ( 'NONE', ( #4176 ), #3822, .F. ) ;
#3154 = CIRCLE ( 'NONE', #2772, 3.000000000000002665 ) ;
#3155 = EDGE_CURVE ( 'NONE', #2391, #1612, #3547, .T. ) ;
#3156 = DIRECTION ( 'NONE',  ( 1.000000000000000000, -0.000000000000000000, 0.000000000000000000 ) ) ;
#3157 = ORIENTED_EDGE ( 'NONE', *, *, #4480, .T. ) ;
#3158 = DIRECTION ( 'NONE',  ( -0.000000000000000000, -1.000000000000000000, -0.000000000000000000 ) ) ;
#3159 = LINE ( 'NONE', #674, #3705 ) ;
#3160 = CIRCLE ( 'NONE', #23, 2.999999999999999112 ) ;
#3161 = DIRECTION ( 'NONE',  ( 0.000000000000000000, -1.000000000000000000, 0.000000000000000000 ) ) ;
#3162 = AXIS2_PLACEMENT_3D ( 'NONE', #1857, #1085, #1511 ) ;
#3163 = DIRECTION ( 'NONE',  ( -1.000000000000000000, 0.000000000000000000, 0.000000000000000000 ) ) ;
#3164 = DIRECTION ( 'NONE',  ( 1.000000000000000000, 0.000000000000000000, 0.000000000000000000 ) ) ;
#3165 = ORIENTED_EDGE ( 'NONE', *, *, #4163, .F. ) ;
#3166 = CARTESIAN_POINT ( 'NONE',  ( 55.85185185185187606, 9.000000000000000000, -4.000000000000000000 ) ) ;
#3167 = PLANE ( 'NONE',  #1225 ) ;
#3168 = CARTESIAN_POINT ( 'NONE',  ( 12.57604873280138591, 8.022638646574131727, -4.096246928525020259 ) ) ;
#3169 = ORIENTED_EDGE ( 'NONE', *, *, #4538, .F. ) ;
#3170 = ORIENTED_EDGE ( 'NONE', *, *, #2497, .T. ) ;
#3171 = DIRECTION ( 'NONE',  ( 0.000000000000000000, 0.000000000000000000, -1.000000000000000000 ) ) ;
#3172 = ORIENTED_EDGE ( 'NONE', *, *, #1187, .F. ) ;
#3173 = CARTESIAN_POINT ( 'NONE',  ( 89.30064462439375461, 4.720741869667254065, -6.404687817838117248 ) ) ;
#3174 = CARTESIAN_POINT ( 'NONE',  ( 78.01217884246545964, 32.00000000000000000, 52.40000000000000568 ) ) ;
#3175 = EDGE_LOOP ( 'NONE', ( #3581, #4055, #4279, #685, #4566 ) ) ;
#3176 = VERTEX_POINT ( 'NONE', #1024 ) ;
#3177 = CARTESIAN_POINT ( 'NONE',  ( 23.25000000000000711, 2.000000000000000000, -7.999999999999992895 ) ) ;
#3178 = AXIS2_PLACEMENT_3D ( 'NONE', #1798, #1725, #1132 ) ;
#3179 = CIRCLE ( 'NONE', #3724, 1.500000000000000000 ) ;
#3180 = ADVANCED_FACE ( 'NONE', ( #3805 ), #235, .T. ) ;
#3181 = LINE ( 'NONE', #354, #4155 ) ;
#3182 = DIRECTION ( 'NONE',  ( -1.000000000000000000, 0.000000000000000000, 0.000000000000000000 ) ) ;
#3183 = ORIENTED_EDGE ( 'NONE', *, *, #2094, .F. ) ;
#3184 = LINE ( 'NONE', #2607, #1147 ) ;
#3185 = DIRECTION ( 'NONE',  ( 0.000000000000000000, -0.000000000000000000, -1.000000000000000000 ) ) ;
#3186 = DIRECTION ( 'NONE',  ( 0.7540815958863057444, -0.6567807448042017882, 0.000000000000000000 ) ) ;
#3187 = ADVANCED_FACE ( 'NONE', ( #3110 ), #3892, .F. ) ;
#3188 = DIRECTION ( 'NONE',  ( -1.000000000000000000, 0.000000000000000000, 0.000000000000000000 ) ) ;
#3189 = PLANE ( 'NONE',  #3131 ) ;
#3190 = ORIENTED_EDGE ( 'NONE', *, *, #1236, .F. ) ;
#3191 = DIRECTION ( 'NONE',  ( 0.000000000000000000, 1.000000000000000000, 0.000000000000000000 ) ) ;
#3192 = PLANE ( 'NONE',  #3465 ) ;
#3193 = CARTESIAN_POINT ( 'NONE',  ( 97.07106781186547551, 6.071067811865478170, -4.000000000000000888 ) ) ;
#3195 = EDGE_CURVE ( 'NONE', #292, #946, #3159, .T. ) ;
#3194 = EDGE_LOOP ( 'NONE', ( #1402, #1663 ) ) ;
#3196 = DIRECTION ( 'NONE',  ( 0.000000000000000000, 0.000000000000000000, -1.000000000000000000 ) ) ;
#3197 = VECTOR ( 'NONE', #2764, 1000.000000000000000 ) ;
#3198 = ORIENTED_EDGE ( 'NONE', *, *, #4222, .T. ) ;
#3199 = DIRECTION ( 'NONE',  ( 0.000000000000000000, 0.000000000000000000, -1.000000000000000000 ) ) ;
#3200 = CARTESIAN_POINT ( 'NONE',  ( 86.75000000000000000, 2.000000000000000000, -9.600000000000004974 ) ) ;
#3201 = ORIENTED_EDGE ( 'NONE', *, *, #1166, .F. ) ;
#3202 = VERTEX_POINT ( 'NONE', #3497 ) ;
#3203 = CARTESIAN_POINT ( 'NONE',  ( -1.906965523236918329E-16, 40.00000000000000000, 1.499999999999997780 ) ) ;
#3204 = CIRCLE ( 'NONE', #883, 5.000000000000000000 ) ;
#3205 = CIRCLE ( 'NONE', #655, 3.000000000000002665 ) ;
#3206 = CARTESIAN_POINT ( 'NONE',  ( 13.00000000000000533, 11.00000000000000000, -4.000000000000000000 ) ) ;
#3207 = VERTEX_POINT ( 'NONE', #2101 ) ;
#3208 = DIRECTION ( 'NONE',  ( -1.000000000000000000, -0.000000000000000000, -0.000000000000000000 ) ) ;
#3209 = DIRECTION ( 'NONE',  ( 0.000000000000000000, 0.000000000000000000, -1.000000000000000000 ) ) ;
#3210 = EDGE_CURVE ( 'NONE', #4112, #1153, #2711, .T. ) ;
#3211 = CARTESIAN_POINT ( 'NONE',  ( -3.752416029595222422E-16, 38.50000000000000000, 0.000000000000000000 ) ) ;
#3212 = LINE ( 'NONE', #2080, #4162 ) ;
#3213 = DIRECTION ( 'NONE',  ( -0.000000000000000000, -1.000000000000000000, -0.000000000000000000 ) ) ;
#3214 = ORIENTED_EDGE ( 'NONE', *, *, #1340, .F. ) ;
#3215 = DIRECTION ( 'NONE',  ( -1.000000000000000000, -0.000000000000000000, -0.000000000000000000 ) ) ;
#3216 = EDGE_CURVE ( 'NONE', #2069, #3811, #1283, .T. ) ;
#3217 = CARTESIAN_POINT ( 'NONE',  ( 11.99999999999999822, 43.00000000000000000, 14.68614980554399096 ) ) ;
#3218 = CYLINDRICAL_SURFACE ( 'NONE', #2341, 1.600000000000001643 ) ;
#3219 = ORIENTED_EDGE ( 'NONE', *, *, #3643, .F. ) ;
#3220 = EDGE_LOOP ( 'NONE', ( #3588, #2703, #1148, #1118 ) ) ;
#3221 = CYLINDRICAL_SURFACE ( 'NONE', #4523, 3.000000000000002665 ) ;
#3222 = EDGE_CURVE ( 'NONE', #2192, #3858, #2406, .T. ) ;
#3223 = ORIENTED_EDGE ( 'NONE', *, *, #3308, .T. ) ;
#3224 = CARTESIAN_POINT ( 'NONE',  ( 0.000000000000000000, 35.00000000000000000, -17.47392445807271955 ) ) ;
#3225 = CARTESIAN_POINT ( 'NONE',  ( 30.00000000000001066, 40.00000000000000000, 43.39999999999999858 ) ) ;
#3226 = EDGE_LOOP ( 'NONE', ( #1313, #2091, #755, #3170, #388 ) ) ;
#3227 = DIRECTION ( 'NONE',  ( 1.000000000000000000, 0.000000000000000000, 0.000000000000000000 ) ) ;
#3228 = DIRECTION ( 'NONE',  ( 0.000000000000000000, 0.000000000000000000, 1.000000000000000000 ) ) ;
#3229 = FACE_OUTER_BOUND ( 'NONE', #1409, .T. ) ;
#3230 = EDGE_LOOP ( 'NONE', ( #3871, #147, #1786, #965, #3412, #3647, #2736 ) ) ;
#3231 = AXIS2_PLACEMENT_3D ( 'NONE', #2256, #3336, #128 ) ;
#3232 = DIRECTION ( 'NONE',  ( 0.000000000000000000, 0.000000000000000000, -1.000000000000000000 ) ) ;
#3233 = CARTESIAN_POINT ( 'NONE',  ( 70.26638702559253602, 18.00000000000000355, 40.40000000000000568 ) ) ;
#3234 = CARTESIAN_POINT ( 'NONE',  ( 99.02965776558741595, 12.32900775255292558, 0.000000000000000000 ) ) ;
#3235 = FACE_OUTER_BOUND ( 'NONE', #3495, .T. ) ;
#3236 = CARTESIAN_POINT ( 'NONE',  ( 56.15294771916396854, 8.737755212341085098, -4.006881969015179124 ) ) ;
#3237 = CIRCLE ( 'NONE', #3331, 3.000000000000002665 ) ;
#3238 = EDGE_LOOP ( 'NONE', ( #3447, #2918, #585, #2075, #1291, #4581, #3538, #3282 ) ) ;
#3239 = DIRECTION ( 'NONE',  ( 0.000000000000000000, 0.000000000000000000, 1.000000000000000000 ) ) ;
#3240 = DIRECTION ( 'NONE',  ( 0.000000000000000000, -0.000000000000000000, -1.000000000000000000 ) ) ;
#3241 = EDGE_LOOP ( 'NONE', ( #1353, #1420 ) ) ;
#3242 = CARTESIAN_POINT ( 'NONE',  ( 78.01217884246545964, 32.00000000000000000, -17.47392445807271955 ) ) ;
#3243 = AXIS2_PLACEMENT_3D ( 'NONE', #599, #3428, #4526 ) ;
#3244 = ORIENTED_EDGE ( 'NONE', *, *, #318, .F. ) ;
#3245 = VECTOR ( 'NONE', #876, 1000.000000000000000 ) ;
#3246 = EDGE_LOOP ( 'NONE', ( #1629, #4364 ) ) ;
#3247 = EDGE_CURVE ( 'NONE', #3611, #4147, #280, .T. ) ;
#3248 = EDGE_CURVE ( 'NONE', #2643, #4498, #2405, .T. ) ;
#3249 = DIRECTION ( 'NONE',  ( 0.000000000000000000, 0.000000000000000000, -1.000000000000000000 ) ) ;
#3250 = ORIENTED_EDGE ( 'NONE', *, *, #2616, .T. ) ;
#3251 = FACE_OUTER_BOUND ( 'NONE', #2718, .T. ) ;
#3252 = DIRECTION ( 'NONE',  ( 0.000000000000000000, 1.000000000000000000, 0.000000000000000000 ) ) ;
#3253 = VERTEX_POINT ( 'NONE', #999 ) ;
#3254 = ADVANCED_FACE ( 'NONE', ( #4242 ), #2734, .F. ) ;
#3255 = VERTEX_POINT ( 'NONE', #1749 ) ;
#3256 = CYLINDRICAL_SURFACE ( 'NONE', #2755, 2.999999999999999112 ) ;
#3257 = B_SPLINE_CURVE_WITH_KNOTS ( 'NONE', 3,
 ( #3827, #606, #4556, #3923, #681, #3477, #2108, #4579, #1333, #2137, #2761, #11, #4204, #2037, #983, #2415, #3851, #1355, #3874, #3555, #2837, #1380, #340, #630 ),
 .UNSPECIFIED., .F., .F.,
 ( 4, 2, 2, 2, 2, 2, 2, 2, 2, 2, 2, 4 ),
 ( 0.006115534601766699566, 0.006497287782283498424, 0.006879040962800297282, 0.007260794143317095273, 0.007642547323833894998, 0.008406053684867482306, 0.009169560045901071349, 0.009933066406934658657, 0.01031481958745145144, 0.01069657276796824250, 0.01146007912900182980, 0.01222358549003541711 ),
 .UNSPECIFIED. ) ;
#3258 = CARTESIAN_POINT ( 'NONE',  ( 12.78688524590162956, 40.00000000000000000, -10.65573770491802641 ) ) ;
#3259 = ORIENTED_EDGE ( 'NONE', *, *, #3312, .T. ) ;
#3260 = CARTESIAN_POINT ( 'NONE',  ( 83.83537113439898292, 4.000000000000002665, -8.756184657965947693 ) ) ;
#3261 = LINE ( 'NONE', #3290, #2778 ) ;
#3262 = DIRECTION ( 'NONE',  ( 0.000000000000000000, -1.000000000000000000, 0.000000000000000000 ) ) ;
#3263 = VECTOR ( 'NONE', #3319, 1000.000000000000000 ) ;
#3264 = LINE ( 'NONE', #59, #4092 ) ;
#3265 = VECTOR ( 'NONE', #3186, 1000.000000000000114 ) ;
#3266 = CARTESIAN_POINT ( 'NONE',  ( 39.34426229508195405, 43.00000000000000000, -32.78688524590163667 ) ) ;
#3267 = CIRCLE ( 'NONE', #4026, 1.600000000000001643 ) ;
#3268 = CARTESIAN_POINT ( 'NONE',  ( 113.3786796564403545, 42.37867965644036161, -4.000000000000000000 ) ) ;
#3269 = CARTESIAN_POINT ( 'NONE',  ( 20.69978292202399928, 4.721145209042293622, -6.404050282380491232 ) ) ;
#3270 = ORIENTED_EDGE ( 'NONE', *, *, #2282, .T. ) ;
#3271 = DIRECTION ( 'NONE',  ( -0.000000000000000000, -1.000000000000000000, -0.000000000000000000 ) ) ;
#3272 = ORIENTED_EDGE ( 'NONE', *, *, #2094, .T. ) ;
#3273 = EDGE_LOOP ( 'NONE', ( #3487, #1566, #1742, #4191 ) ) ;
#3274 = LINE ( 'NONE', #2573, #1247 ) ;
#3275 = VERTEX_POINT ( 'NONE', #4154 ) ;
#3276 = CIRCLE ( 'NONE', #873, 2.999999999999999112 ) ;
#3277 = CARTESIAN_POINT ( 'NONE',  ( 80.15615118262131489, 5.414472625811540318, 48.39999999999999858 ) ) ;
#3278 = DIRECTION ( 'NONE',  ( 0.000000000000000000, 0.000000000000000000, 1.000000000000000000 ) ) ;
#3279 = EDGE_CURVE ( 'NONE', #1512, #206, #3470, .T. ) ;
#3280 = ORIENTED_EDGE ( 'NONE', *, *, #3823, .F. ) ;
#3281 = EDGE_CURVE ( 'NONE', #2969, #3811, #256, .T. ) ;
#3282 = ORIENTED_EDGE ( 'NONE', *, *, #1980, .T. ) ;
#3283 = DIRECTION ( 'NONE',  ( 0.000000000000000000, 0.000000000000000000, -1.000000000000000000 ) ) ;
#3284 = EDGE_CURVE ( 'NONE', #4490, #773, #1593, .T. ) ;
#3285 = FACE_BOUND ( 'NONE', #2891, .T. ) ;
#3286 = ORIENTED_EDGE ( 'NONE', *, *, #2277, .T. ) ;
#3287 = ADVANCED_FACE ( 'NONE', ( #1305, #1349, #2757, #2431 ), #976, .T. ) ;
#3288 = CIRCLE ( 'NONE', #3879, 2.999999999999999112 ) ;
#3289 = CARTESIAN_POINT ( 'NONE',  ( 114.0000000000000000, 43.00000000000000000, 50.89999999999999858 ) ) ;
#3290 = CARTESIAN_POINT ( 'NONE',  ( 0.000000000000000000, 43.00000000000000000, 6.400000000000003020 ) ) ;
#3291 = LINE ( 'NONE', #2281, #4394 ) ;
#3292 = AXIS2_PLACEMENT_3D ( 'NONE', #3722, #2210, #3320 ) ;
#3293 = DIRECTION ( 'NONE',  ( 0.000000000000000000, -1.000000000000000000, 0.000000000000000000 ) ) ;
#3294 = AXIS2_PLACEMENT_3D ( 'NONE', #3572, #1772, #750 ) ;
#3295 = CARTESIAN_POINT ( 'NONE',  ( 0.000000000000000000, 40.00000000000000000, 42.39999999999999858 ) ) ;
#3296 = AXIS2_PLACEMENT_3D ( 'NONE', #3527, #7, #4272 ) ;
#3297 = DIRECTION ( 'NONE',  ( 1.000000000000000000, 0.000000000000000000, 0.000000000000000000 ) ) ;
#3298 = CARTESIAN_POINT ( 'NONE',  ( 0.000000000000000000, 4.000000000000000000, 1.500000000000000000 ) ) ;
#3299 = ORIENTED_EDGE ( 'NONE', *, *, #20, .T. ) ;
#3300 = DIRECTION ( 'NONE',  ( -1.000000000000000000, -0.000000000000000000, -0.000000000000000000 ) ) ;
#3301 = VERTEX_POINT ( 'NONE', #1824 ) ;
#3302 = CARTESIAN_POINT ( 'NONE',  ( -4.336808689942017736E-16, 41.50000000000000000, -4.000000000000000000 ) ) ;
#3303 = CARTESIAN_POINT ( 'NONE',  ( 86.75000000000000000, 40.00000000000000711, -4.999999999999992006 ) ) ;
#3304 = CIRCLE ( 'NONE', #3890, 1.500000000000001332 ) ;
#3305 = EDGE_LOOP ( 'NONE', ( #3948, #289, #759, #1390 ) ) ;
#3306 = EDGE_LOOP ( 'NONE', ( #3852, #330, #2794 ) ) ;
#3307 = DIRECTION ( 'NONE',  ( 0.000000000000000000, 1.000000000000000000, 0.000000000000000000 ) ) ;
#3308 = EDGE_CURVE ( 'NONE', #1785, #2069, #2128, .T. ) ;
#3309 = DIRECTION ( 'NONE',  ( 0.000000000000000000, 0.000000000000000000, 1.000000000000000000 ) ) ;
#3310 = ADVANCED_BREP_SHAPE_REPRESENTATION ( '\X2\75356c6076d2\X0\', ( #2790, #2099 ), #473 ) ;
#3311 = EDGE_CURVE ( 'NONE', #4336, #1512, #4213, .T. ) ;
#3312 = EDGE_CURVE ( 'NONE', #3920, #792, #4269, .T. ) ;
#3313 = LINE ( 'NONE', #2254, #2885 ) ;
#3314 = ORIENTED_EDGE ( 'NONE', *, *, #4115, .T. ) ;
#3315 = CARTESIAN_POINT ( 'NONE',  ( 96.74999999999998579, 2.000000000000000000, 9.320000000000005613 ) ) ;
#3316 = DIRECTION ( 'NONE',  ( 0.000000000000000000, -1.000000000000000000, 0.000000000000000000 ) ) ;
#3317 = DIRECTION ( 'NONE',  ( -0.000000000000000000, 0.000000000000000000, 1.000000000000000000 ) ) ;
#3318 = EDGE_CURVE ( 'NONE', #2416, #1086, #4294, .T. ) ;
#3319 = DIRECTION ( 'NONE',  ( 1.000000000000000000, -0.000000000000000000, 0.000000000000000000 ) ) ;
#3320 = DIRECTION ( 'NONE',  ( -1.224646799147352961E-16, 0.000000000000000000, -1.000000000000000000 ) ) ;
#3321 = DIRECTION ( 'NONE',  ( -1.000000000000000000, 0.000000000000000000, 0.000000000000000000 ) ) ;
#3322 = CYLINDRICAL_SURFACE ( 'NONE', #3708, 1.600000000000004086 ) ;
#3323 = EDGE_LOOP ( 'NONE', ( #3589, #284, #4430, #3834 ) ) ;
#3324 = ORIENTED_EDGE ( 'NONE', *, *, #2460, .F. ) ;
#3325 = VECTOR ( 'NONE', #955, 1000.000000000000000 ) ;
#3326 = DIRECTION ( 'NONE',  ( 0.000000000000000000, 0.000000000000000000, 1.000000000000000000 ) ) ;
#3327 = ORIENTED_EDGE ( 'NONE', *, *, #2752, .F. ) ;
#3328 = CIRCLE ( 'NONE', #4378, 2.999999999999999112 ) ;
#3329 = CARTESIAN_POINT ( 'NONE',  ( 15.00000000000000000, 4.000000000000000000, -9.000000000000001776 ) ) ;
#3330 = DIRECTION ( 'NONE',  ( -1.000000000000000000, 0.000000000000000000, 0.000000000000000000 ) ) ;
#3331 = AXIS2_PLACEMENT_3D ( 'NONE', #757, #4381, #3321 ) ;
#3332 = CIRCLE ( 'NONE', #4149, 1.600000000000004086 ) ;
#3333 = EDGE_LOOP ( 'NONE', ( #4585, #4225, #1055, #4567 ) ) ;
#3334 = DIRECTION ( 'NONE',  ( 0.000000000000000000, 1.000000000000000000, 0.000000000000000000 ) ) ;
#3335 = DIRECTION ( 'NONE',  ( 0.7540815958863057444, -0.6567807448042017882, 0.000000000000000000 ) ) ;
#3336 = DIRECTION ( 'NONE',  ( 0.000000000000000000, 1.000000000000000000, 0.000000000000000000 ) ) ;
#3337 = CARTESIAN_POINT ( 'NONE',  ( 26.42928578572857745, 4.000000000000000000, 1.500000000000000888 ) ) ;
#3338 = CARTESIAN_POINT ( 'NONE',  ( 96.69533616120787656, 40.00000000000000000, 36.03440339344945897 ) ) ;
#3339 = EDGE_CURVE ( 'NONE', #2335, #4542, #106, .T. ) ;
#3340 = EDGE_CURVE ( 'NONE', #377, #2969, #3621, .T. ) ;
#3341 = CARTESIAN_POINT ( 'NONE',  ( 14.99999999999999645, 4.000000000000001776, -6.071067811865480834 ) ) ;
#3342 = LINE ( 'NONE', #2541, #884 ) ;
#3343 = CIRCLE ( 'NONE', #2879, 3.000000000000000888 ) ;
#3344 = DIRECTION ( 'NONE',  ( 0.000000000000000000, 0.000000000000000000, -1.000000000000000000 ) ) ;
#3345 = FACE_OUTER_BOUND ( 'NONE', #447, .T. ) ;
#3346 = EDGE_LOOP ( 'NONE', ( #4494, #4493, #4561, #4036 ) ) ;
#3347 = VECTOR ( 'NONE', #1210, 1000.000000000000000 ) ;
#3348 = VECTOR ( 'NONE', #2116, 1000.000000000000000 ) ;
#3349 = DIRECTION ( 'NONE',  ( 0.000000000000000000, 0.000000000000000000, -1.000000000000000000 ) ) ;
#3350 = ORIENTED_EDGE ( 'NONE', *, *, #1321, .F. ) ;
#3351 = DIRECTION ( 'NONE',  ( -1.000000000000000000, 0.000000000000000000, 0.000000000000000000 ) ) ;
#3352 = EDGE_CURVE ( 'NONE', #1487, #146, #2828, .T. ) ;
#3353 = DIRECTION ( 'NONE',  ( 0.000000000000000000, -1.000000000000000000, 0.000000000000000000 ) ) ;
#3354 = CARTESIAN_POINT ( 'NONE',  ( 96.74999999999998579, 40.00000000000000711, 9.320000000000005613 ) ) ;
#3355 = ORIENTED_EDGE ( 'NONE', *, *, #1280, .F. ) ;
#3356 = VERTEX_POINT ( 'NONE', #1104 ) ;
#3357 = DIRECTION ( 'NONE',  ( 0.000000000000000000, 0.000000000000000000, 1.000000000000000000 ) ) ;
#3358 = CARTESIAN_POINT ( 'NONE',  ( 0.000000000000000000, 35.00000000000000000, -17.47392445807271955 ) ) ;
#3359 = CIRCLE ( 'NONE', #4416, 1.500000000000001332 ) ;
#3360 = DIRECTION ( 'NONE',  ( -0.000000000000000000, -0.000000000000000000, -1.000000000000000000 ) ) ;
#3361 = DIRECTION ( 'NONE',  ( 0.000000000000000000, 0.000000000000000000, 1.000000000000000000 ) ) ;
#3362 = LINE ( 'NONE', #1179, #1460 ) ;
#3363 = LINE ( 'NONE', #2769, #1943 ) ;
#3364 = CARTESIAN_POINT ( 'NONE',  ( 15.00000000000000178, -29.97142273814360536, 39.39999999999999858 ) ) ;
#3365 = VERTEX_POINT ( 'NONE', #2480 ) ;
#3366 = EDGE_CURVE ( 'NONE', #1487, #910, #3261, .T. ) ;
#3367 = FACE_OUTER_BOUND ( 'NONE', #768, .T. ) ;
#3368 = CARTESIAN_POINT ( 'NONE',  ( 15.00000000000000000, 9.000000000000001776, -4.000000000000000000 ) ) ;
#3369 = CIRCLE ( 'NONE', #4179, 2.999999999999999112 ) ;
#3370 = CARTESIAN_POINT ( 'NONE',  ( 79.99999999999998579, -0.001000000000000132727, 43.39999999999999858 ) ) ;
#3371 = ADVANCED_FACE ( 'NONE', ( #3597 ), #84, .F. ) ;
#3372 = AXIS2_PLACEMENT_3D ( 'NONE', #1948, #4488, #179 ) ;
#3373 = EDGE_LOOP ( 'NONE', ( #4496, #690, #2708, #3908, #3730, #239, #3900 ) ) ;
#3374 = DIRECTION ( 'NONE',  ( -0.000000000000000000, -0.000000000000000000, -1.000000000000000000 ) ) ;
#3375 = DIRECTION ( 'NONE',  ( 0.000000000000000000, -1.000000000000000000, 0.000000000000000000 ) ) ;
#3376 = ORIENTED_EDGE ( 'NONE', *, *, #1878, .T. ) ;
#3377 = EDGE_LOOP ( 'NONE', ( #3395, #3314, #762, #4082, #2098, #4029 ) ) ;
#3378 = ADVANCED_FACE ( 'NONE', ( #3916 ), #2535, .F. ) ;
#3379 = CARTESIAN_POINT ( 'NONE',  ( 13.25000000000000888, 2.000000000000000000, 9.320000000000016271 ) ) ;
#3380 = AXIS2_PLACEMENT_3D ( 'NONE', #1671, #1923, #3103 ) ;
#3381 = CARTESIAN_POINT ( 'NONE',  ( 31.10046099916119289, 40.00000000000000000, 11.32055319899343893 ) ) ;
#3382 = CARTESIAN_POINT ( 'NONE',  ( 81.01217884246545964, 32.00000000000000000, -17.47392445807271955 ) ) ;
#3383 = LINE ( 'NONE', #4439, #1610 ) ;
#3384 = CARTESIAN_POINT ( 'NONE',  ( 34.92443197930755616, 8.699149584683222969, -4.007507258756289659 ) ) ;
#3385 = B_SPLINE_CURVE_WITH_KNOTS ( 'NONE', 3,
 ( #1246, #1990, #4071, #3784, #4114, #1205, #2348, #912, #3725, #565, #1282, #2715 ),
 .UNSPECIFIED., .F., .F.,
 ( 4, 2, 2, 2, 2, 4 ),
 ( 4.336808689942017736E-19, 0.001071510901573235032, 0.002143021803146469631, 0.003214532704719704013, 0.003750288155506303640, 0.004286043606292902833 ),
 .UNSPECIFIED. ) ;
#3386 = DIRECTION ( 'NONE',  ( -1.000000000000000000, 0.000000000000000000, 0.000000000000000000 ) ) ;
#3387 = ORIENTED_EDGE ( 'NONE', *, *, #3248, .F. ) ;
#3388 = CARTESIAN_POINT ( 'NONE',  ( 13.25000000000000888, 4.000000000000000000, 10.92000000000001769 ) ) ;
#3389 = PLANE ( 'NONE',  #3778 ) ;
#3390 = DIRECTION ( 'NONE',  ( 0.000000000000000000, 0.000000000000000000, 1.000000000000000000 ) ) ;
#3391 = ORIENTED_EDGE ( 'NONE', *, *, #3643, .T. ) ;
#3392 = CARTESIAN_POINT ( 'NONE',  ( 79.98782115753458299, 10.99999999999999645, -4.000000000000000000 ) ) ;
#3393 = AXIS2_PLACEMENT_3D ( 'NONE', #673, #1448, #2802 ) ;
#3394 = CARTESIAN_POINT ( 'NONE',  ( 32.98782115753458299, 11.00000000000000000, 48.39999999999999858 ) ) ;
#3395 = ORIENTED_EDGE ( 'NONE', *, *, #3692, .T. ) ;
#3396 = EDGE_CURVE ( 'NONE', #4472, #3662, #4117, .T. ) ;
#3397 = ADVANCED_FACE ( 'NONE', ( #3971 ), #2585, .F. ) ;
#3398 = VERTEX_POINT ( 'NONE', #1797 ) ;
#3399 = DIRECTION ( 'NONE',  ( 0.000000000000000000, -1.000000000000000000, 0.000000000000000000 ) ) ;
#3400 = EDGE_LOOP ( 'NONE', ( #2725, #3684, #124, #2680 ) ) ;
#3401 = AXIS2_PLACEMENT_3D ( 'NONE', #4221, #1396, #2077 ) ;
#3402 = EDGE_CURVE ( 'NONE', #2391, #3880, #4323, .T. ) ;
#3403 = VERTEX_POINT ( 'NONE', #28 ) ;
#3404 = CARTESIAN_POINT ( 'NONE',  ( 108.5000000000000000, 38.50000000000000000, 1.500000000000000000 ) ) ;
#3405 = DIRECTION ( 'NONE',  ( 1.000000000000000000, 0.000000000000000000, 0.000000000000000000 ) ) ;
#3406 = PLANE ( 'NONE',  #2293 ) ;
#3407 = CARTESIAN_POINT ( 'NONE',  ( 101.0000000000000000, 32.00000000000000000, -4.000000000000000000 ) ) ;
#3408 = DIRECTION ( 'NONE',  ( 0.000000000000000000, 0.000000000000000000, -1.000000000000000000 ) ) ;
#3409 = DIRECTION ( 'NONE',  ( -0.000000000000000000, -1.000000000000000000, -0.000000000000000000 ) ) ;
#3410 = VECTOR ( 'NONE', #2933, 1000.000000000000000 ) ;
#3411 = CARTESIAN_POINT ( 'NONE',  ( 114.0000000000000000, 33.00000000000000000, 0.000000000000000000 ) ) ;
#3412 = ORIENTED_EDGE ( 'NONE', *, *, #4311, .T. ) ;
#3413 = DIRECTION ( 'NONE',  ( -0.000000000000000000, 1.000000000000000000, 0.000000000000000000 ) ) ;
#3414 = CARTESIAN_POINT ( 'NONE',  ( 108.5000000000000000, 5.500000000000000000, 1.500000000000000000 ) ) ;
#3415 = DIRECTION ( 'NONE',  ( 0.000000000000000000, -1.000000000000000000, 0.000000000000000000 ) ) ;
#3416 = ORIENTED_EDGE ( 'NONE', *, *, #897, .F. ) ;
#3417 = CIRCLE ( 'NONE', #1174, 2.999999999999999112 ) ;
#3418 = EDGE_LOOP ( 'NONE', ( #3387, #187, #1606, #535, #38, #4232, #553, #4608, #1850, #3608, #926, #1213, #1970, #3797, #943, #4475, #3053, #3391, #2972, #3113, #4081, #1049 ) ) ;
#3419 = FACE_OUTER_BOUND ( 'NONE', #2350, .T. ) ;
#3420 = VECTOR ( 'NONE', #4625, 1000.000000000000000 ) ;
#3421 = ORIENTED_EDGE ( 'NONE', *, *, #39, .T. ) ;
#3422 = EDGE_CURVE ( 'NONE', #2924, #716, #217, .T. ) ;
#3423 = EDGE_CURVE ( 'NONE', #1356, #3513, #3673, .T. ) ;
#3424 = DIRECTION ( 'NONE',  ( 0.000000000000000000, -1.000000000000000000, 0.000000000000000000 ) ) ;
#3425 = CYLINDRICAL_SURFACE ( 'NONE', #3057, 3.000000000000002665 ) ;
#3426 = EDGE_CURVE ( 'NONE', #2741, #1515, #2911, .T. ) ;
#3427 = CARTESIAN_POINT ( 'NONE',  ( 114.0000000000000000, 0.000000000000000000, 50.89999999999999858 ) ) ;
#3428 = DIRECTION ( 'NONE',  ( -0.000000000000000000, -0.000000000000000000, 1.000000000000000000 ) ) ;
#3429 = CARTESIAN_POINT ( 'NONE',  ( 84.99999999999998579, 0.000000000000000000, 5.000000000000000000 ) ) ;
#3430 = ORIENTED_EDGE ( 'NONE', *, *, #1366, .F. ) ;
#3431 = VERTEX_POINT ( 'NONE', #1479 ) ;
#3432 = CARTESIAN_POINT ( 'NONE',  ( 23.25000000000000711, 2.000000000000000000, -9.599999999999996092 ) ) ;
#3433 = CIRCLE ( 'NONE', #2378, 3.000000000000002665 ) ;
#3434 = CARTESIAN_POINT ( 'NONE',  ( 12.00000000000000178, 40.00000000000000000, 39.39999999999999858 ) ) ;
#3435 = ORIENTED_EDGE ( 'NONE', *, *, #2603, .T. ) ;
#3436 = VERTEX_POINT ( 'NONE', #2908 ) ;
#3437 = AXIS2_PLACEMENT_3D ( 'NONE', #4379, #2588, #2884 ) ;
#3438 = DIRECTION ( 'NONE',  ( 0.000000000000000000, 0.000000000000000000, 1.000000000000000000 ) ) ;
#3439 = AXIS2_PLACEMENT_3D ( 'NONE', #2180, #3209, #4 ) ;
#3440 = ORIENTED_EDGE ( 'NONE', *, *, #3516, .F. ) ;
#3441 = VERTEX_POINT ( 'NONE', #1131 ) ;
#3442 = EDGE_CURVE ( 'NONE', #3811, #9, #4398, .T. ) ;
#3443 = LINE ( 'NONE', #1790, #1939 ) ;
#3444 = EDGE_CURVE ( 'NONE', #4228, #4602, #4487, .T. ) ;
#3445 = EDGE_CURVE ( 'NONE', #2809, #2499, #887, .T. ) ;
#3446 = CARTESIAN_POINT ( 'NONE',  ( 57.84705228083607409, 34.26224478765892201, -17.47392445807271955 ) ) ;
#3447 = ORIENTED_EDGE ( 'NONE', *, *, #3312, .F. ) ;
#3448 = CARTESIAN_POINT ( 'NONE',  ( 104.0000000000000142, 14.59125254021184581, 52.40000000000000568 ) ) ;
#3449 = DIRECTION ( 'NONE',  ( 0.000000000000000000, -1.000000000000000000, 0.000000000000000000 ) ) ;
#3450 = EDGE_CURVE ( 'NONE', #4104, #2289, #3557, .T. ) ;
#3451 = DIRECTION ( 'NONE',  ( 1.000000000000000000, 0.000000000000000000, 0.000000000000000000 ) ) ;
#3452 = ORIENTED_EDGE ( 'NONE', *, *, #3049, .F. ) ;
#3453 = CARTESIAN_POINT ( 'NONE',  ( 96.74999999999998579, 2.000000000000000000, 6.319999999999997620 ) ) ;
#3454 = CARTESIAN_POINT ( 'NONE',  ( 13.25000000000000888, 40.00000000000000711, 12.32000000000001272 ) ) ;
#3455 = VERTEX_POINT ( 'NONE', #1258 ) ;
#3456 = ORIENTED_EDGE ( 'NONE', *, *, #3148, .F. ) ;
#3457 = CARTESIAN_POINT ( 'NONE',  ( 0.000000000000000000, 8.000000000000000000, -17.47392445807271955 ) ) ;
#3458 = ORIENTED_EDGE ( 'NONE', *, *, #301, .F. ) ;
#3459 = VECTOR ( 'NONE', #2206, 1000.000000000000000 ) ;
#3460 = ORIENTED_EDGE ( 'NONE', *, *, #2752, .T. ) ;
#3461 = CARTESIAN_POINT ( 'NONE',  ( 30.00000000000001066, 5.500000000000000000, 48.39999999999999858 ) ) ;
#3462 = VECTOR ( 'NONE', #3067, 1000.000000000000000 ) ;
#3463 = CIRCLE ( 'NONE', #321, 5.000000000000000000 ) ;
#3464 = DIRECTION ( 'NONE',  ( 0.000000000000000000, -1.000000000000000000, 0.000000000000000000 ) ) ;
#3465 = AXIS2_PLACEMENT_3D ( 'NONE', #1661, #656, #680 ) ;
#3466 = LINE ( 'NONE', #562, #4640 ) ;
#3467 = ORIENTED_EDGE ( 'NONE', *, *, #2380, .F. ) ;
#3468 = LINE ( 'NONE', #3388, #1893 ) ;
#3469 = EDGE_CURVE ( 'NONE', #2018, #3744, #154, .T. ) ;
#3470 = LINE ( 'NONE', #934, #4289 ) ;
#3471 = EDGE_CURVE ( 'NONE', #548, #1860, #4045, .T. ) ;
#3472 = EDGE_CURVE ( 'NONE', #2898, #4206, #4458, .T. ) ;
#3473 = CARTESIAN_POINT ( 'NONE',  ( 25.00000000000000000, 0.000000000000000000, 0.000000000000000000 ) ) ;
#3474 = CARTESIAN_POINT ( 'NONE',  ( 112.5000000000000000, 41.50000000000000000, 52.40000000000000568 ) ) ;
#3475 = ORIENTED_EDGE ( 'NONE', *, *, #667, .T. ) ;
#3476 = DIRECTION ( 'NONE',  ( 0.000000000000000000, 1.000000000000000000, 0.000000000000000000 ) ) ;
#3477 = CARTESIAN_POINT ( 'NONE',  ( 24.11846712849867558, 5.838786904899883723, -5.125836744906523634 ) ) ;
#3478 = ORIENTED_EDGE ( 'NONE', *, *, #3791, .F. ) ;
#3479 = ORIENTED_EDGE ( 'NONE', *, *, #2797, .T. ) ;
#3480 = DIRECTION ( 'NONE',  ( 1.000000000000000000, 0.000000000000000000, 0.000000000000000000 ) ) ;
#3481 = ADVANCED_FACE ( 'NONE', ( #4438 ), #2631, .F. ) ;
#3482 = ORIENTED_EDGE ( 'NONE', *, *, #3087, .F. ) ;
#3483 = LINE ( 'NONE', #1014, #4316 ) ;
#3484 = VECTOR ( 'NONE', #1372, 1000.000000000000114 ) ;
#3485 = ORIENTED_EDGE ( 'NONE', *, *, #725, .F. ) ;
#3486 = VECTOR ( 'NONE', #3111, 1000.000000000000000 ) ;
#3487 = ORIENTED_EDGE ( 'NONE', *, *, #1287, .F. ) ;
#3488 =( BOUNDED_CURVE ( )  B_SPLINE_CURVE ( 3, ( #338, #1804, #34, #3166 ),
 .UNSPECIFIED., .F., .F. ) 
 B_SPLINE_CURVE_WITH_KNOTS ( ( 4, 4 ),
 ( 4.659915946123385666, 4.712388980384689674 ),
 .UNSPECIFIED. ) 
 CURVE ( )  GEOMETRIC_REPRESENTATION_ITEM ( )  RATIONAL_B_SPLINE_CURVE ( ( 1.000000000000000000, 0.9997705615513261534, 0.9997705615513261534, 1.000000000000000000 ) ) 
 REPRESENTATION_ITEM ( '' )  );
#3489 = AXIS2_PLACEMENT_3D ( 'NONE', #3394, #1001, #4471 ) ;
#3490 = DIRECTION ( 'NONE',  ( -0.7540815958863057444, 0.6567807448042017882, 0.000000000000000000 ) ) ;
#3491 = CIRCLE ( 'NONE', #2801, 1.600000000000004974 ) ;
#3492 = AXIS2_PLACEMENT_3D ( 'NONE', #3878, #710, #4634 ) ;
#3493 = FACE_OUTER_BOUND ( 'NONE', #2838, .T. ) ;
#3494 = VECTOR ( 'NONE', #238, 1000.000000000000000 ) ;
#3495 = EDGE_LOOP ( 'NONE', ( #1336, #2119, #2444, #4501 ) ) ;
#3496 = DIRECTION ( 'NONE',  ( -0.000000000000000000, -1.000000000000000000, -0.000000000000000000 ) ) ;
#3497 = CARTESIAN_POINT ( 'NONE',  ( 10.00000000000000533, 8.999999999999994671, -4.000000000000001776 ) ) ;
#3498 = CARTESIAN_POINT ( 'NONE',  ( 110.0000000000000000, 38.50000000000000000, 1.500000000000000000 ) ) ;
#3499 = CARTESIAN_POINT ( 'NONE',  ( 56.73365975796281901, 8.316981748971643995, -4.045217227435816021 ) ) ;
#3500 = EDGE_CURVE ( 'NONE', #4104, #1476, #4130, .T. ) ;
#3501 = ORIENTED_EDGE ( 'NONE', *, *, #1631, .F. ) ;
#3502 = AXIS2_PLACEMENT_3D ( 'NONE', #2866, #3249, #41 ) ;
#3503 = DIRECTION ( 'NONE',  ( 0.000000000000000000, 0.000000000000000000, 1.000000000000000000 ) ) ;
#3504 = AXIS2_PLACEMENT_3D ( 'NONE', #3955, #684, #1116 ) ;
#3505 = DIRECTION ( 'NONE',  ( 0.000000000000000000, 1.000000000000000000, 0.000000000000000000 ) ) ;
#3506 = ORIENTED_EDGE ( 'NONE', *, *, #3423, .F. ) ;
#3507 = VERTEX_POINT ( 'NONE', #1591 ) ;
#3508 = EDGE_CURVE ( 'NONE', #2213, #2784, #908, .T. ) ;
#3509 = DIRECTION ( 'NONE',  ( 1.000000000000000000, 0.000000000000000000, 0.000000000000000000 ) ) ;
#3510 = AXIS2_PLACEMENT_3D ( 'NONE', #3772, #3809, #4159 ) ;
#3511 = ORIENTED_EDGE ( 'NONE', *, *, #1530, .F. ) ;
#3512 = DIRECTION ( 'NONE',  ( -1.000000000000000000, -0.000000000000000000, -0.000000000000000000 ) ) ;
#3513 = VERTEX_POINT ( 'NONE', #843 ) ;
#3514 = ORIENTED_EDGE ( 'NONE', *, *, #3568, .T. ) ;
#3515 = VECTOR ( 'NONE', #4025, 1000.000000000000000 ) ;
#3516 = EDGE_CURVE ( 'NONE', #2867, #2435, #1239, .T. ) ;
#3517 = AXIS2_PLACEMENT_3D ( 'NONE', #723, #4021, #1422 ) ;
#3518 = CARTESIAN_POINT ( 'NONE',  ( 12.00000000000000178, 43.00000000000000000, 39.39999999999999858 ) ) ;
#3519 = CIRCLE ( 'NONE', #3678, 5.000000000000000000 ) ;
#3520 = CYLINDRICAL_SURFACE ( 'NONE', #1937, 2.999999999999999112 ) ;
#3521 = ORIENTED_EDGE ( 'NONE', *, *, #2096, .T. ) ;
#3522 = AXIS2_PLACEMENT_3D ( 'NONE', #2175, #2526, #3962 ) ;
#3523 = CARTESIAN_POINT ( 'NONE',  ( 114.0000000000000000, 18.00000000000000355, 16.00000000000000000 ) ) ;
#3524 = DIRECTION ( 'NONE',  ( -0.000000000000000000, -1.000000000000000000, -0.000000000000000000 ) ) ;
#3525 = CARTESIAN_POINT ( 'NONE',  ( 28.54970414201184070, 32.77928994082841285, 52.40000000000000568 ) ) ;
#3526 = DIRECTION ( 'NONE',  ( 0.000000000000000000, 0.000000000000000000, 1.000000000000000000 ) ) ;
#3527 = CARTESIAN_POINT ( 'NONE',  ( 108.5000000000000000, 5.499999999999998224, 0.000000000000000000 ) ) ;
#3528 = VERTEX_POINT ( 'NONE', #1985 ) ;
#3529 = LINE ( 'NONE', #1729, #3092 ) ;
#3530 = CARTESIAN_POINT ( 'NONE',  ( 5.927290507873187639E-15, 38.50000000000000000, 48.39999999999999858 ) ) ;
#3531 = FACE_OUTER_BOUND ( 'NONE', #2991, .T. ) ;
#3532 = ORIENTED_EDGE ( 'NONE', *, *, #4310, .F. ) ;
#3533 = VERTEX_POINT ( 'NONE', #3739 ) ;
#3534 = LINE ( 'NONE', #4582, #1019 ) ;
#3535 = ORIENTED_EDGE ( 'NONE', *, *, #2384, .T. ) ;
#3536 = CARTESIAN_POINT ( 'NONE',  ( 88.88334587847563739, 5.088864594834066502, -5.879105891403622053 ) ) ;
#3537 = ADVANCED_FACE ( 'NONE', ( #2280 ), #3425, .F. ) ;
#3538 = ORIENTED_EDGE ( 'NONE', *, *, #2928, .T. ) ;
#3539 = DIRECTION ( 'NONE',  ( -1.000000000000000000, 0.000000000000000000, 0.000000000000000000 ) ) ;
#3540 = EDGE_CURVE ( 'NONE', #2000, #3253, #2825, .T. ) ;
#3541 = DIRECTION ( 'NONE',  ( -0.000000000000000000, 0.000000000000000000, 1.000000000000000000 ) ) ;
#3542 = AXIS2_PLACEMENT_3D ( 'NONE', #214, #1263, #4153 ) ;
#3543 = VERTEX_POINT ( 'NONE', #500 ) ;
#3544 = ADVANCED_FACE ( 'NONE', ( #1921 ), #3022, .F. ) ;
#3545 = DIRECTION ( 'NONE',  ( 0.000000000000000000, 0.000000000000000000, 1.000000000000000000 ) ) ;
#3546 = DIRECTION ( 'NONE',  ( 0.000000000000000000, -1.000000000000000000, 0.000000000000000000 ) ) ;
#3547 = CIRCLE ( 'NONE', #324, 1.500000000000000000 ) ;
#3548 = DIRECTION ( 'NONE',  ( 0.000000000000000000, 0.000000000000000000, -1.000000000000000000 ) ) ;
#3549 = AXIS2_PLACEMENT_3D ( 'NONE', #3891, #2534, #279 ) ;
#3550 = CARTESIAN_POINT ( 'NONE',  ( 98.99999999999998579, 43.00000000000000000, 6.400000000000003020 ) ) ;
#3551 = CARTESIAN_POINT ( 'NONE',  ( 81.01217884246545964, 35.00000000000000000, -4.000000000000000000 ) ) ;
#3552 = ORIENTED_EDGE ( 'NONE', *, *, #4310, .T. ) ;
#3553 = LINE ( 'NONE', #2436, #631 ) ;
#3554 = CARTESIAN_POINT ( 'NONE',  ( 104.0000000000000142, 32.00000000000000000, -17.47392445807271955 ) ) ;
#3555 = CARTESIAN_POINT ( 'NONE',  ( 26.24936406810083511, 4.152639225446892901, -7.748330289660562364 ) ) ;
#3556 = EDGE_LOOP ( 'NONE', ( #875, #351, #82, #3618 ) ) ;
#3557 = B_SPLINE_CURVE_WITH_KNOTS ( 'NONE', 3,
 ( #559, #2651, #1551, #4106, #2323, #520, #4478, #1898, #1574, #4087, #3762, #3337 ),
 .UNSPECIFIED., .F., .F.,
 ( 4, 2, 2, 2, 2, 4 ),
 ( -1.414214399955109459E-05, 0.0005199765455369272744, 0.001054095235073405521, 0.002122332614146363317, 0.003190569993219320461, 0.004258807372292278473 ),
 .UNSPECIFIED. ) ;
#3558 = VERTEX_POINT ( 'NONE', #1634 ) ;
#3559 = CARTESIAN_POINT ( 'NONE',  ( 86.75000000000000000, 0.000000000000000000, -6.399999999999995026 ) ) ;
#3560 = VERTEX_POINT ( 'NONE', #1436 ) ;
#3561 = DIRECTION ( 'NONE',  ( -0.000000000000000000, -1.000000000000000000, -0.000000000000000000 ) ) ;
#3562 = DIRECTION ( 'NONE',  ( 0.000000000000000000, 1.000000000000000000, 0.000000000000000000 ) ) ;
#3563 = ORIENTED_EDGE ( 'NONE', *, *, #2999, .F. ) ;
#3564 = CARTESIAN_POINT ( 'NONE',  ( 8.739053254437877172, 50.03372781065089470, -4.000000000000000000 ) ) ;
#3565 = VECTOR ( 'NONE', #776, 1000.000000000000000 ) ;
#3566 = EDGE_CURVE ( 'NONE', #2675, #1288, #3905, .T. ) ;
#3567 = VECTOR ( 'NONE', #2055, 1000.000000000000000 ) ;
#3568 = EDGE_CURVE ( 'NONE', #4518, #510, #4613, .T. ) ;
#3569 = CARTESIAN_POINT ( 'NONE',  ( 34.95816339194718836, 13.26224478765890957, 0.000000000000000000 ) ) ;
#3570 = VERTEX_POINT ( 'NONE', #715 ) ;
#3571 = CARTESIAN_POINT ( 'NONE',  ( 9.999999999999998224, 0.000000000000000000, -4.000000000000000000 ) ) ;
#3572 = CARTESIAN_POINT ( 'NONE',  ( 1.836970198721029688E-16, 38.50000000000000000, 1.500000000000000000 ) ) ;
#3573 = CARTESIAN_POINT ( 'NONE',  ( 0.000000000000000000, 4.000000000000000000, 1.500000000000000000 ) ) ;
#3574 = EDGE_CURVE ( 'NONE', #4197, #2264, #2523, .T. ) ;
#3575 = DIRECTION ( 'NONE',  ( 0.000000000000000000, 0.000000000000000000, 1.000000000000000000 ) ) ;
#3576 = DIRECTION ( 'NONE',  ( 0.000000000000000000, 0.000000000000000000, 1.000000000000000000 ) ) ;
#3577 = ORIENTED_EDGE ( 'NONE', *, *, #923, .T. ) ;
#3578 = DIRECTION ( 'NONE',  ( -0.000000000000000000, -1.000000000000000000, 0.000000000000000000 ) ) ;
#3579 = CARTESIAN_POINT ( 'NONE',  ( 81.01217884246545964, 35.00000000000000000, 52.40000000000000568 ) ) ;
#3580 = DIRECTION ( 'NONE',  ( -0.000000000000000000, 0.000000000000000000, 1.000000000000000000 ) ) ;
#3581 = ORIENTED_EDGE ( 'NONE', *, *, #1635, .F. ) ;
#3582 = ORIENTED_EDGE ( 'NONE', *, *, #4243, .T. ) ;
#3583 = CARTESIAN_POINT ( 'NONE',  ( 58.12328995357655970, 11.00000000000000000, 48.39999999999999858 ) ) ;
#3584 = VECTOR ( 'NONE', #1648, 1000.000000000000000 ) ;
#3585 = ORIENTED_EDGE ( 'NONE', *, *, #3279, .F. ) ;
#3586 = DIRECTION ( 'NONE',  ( -0.000000000000000000, -1.000000000000000000, -0.000000000000000000 ) ) ;
#3587 = FACE_OUTER_BOUND ( 'NONE', #1759, .T. ) ;
#3588 = ORIENTED_EDGE ( 'NONE', *, *, #1818, .T. ) ;
#3589 = ORIENTED_EDGE ( 'NONE', *, *, #211, .T. ) ;
#3590 = DIRECTION ( 'NONE',  ( 0.000000000000000000, -0.000000000000000000, 1.000000000000000000 ) ) ;
#3591 = AXIS2_PLACEMENT_3D ( 'NONE', #2700, #569, #3732 ) ;
#3592 = ADVANCED_FACE ( 'NONE', ( #4638 ), #687, .F. ) ;
#3593 = CIRCLE ( 'NONE', #2004, 3.000000000000002665 ) ;
#3594 = LINE ( 'NONE', #2953, #2666 ) ;
#3595 = ORIENTED_EDGE ( 'NONE', *, *, #787, .T. ) ;
#3596 = FACE_BOUND ( 'NONE', #963, .T. ) ;
#3597 = FACE_OUTER_BOUND ( 'NONE', #4164, .T. ) ;
#3598 = CARTESIAN_POINT ( 'NONE',  ( 110.0000000000000000, 38.50000000000000000, 46.89999999999999858 ) ) ;
#3599 = EDGE_CURVE ( 'NONE', #1512, #224, #1043, .T. ) ;
#3600 = CARTESIAN_POINT ( 'NONE',  ( 56.42575056912433951, 8.500152730117534361, -4.019361147779087595 ) ) ;
#3601 = AXIS2_PLACEMENT_3D ( 'NONE', #4417, #170, #1234 ) ;
#3602 = EDGE_LOOP ( 'NONE', ( #2082, #2556, #3682, #3223 ) ) ;
#3603 = CARTESIAN_POINT ( 'NONE',  ( 13.25000000000000888, 0.000000000000000000, 9.320000000000016271 ) ) ;
#3604 = CARTESIAN_POINT ( 'NONE',  ( 5.743593488001084917E-15, 38.50000000000000000, 46.89999999999999858 ) ) ;
#3605 = EDGE_CURVE ( 'NONE', #367, #1454, #1298, .T. ) ;
#3606 = VERTEX_POINT ( 'NONE', #1415 ) ;
#3607 = CARTESIAN_POINT ( 'NONE',  ( 13.25000000000000888, 40.00000000000000711, 9.320000000000016271 ) ) ;
#3608 = ORIENTED_EDGE ( 'NONE', *, *, #4616, .T. ) ;
#3609 = VERTEX_POINT ( 'NONE', #3174 ) ;
#3610 = CARTESIAN_POINT ( 'NONE',  ( 86.75000000000000000, 2.000000000000000000, -11.00000000000000888 ) ) ;
#3611 = VERTEX_POINT ( 'NONE', #3200 ) ;
#3612 = FACE_OUTER_BOUND ( 'NONE', #1930, .T. ) ;
#3613 = CARTESIAN_POINT ( 'NONE',  ( 86.75000000000000000, 2.000000000000000000, -8.000000000000000000 ) ) ;
#3614 = ORIENTED_EDGE ( 'NONE', *, *, #1635, .T. ) ;
#3615 = ORIENTED_EDGE ( 'NONE', *, *, #2705, .T. ) ;
#3616 = CARTESIAN_POINT ( 'NONE',  ( 110.0000000000000000, 0.000000000000000000, 8.000000000000000000 ) ) ;
#3617 = FACE_OUTER_BOUND ( 'NONE', #4614, .T. ) ;
#3618 = ORIENTED_EDGE ( 'NONE', *, *, #3247, .F. ) ;
#3619 = AXIS2_PLACEMENT_3D ( 'NONE', #3523, #3208, #2851 ) ;
#3620 = CARTESIAN_POINT ( 'NONE',  ( 84.08370522155061622, 4.604323689993337965, -6.605230755601199988 ) ) ;
#3621 = LINE ( 'NONE', #1852, #608 ) ;
#3622 = LINE ( 'NONE', #3525, #3265 ) ;
#3623 = CARTESIAN_POINT ( 'NONE',  ( 10.00000000000000533, 8.999999999999994671, -4.000000000000001776 ) ) ;
#3624 = PLANE ( 'NONE',  #1781 ) ;
#3625 = ADVANCED_FACE ( 'NONE', ( #578 ), #3083, .F. ) ;
#3626 = VECTOR ( 'NONE', #3316, 1000.000000000000000 ) ;
#3627 = EDGE_CURVE ( 'NONE', #1381, #1766, #4345, .T. ) ;
#3628 = DIRECTION ( 'NONE',  ( -0.000000000000000000, -0.000000000000000000, -1.000000000000000000 ) ) ;
#3629 = DIRECTION ( 'NONE',  ( 0.000000000000000000, -1.000000000000000000, 0.000000000000000000 ) ) ;
#3630 = ORIENTED_EDGE ( 'NONE', *, *, #1715, .T. ) ;
#3631 = CARTESIAN_POINT ( 'NONE',  ( 10.00000000000000533, 28.40874745978818083, 52.40000000000000568 ) ) ;
#3632 = VECTOR ( 'NONE', #2388, 1000.000000000000000 ) ;
#3633 = ORIENTED_EDGE ( 'NONE', *, *, #2722, .F. ) ;
#3634 =( GEOMETRIC_REPRESENTATION_CONTEXT ( 3 ) GLOBAL_UNCERTAINTY_ASSIGNED_CONTEXT ( ( #461 ) ) GLOBAL_UNIT_ASSIGNED_CONTEXT ( ( #2290, #855, #3731 ) ) REPRESENTATION_CONTEXT ( 'NONE', 'WORKASPACE' ) );
#3635 = ORIENTED_EDGE ( 'NONE', *, *, #2031, .T. ) ;
#3636 = CARTESIAN_POINT ( 'NONE',  ( 57.84705228083607409, 34.26224478765892201, -17.47392445807271955 ) ) ;
#3637 = ADVANCED_FACE ( 'NONE', ( #2710 ), #929, .F. ) ;
#3638 = ORIENTED_EDGE ( 'NONE', *, *, #426, .F. ) ;
#3639 = CARTESIAN_POINT ( 'NONE',  ( 108.5000000000000000, 40.00000000000000000, 46.89999999999999858 ) ) ;
#3640 = CARTESIAN_POINT ( 'NONE',  ( 112.5000000000000000, 40.00000000000000000, -2.500000000000000000 ) ) ;
#3641 = ORIENTED_EDGE ( 'NONE', *, *, #1614, .T. ) ;
#3642 = ORIENTED_EDGE ( 'NONE', *, *, #1801, .F. ) ;
#3643 = EDGE_CURVE ( 'NONE', #3815, #245, #2495, .T. ) ;
#3644 = DIRECTION ( 'NONE',  ( 0.000000000000000000, 0.000000000000000000, -1.000000000000000000 ) ) ;
#3645 = VECTOR ( 'NONE', #4459, 1000.000000000000000 ) ;
#3646 = DIRECTION ( 'NONE',  ( 0.000000000000000000, 1.000000000000000000, -0.000000000000000000 ) ) ;
#3647 = ORIENTED_EDGE ( 'NONE', *, *, #2328, .T. ) ;
#3648 = CYLINDRICAL_SURFACE ( 'NONE', #3832, 8.000000000000000000 ) ;
#3649 = DIRECTION ( 'NONE',  ( 1.000000000000000000, -0.000000000000000000, 0.000000000000000000 ) ) ;
#3650 = PLANE ( 'NONE',  #2211 ) ;
#3651 = AXIS2_PLACEMENT_3D ( 'NONE', #3224, #639, #3833 ) ;
#3652 = DIRECTION ( 'NONE',  ( -0.000000000000000000, -0.000000000000000000, 1.000000000000000000 ) ) ;
#3653 = CARTESIAN_POINT ( 'NONE',  ( 23.25000000000000711, 4.000000000000003553, -10.99999999999999467 ) ) ;
#3654 = AXIS2_PLACEMENT_3D ( 'NONE', #4200, #6, #3526 ) ;
#3655 = UNCERTAINTY_MEASURE_WITH_UNIT (LENGTH_MEASURE( 1.000000000000000082E-05 ), #594, 'distance_accuracy_value', 'NONE');
#3656 = FACE_OUTER_BOUND ( 'NONE', #3377, .T. ) ;
#3657 = CARTESIAN_POINT ( 'NONE',  ( 98.99999999999998579, 43.00000000000000000, 9.400000000000002132 ) ) ;
#3658 = VERTEX_POINT ( 'NONE', #2362 ) ;
#3659 = ADVANCED_FACE ( 'NONE', ( #3800 ), #1764, .T. ) ;
#3660 = EDGE_LOOP ( 'NONE', ( #2897, #531, #250, #4058 ) ) ;
#3661 = DIRECTION ( 'NONE',  ( 0.000000000000000000, 0.000000000000000000, 1.000000000000000000 ) ) ;
#3662 = VERTEX_POINT ( 'NONE', #2006 ) ;
#3663 = FACE_OUTER_BOUND ( 'NONE', #672, .T. ) ;
#3664 = CARTESIAN_POINT ( 'NONE',  ( 108.5000000000000000, 38.50000000000000000, 0.000000000000000000 ) ) ;
#3665 = ADVANCED_FACE ( 'NONE', ( #3587 ), #374, .F. ) ;
#3666 = ORIENTED_EDGE ( 'NONE', *, *, #1477, .F. ) ;
#3667 = AXIS2_PLACEMENT_3D ( 'NONE', #3145, #1040, #4282 ) ;
#3668 = DIRECTION ( 'NONE',  ( 0.000000000000000000, 0.000000000000000000, 1.000000000000000000 ) ) ;
#3669 = EDGE_CURVE ( 'NONE', #2138, #206, #3443, .T. ) ;
#3670 = CARTESIAN_POINT ( 'NONE',  ( 102.0000000000000000, 40.00000000000000000, 34.11385019445601330 ) ) ;
#3671 = ORIENTED_EDGE ( 'NONE', *, *, #3216, .T. ) ;
#3672 = CARTESIAN_POINT ( 'NONE',  ( 84.95684110693017033, 5.343266554810664815, -5.584475693802506413 ) ) ;
#3673 = LINE ( 'NONE', #456, #451 ) ;
#3674 = CARTESIAN_POINT ( 'NONE',  ( 28.54970414201184070, 32.77928994082841285, -17.47392445807271955 ) ) ;
#3675 = AXIS2_PLACEMENT_3D ( 'NONE', #2849, #276, #4218 ) ;
#3676 = DIRECTION ( 'NONE',  ( -0.000000000000000000, 1.000000000000000000, -0.000000000000000000 ) ) ;
#3677 = LINE ( 'NONE', #2634, #3963 ) ;
#3678 = AXIS2_PLACEMENT_3D ( 'NONE', #1601, #3028, #1267 ) ;
#3679 = CARTESIAN_POINT ( 'NONE',  ( 34.01217884246545964, 32.00000000000000000, -17.47392445807271955 ) ) ;
#3680 = DIRECTION ( 'NONE',  ( -0.000000000000000000, -1.000000000000000000, 0.000000000000000000 ) ) ;
#3681 = EDGE_LOOP ( 'NONE', ( #3479, #1712, #3102, #3552 ) ) ;
#3682 = ORIENTED_EDGE ( 'NONE', *, *, #4570, .F. ) ;
#3683 = DIRECTION ( 'NONE',  ( -1.000000000000000000, 0.000000000000000000, 0.000000000000000000 ) ) ;
#3684 = ORIENTED_EDGE ( 'NONE', *, *, #4287, .T. ) ;
#3685 = CYLINDRICAL_SURFACE ( 'NONE', #1376, 1.500000000000001332 ) ;
#3686 = DIRECTION ( 'NONE',  ( 0.000000000000000000, 0.000000000000000000, 1.000000000000000000 ) ) ;
#3687 = AXIS2_PLACEMENT_3D ( 'NONE', #3177, #717, #3590 ) ;
#3688 = ORIENTED_EDGE ( 'NONE', *, *, #2408, .T. ) ;
#3689 = ORIENTED_EDGE ( 'NONE', *, *, #420, .T. ) ;
#3690 = PLANE ( 'NONE',  #2998 ) ;
#3691 = EDGE_CURVE ( 'NONE', #4336, #3543, #17, .T. ) ;
#3692 = EDGE_CURVE ( 'NONE', #309, #3441, #3819, .T. ) ;
#3693 = FACE_BOUND ( 'NONE', #316, .T. ) ;
#3694 = CARTESIAN_POINT ( 'NONE',  ( 79.99999999999998579, 5.499999999999998224, 0.000000000000000000 ) ) ;
#3695 = DIRECTION ( 'NONE',  ( 0.000000000000000000, 1.000000000000000000, -0.000000000000000000 ) ) ;
#3696 = DIRECTION ( 'NONE',  ( 0.000000000000000000, -0.000000000000000000, 1.000000000000000000 ) ) ;
#3697 = DIRECTION ( 'NONE',  ( 0.000000000000000000, -1.000000000000000000, 0.000000000000000000 ) ) ;
#3698 = EDGE_CURVE ( 'NONE', #3960, #3560, #1740, .T. ) ;
#3699 = CARTESIAN_POINT ( 'NONE',  ( 114.0000000000000000, 18.00000000000000355, 40.40000000000000568 ) ) ;
#3700 = CIRCLE ( 'NONE', #3078, 1.500000000000001332 ) ;
#3701 = CARTESIAN_POINT ( 'NONE',  ( 96.74999999999998579, 2.000000000000000000, 7.720000000000000639 ) ) ;
#3702 = LINE ( 'NONE', #4028, #406 ) ;
#3703 = ORIENTED_EDGE ( 'NONE', *, *, #1161, .F. ) ;
#3704 = ORIENTED_EDGE ( 'NONE', *, *, #1072, .F. ) ;
#3705 = VECTOR ( 'NONE', #4549, 1000.000000000000000 ) ;
#3706 = CARTESIAN_POINT ( 'NONE',  ( 81.95816339194719546, 13.26224478765891668, -4.000000000000000000 ) ) ;
#3707 = EDGE_LOOP ( 'NONE', ( #1041, #4003, #3641, #2295 ) ) ;
#3708 = AXIS2_PLACEMENT_3D ( 'NONE', #4302, #3271, #4331 ) ;
#3709 = CARTESIAN_POINT ( 'NONE',  ( 82.16764146350318754, 4.382065228995872808, 47.91759613938595663 ) ) ;
#3710 = LINE ( 'NONE', #4338, #1569 ) ;
#3711 = CIRCLE ( 'NONE', #4449, 2.999999999999999112 ) ;
#3712 = ORIENTED_EDGE ( 'NONE', *, *, #940, .T. ) ;
#3713 = DIRECTION ( 'NONE',  ( -1.000000000000000000, 0.000000000000000000, 0.000000000000000000 ) ) ;
#3714 = ADVANCED_FACE ( 'NONE', ( #2223 ), #4057, .F. ) ;
#3715 = VECTOR ( 'NONE', #3628, 1000.000000000000000 ) ;
#3716 = PLANE ( 'NONE',  #633 ) ;
#3717 = CARTESIAN_POINT ( 'NONE',  ( 34.01217884246545964, 35.00000000000000000, 0.000000000000000000 ) ) ;
#3718 = DIRECTION ( 'NONE',  ( 0.000000000000000000, 0.000000000000000000, 1.000000000000000000 ) ) ;
#3719 = DIRECTION ( 'NONE',  ( 0.000000000000000000, 1.000000000000000000, -0.000000000000000000 ) ) ;
#3720 = ADVANCED_FACE ( 'NONE', ( #1814 ), #1191, .F. ) ;
#3721 = CARTESIAN_POINT ( 'NONE',  ( 27.53648181664136629, 4.255870633393072033, 47.76480344870461181 ) ) ;
#3722 = CARTESIAN_POINT ( 'NONE',  ( 0.000000000000000000, 4.000000000000000000, 0.000000000000000000 ) ) ;
#3723 = AXIS2_PLACEMENT_3D ( 'NONE', #4046, #3740, #2958 ) ;
#3724 = AXIS2_PLACEMENT_3D ( 'NONE', #1826, #4400, #1799 ) ;
#3725 = CARTESIAN_POINT ( 'NONE',  ( 80.62686366498870427, 5.157992501160326704, 0.03697147222982619108 ) ) ;
#3726 = CARTESIAN_POINT ( 'NONE',  ( 96.74999999999998579, 0.000000000000000000, 10.92000000000000881 ) ) ;
#3727 = EDGE_CURVE ( 'NONE', #120, #1950, #3710, .T. ) ;
#3728 = AXIS2_PLACEMENT_3D ( 'NONE', #4628, #2135, #310 ) ;
#3729 = DIRECTION ( 'NONE',  ( -0.000000000000000000, 1.000000000000000000, -0.000000000000000000 ) ) ;
#3730 = ORIENTED_EDGE ( 'NONE', *, *, #971, .T. ) ;
#3731 =( NAMED_UNIT ( * ) SI_UNIT ( $, .STERADIAN. ) SOLID_ANGLE_UNIT ( ) );
#3732 = DIRECTION ( 'NONE',  ( 0.000000000000000000, 0.000000000000000000, 1.000000000000000000 ) ) ;
#3733 = LINE ( 'NONE', #2054, #3937 ) ;
#3734 = ORIENTED_EDGE ( 'NONE', *, *, #2255, .T. ) ;
#3735 = ORIENTED_EDGE ( 'NONE', *, *, #2773, .F. ) ;
#3736 = DIRECTION ( 'NONE',  ( 1.230300337572203632E-16, 0.000000000000000000, 1.000000000000000000 ) ) ;
#3737 = CIRCLE ( 'NONE', #575, 1.500000000000000000 ) ;
#3738 = CARTESIAN_POINT ( 'NONE',  ( 0.000000000000000000, 35.00000000000000000, -4.000000000000000000 ) ) ;
#3739 = CARTESIAN_POINT ( 'NONE',  ( 101.0000000000000000, 35.00000000000000000, -4.000000000000000000 ) ) ;
#3740 = DIRECTION ( 'NONE',  ( -0.000000000000000000, -1.000000000000000000, -0.000000000000000000 ) ) ;
#3741 = CARTESIAN_POINT ( 'NONE',  ( 79.98782115753458299, 8.000000000000000000, 48.39999999999999858 ) ) ;
#3742 = DIRECTION ( 'NONE',  ( 0.000000000000000000, -0.000000000000000000, 1.000000000000000000 ) ) ;
#3743 = AXIS2_PLACEMENT_3D ( 'NONE', #3789, #4182, #3096 ) ;
#3744 = VERTEX_POINT ( 'NONE', #1866 ) ;
#3745 = ADVANCED_FACE ( 'NONE', ( #2600 ), #2974, .F. ) ;
#3746 = DIRECTION ( 'NONE',  ( -1.000000000000000000, 0.000000000000000000, -0.000000000000000000 ) ) ;
#3747 = PRODUCT_RELATED_PRODUCT_CATEGORY ( 'part', '', ( #3925 ) ) ;
#3748 = VECTOR ( 'NONE', #2655, 1000.000000000000000 ) ;
#3749 = VECTOR ( 'NONE', #129, 1000.000000000000000 ) ;
#3750 = FACE_OUTER_BOUND ( 'NONE', #3660, .T. ) ;
#3751 = AXIS2_PLACEMENT_3D ( 'NONE', #1753, #4576, #1081 ) ;
#3752 = EDGE_CURVE ( 'NONE', #732, #1630, #2450, .T. ) ;
#3753 = ORIENTED_EDGE ( 'NONE', *, *, #1614, .F. ) ;
#3754 = DIRECTION ( 'NONE',  ( 0.000000000000000000, 0.000000000000000000, -1.000000000000000000 ) ) ;
#3755 = LINE ( 'NONE', #3454, #4482 ) ;
#3756 = VERTEX_POINT ( 'NONE', #3664 ) ;
#3757 = ORIENTED_EDGE ( 'NONE', *, *, #3540, .F. ) ;
#3758 = DIRECTION ( 'NONE',  ( 0.000000000000000000, -0.000000000000000000, 1.000000000000000000 ) ) ;
#3759 = ORIENTED_EDGE ( 'NONE', *, *, #1666, .F. ) ;
#3760 = CIRCLE ( 'NONE', #1501, 2.999999999999999112 ) ;
#3761 = ORIENTED_EDGE ( 'NONE', *, *, #2497, .F. ) ;
#3762 = CARTESIAN_POINT ( 'NONE',  ( 26.68304706352721567, 4.000000000000000888, 1.241111713809354589 ) ) ;
#3763 = CARTESIAN_POINT ( 'NONE',  ( 13.00000000000000533, 11.00000000000000000, -17.47392445807271955 ) ) ;
#3764 = DIRECTION ( 'NONE',  ( 0.000000000000000000, 1.000000000000000000, 0.000000000000000000 ) ) ;
#3765 = DIRECTION ( 'NONE',  ( 1.000000000000000000, -0.000000000000000000, 0.000000000000000000 ) ) ;
#3766 = CARTESIAN_POINT ( 'NONE',  ( 70.26638702559253602, 0.000000000000000000, 40.40000000000000568 ) ) ;
#3767 = VECTOR ( 'NONE', #3360, 1000.000000000000000 ) ;
#3768 = ADVANCED_FACE ( 'NONE', ( #2553 ), #790, .T. ) ;
#3769 = CYLINDRICAL_SURFACE ( 'NONE', #4326, 3.000000000000002665 ) ;
#3770 = EDGE_CURVE ( 'NONE', #548, #1664, #2622, .T. ) ;
#3771 = EDGE_LOOP ( 'NONE', ( #2266, #638, #1292, #123 ) ) ;
#3772 = CARTESIAN_POINT ( 'NONE',  ( 0.000000000000000000, 41.50000000000000000, -2.500000000000000000 ) ) ;
#3773 = ORIENTED_EDGE ( 'NONE', *, *, #1878, .F. ) ;
#3774 = ORIENTED_EDGE ( 'NONE', *, *, #2036, .T. ) ;
#3775 = EDGE_CURVE ( 'NONE', #1903, #4112, #145, .T. ) ;
#3776 = DIRECTION ( 'NONE',  ( 6.938893903907228378E-16, 0.000000000000000000, 1.000000000000000000 ) ) ;
#3777 = EDGE_LOOP ( 'NONE', ( #925, #4138, #514, #832 ) ) ;
#3778 = AXIS2_PLACEMENT_3D ( 'NONE', #3766, #2261, #3746 ) ;
#3779 = AXIS2_PLACEMENT_3D ( 'NONE', #439, #2570, #760 ) ;
#3780 = EDGE_CURVE ( 'NONE', #2264, #4236, #1114, .T. ) ;
#3781 = DIRECTION ( 'NONE',  ( 1.000000000000000000, 0.000000000000000000, 0.000000000000000000 ) ) ;
#3782 = CARTESIAN_POINT ( 'NONE',  ( 108.5000000000000000, 5.500000000000000000, 46.89999999999999858 ) ) ;
#3783 = CARTESIAN_POINT ( 'NONE',  ( 102.0000000000000000, 40.00000000000000000, 0.000000000000000000 ) ) ;
#3784 = CARTESIAN_POINT ( 'NONE',  ( 82.46351818335864436, 4.255870633393063152, 0.6351965512953995363 ) ) ;
#3785 = AXIS2_PLACEMENT_3D ( 'NONE', #825, #1922, #3696 ) ;
#3786 = LINE ( 'NONE', #2368, #274 ) ;
#3787 = ORIENTED_EDGE ( 'NONE', *, *, #511, .T. ) ;
#3788 = CYLINDRICAL_SURFACE ( 'NONE', #248, 3.000000000000002665 ) ;
#3789 = CARTESIAN_POINT ( 'NONE',  ( 112.5000000000000000, 0.000000000000000000, -2.500000000000000000 ) ) ;
#3790 = ORIENTED_EDGE ( 'NONE', *, *, #3155, .F. ) ;
#3791 = EDGE_CURVE ( 'NONE', #2862, #3957, #2639, .T. ) ;
#3792 = AXIS2_PLACEMENT_3D ( 'NONE', #1726, #3894, #624 ) ;
#3793 = ORIENTED_EDGE ( 'NONE', *, *, #4353, .T. ) ;
#3794 = CARTESIAN_POINT ( 'NONE',  ( 20.00000000000000000, 0.000000000000000000, -9.000000000000001776 ) ) ;
#3795 = ORIENTED_EDGE ( 'NONE', *, *, #3195, .F. ) ;
#3796 = EDGE_CURVE ( 'NONE', #3029, #3611, #2682, .T. ) ;
#3797 = ORIENTED_EDGE ( 'NONE', *, *, #2529, .T. ) ;
#3798 = EDGE_CURVE ( 'NONE', #4386, #464, #424, .T. ) ;
#3799 = CARTESIAN_POINT ( 'NONE',  ( 114.0000000000000000, 25.00000000000000000, 32.40000000000000568 ) ) ;
#3800 = FACE_OUTER_BOUND ( 'NONE', #1030, .T. ) ;
#3801 = FACE_OUTER_BOUND ( 'NONE', #3226, .T. ) ;
#3802 = CIRCLE ( 'NONE', #4547, 5.000000000000000000 ) ;
#3803 = VERTEX_POINT ( 'NONE', #492 ) ;
#3804 = CYLINDRICAL_SURFACE ( 'NONE', #1732, 1.500000000000000000 ) ;
#3805 = FACE_OUTER_BOUND ( 'NONE', #2548, .T. ) ;
#3806 = CARTESIAN_POINT ( 'NONE',  ( 112.5000000000000000, 0.000000000000000000, -4.000000000000000000 ) ) ;
#3807 = ORIENTED_EDGE ( 'NONE', *, *, #3281, .T. ) ;
#3808 = DIRECTION ( 'NONE',  ( 0.000000000000000000, 0.000000000000000000, -1.000000000000000000 ) ) ;
#3809 = DIRECTION ( 'NONE',  ( -1.000000000000000000, 0.000000000000000000, 0.000000000000000000 ) ) ;
#3810 = ORIENTED_EDGE ( 'NONE', *, *, #3669, .T. ) ;
#3811 = VERTEX_POINT ( 'NONE', #2268 ) ;
#3812 = AXIS2_PLACEMENT_3D ( 'NONE', #2346, #4461, #1577 ) ;
#3813 = DIRECTION ( 'NONE',  ( -0.000000000000000000, 1.000000000000000000, -0.000000000000000000 ) ) ;
#3814 = VERTEX_POINT ( 'NONE', #2896 ) ;
#3815 = VERTEX_POINT ( 'NONE', #1169 ) ;
#3816 = CARTESIAN_POINT ( 'NONE',  ( 28.75215165482026336, 4.827348792664606592, 48.25207910826885183 ) ) ;
#3817 = EDGE_CURVE ( 'NONE', #1469, #2448, #2247, .T. ) ;
#3818 = EDGE_CURVE ( 'NONE', #1515, #243, #3987, .T. ) ;
#3819 = LINE ( 'NONE', #595, #1932 ) ;
#3820 = CARTESIAN_POINT ( 'NONE',  ( 108.5000000000000000, 38.50000000000000000, 46.89999999999999858 ) ) ;
#3821 = CARTESIAN_POINT ( 'NONE',  ( -0.000000000000000000, 8.000000000000000000, 52.40000000000000568 ) ) ;
#3822 = PLANE ( 'NONE',  #3401 ) ;
#3823 = EDGE_CURVE ( 'NONE', #1883, #2043, #1495, .T. ) ;
#3824 = DIRECTION ( 'NONE',  ( -1.000000000000000000, 0.000000000000000000, 0.000000000000000000 ) ) ;
#3825 = ORIENTED_EDGE ( 'NONE', *, *, #8, .F. ) ;
#3826 = DIRECTION ( 'NONE',  ( 0.000000000000000000, 0.000000000000000000, 1.000000000000000000 ) ) ;
#3827 = CARTESIAN_POINT ( 'NONE',  ( 23.25000000000000711, 6.000000000000013323, -4.999999999999992006 ) ) ;
#3828 = ORIENTED_EDGE ( 'NONE', *, *, #4216, .F. ) ;
#3829 = EDGE_LOOP ( 'NONE', ( #609, #2996, #1389, #3272 ) ) ;
#3830 = CARTESIAN_POINT ( 'NONE',  ( 102.0000000000000000, 43.00000000000000000, 34.11385019445601330 ) ) ;
#3831 = ORIENTED_EDGE ( 'NONE', *, *, #2987, .F. ) ;
#3832 = AXIS2_PLACEMENT_3D ( 'NONE', #4419, #3001, #433 ) ;
#3833 = DIRECTION ( 'NONE',  ( 0.000000000000000000, -0.000000000000000000, -1.000000000000000000 ) ) ;
#3834 = ORIENTED_EDGE ( 'NONE', *, *, #503, .T. ) ;
#3835 = ORIENTED_EDGE ( 'NONE', *, *, #2812, .F. ) ;
#3836 = CARTESIAN_POINT ( 'NONE',  ( 23.25000000000000711, 2.000000000000000000, -10.99999999999999467 ) ) ;
#3837 = CIRCLE ( 'NONE', #404, 1.600000000000001643 ) ;
#3838 = CIRCLE ( 'NONE', #2945, 1.600000000000004086 ) ;
#3839 = EDGE_CURVE ( 'NONE', #692, #1334, #2576, .T. ) ;
#3840 = CARTESIAN_POINT ( 'NONE',  ( 10.00000000000000533, 11.00000000000000000, 0.000000000000000000 ) ) ;
#3841 = ORIENTED_EDGE ( 'NONE', *, *, #3284, .T. ) ;
#3842 = DIRECTION ( 'NONE',  ( 1.000000000000000000, 0.000000000000000000, 0.000000000000000000 ) ) ;
#3843 = DIRECTION ( 'NONE',  ( -0.7540815958863057444, 0.6567807448042017882, 0.000000000000000000 ) ) ;
#3844 = LINE ( 'NONE', #623, #3347 ) ;
#3845 = EDGE_CURVE ( 'NONE', #854, #653, #3755, .T. ) ;
#3846 = DIRECTION ( 'NONE',  ( 0.000000000000000000, 1.000000000000000000, 0.000000000000000000 ) ) ;
#3847 = CYLINDRICAL_SURFACE ( 'NONE', #3296, 1.500000000000001332 ) ;
#3848 = ORIENTED_EDGE ( 'NONE', *, *, #2475, .F. ) ;
#3849 = DIRECTION ( 'NONE',  ( 1.000000000000000000, 0.000000000000000000, 0.000000000000000000 ) ) ;
#3850 = ADVANCED_FACE ( 'NONE', ( #3010 ), #533, .F. ) ;
#3851 = CARTESIAN_POINT ( 'NONE',  ( 26.09393989492191324, 4.399571340934169683, -7.037501955506475504 ) ) ;
#3852 = ORIENTED_EDGE ( 'NONE', *, *, #2003, .T. ) ;
#3853 = DIRECTION ( 'NONE',  ( 0.000000000000000000, 0.000000000000000000, -1.000000000000000000 ) ) ;
#3854 = VERTEX_POINT ( 'NONE', #1995 ) ;
#3855 = DIRECTION ( 'NONE',  ( -0.000000000000000000, 1.000000000000000000, -0.000000000000000000 ) ) ;
#3856 = VERTEX_POINT ( 'NONE', #3434 ) ;
#3857 = CIRCLE ( 'NONE', #2513, 3.000000000000002665 ) ;
#3858 = VERTEX_POINT ( 'NONE', #2314 ) ;
#3859 = CIRCLE ( 'NONE', #2511, 3.000000000000002665 ) ;
#3860 = DIRECTION ( 'NONE',  ( 0.000000000000000000, 1.000000000000000000, -0.000000000000000000 ) ) ;
#3861 = AXIS2_PLACEMENT_3D ( 'NONE', #1175, #1199, #2204 ) ;
#3862 = CARTESIAN_POINT ( 'NONE',  ( 39.34426229508195405, -29.97142273814360536, -32.78688524590163667 ) ) ;
#3863 = VECTOR ( 'NONE', #1227, 1000.000000000000000 ) ;
#3864 = EDGE_LOOP ( 'NONE', ( #4019, #2614, #4190, #3953 ) ) ;
#3865 = CARTESIAN_POINT ( 'NONE',  ( 15.00000000000000178, 40.00000000000000000, 39.39999999999999858 ) ) ;
#3866 = DIRECTION ( 'NONE',  ( 0.000000000000000000, 0.000000000000000000, 1.000000000000000000 ) ) ;
#3867 = CARTESIAN_POINT ( 'NONE',  ( 78.40512483795330922, -29.97142273814360536, 9.400000000000005684 ) ) ;
#3868 = FACE_OUTER_BOUND ( 'NONE', #2086, .T. ) ;
#3869 = EDGE_CURVE ( 'NONE', #2675, #4187, #3433, .T. ) ;
#3870 = EDGE_CURVE ( 'NONE', #4473, #1288, #2001, .T. ) ;
#3871 = ORIENTED_EDGE ( 'NONE', *, *, #3691, .F. ) ;
#3872 = DIRECTION ( 'NONE',  ( -0.000000000000000000, -1.000000000000000000, -0.000000000000000000 ) ) ;
#3873 = CARTESIAN_POINT ( 'NONE',  ( 10.00000000000000533, 11.00000000000000000, 52.40000000000000568 ) ) ;
#3874 = CARTESIAN_POINT ( 'NONE',  ( 26.18930613620025127, 4.265530320980287726, -7.387333653833713321 ) ) ;
#3875 = ORIENTED_EDGE ( 'NONE', *, *, #142, .T. ) ;
#3876 = VERTEX_POINT ( 'NONE', #242 ) ;
#3877 = EDGE_CURVE ( 'NONE', #3301, #1074, #2371, .T. ) ;
#3878 = CARTESIAN_POINT ( 'NONE',  ( 108.5000000000000000, 40.00000000000000000, 1.500000000000000000 ) ) ;
#3879 = AXIS2_PLACEMENT_3D ( 'NONE', #1784, #264, #4605 ) ;
#3880 = VERTEX_POINT ( 'NONE', #181 ) ;
#3881 = CARTESIAN_POINT ( 'NONE',  ( 98.99999999999998579, 43.00000000000000000, 34.11385019445601330 ) ) ;
#3882 = ORIENTED_EDGE ( 'NONE', *, *, #1654, .F. ) ;
#3883 = VECTOR ( 'NONE', #2960, 1000.000000000000000 ) ;
#3884 = VECTOR ( 'NONE', #1094, 1000.000000000000000 ) ;
#3885 = EDGE_LOOP ( 'NONE', ( #4234, #2440, #2174, #1536 ) ) ;
#3886 = EDGE_CURVE ( 'NONE', #3560, #2793, #4635, .T. ) ;
#3887 = DIRECTION ( 'NONE',  ( -0.000000000000000000, 0.000000000000000000, 1.000000000000000000 ) ) ;
#3888 = CARTESIAN_POINT ( 'NONE',  ( 95.00000000000000000, 4.000000000000000000, -9.000000000000001776 ) ) ;
#3889 = ORIENTED_EDGE ( 'NONE', *, *, #2337, .F. ) ;
#3890 = AXIS2_PLACEMENT_3D ( 'NONE', #2664, #2226, #3668 ) ;
#3891 = CARTESIAN_POINT ( 'NONE',  ( 86.75000000000000000, 2.000000000000000000, -8.000000000000000000 ) ) ;
#3892 = PLANE ( 'NONE',  #1656 ) ;
#3893 = DIRECTION ( 'NONE',  ( 1.000000000000000000, -0.000000000000000000, 0.000000000000000000 ) ) ;
#3894 = DIRECTION ( 'NONE',  ( 0.000000000000000000, -1.000000000000000000, -0.000000000000000000 ) ) ;
#3895 = LINE ( 'NONE', #677, #4489 ) ;
#3896 = ORIENTED_EDGE ( 'NONE', *, *, #3966, .F. ) ;
#3897 = DIRECTION ( 'NONE',  ( 0.000000000000000000, 1.000000000000000000, 0.000000000000000000 ) ) ;
#3898 = FACE_OUTER_BOUND ( 'NONE', #730, .T. ) ;
#3899 = CARTESIAN_POINT ( 'NONE',  ( 12.78779813362332085, 7.999999999999998224, -4.101020514433645126 ) ) ;
#3900 = ORIENTED_EDGE ( 'NONE', *, *, #1312, .T. ) ;
#3901 = EDGE_CURVE ( 'NONE', #3854, #4307, #1251, .T. ) ;
#3902 = DIRECTION ( 'NONE',  ( -1.000000000000000000, 0.000000000000000000, 0.000000000000000000 ) ) ;
#3903 = VERTEX_POINT ( 'NONE', #1309 ) ;
#3904 = DIRECTION ( 'NONE',  ( -0.000000000000000000, -0.000000000000000000, 1.000000000000000000 ) ) ;
#3905 = LINE ( 'NONE', #950, #4263 ) ;
#3906 = ORIENTED_EDGE ( 'NONE', *, *, #1555, .T. ) ;
#3907 = EDGE_CURVE ( 'NONE', #1883, #2289, #3204, .T. ) ;
#3908 = ORIENTED_EDGE ( 'NONE', *, *, #1929, .T. ) ;
#3909 = CARTESIAN_POINT ( 'NONE',  ( 101.0000000000000000, 35.00000000000000000, 0.000000000000000000 ) ) ;
#3910 = CIRCLE ( 'NONE', #1809, 3.000000000000002665 ) ;
#3911 = EDGE_CURVE ( 'NONE', #1036, #1935, #2533, .T. ) ;
#3912 = CARTESIAN_POINT ( 'NONE',  ( 96.74999999999998579, 4.000000000000000000, 10.92000000000000881 ) ) ;
#3913 = CIRCLE ( 'NONE', #4146, 8.000000000000000000 ) ;
#3914 = VERTEX_POINT ( 'NONE', #550 ) ;
#3915 = CARTESIAN_POINT ( 'NONE',  ( 15.00000000000000178, 40.00000000000000000, 42.39999999999999858 ) ) ;
#3916 = FACE_OUTER_BOUND ( 'NONE', #1788, .T. ) ;
#3917 = DIRECTION ( 'NONE',  ( -0.000000000000000000, -1.000000000000000000, -0.000000000000000000 ) ) ;
#3918 = FACE_OUTER_BOUND ( 'NONE', #782, .T. ) ;
#3919 = CARTESIAN_POINT ( 'NONE',  ( 58.12328995357655970, 8.000000000000000000, -4.101020514433644237 ) ) ;
#3920 = VERTEX_POINT ( 'NONE', #4140 ) ;
#3921 = CARTESIAN_POINT ( 'NONE',  ( 13.00000000000000533, 8.000000000000000000, 0.000000000000000000 ) ) ;
#3922 = CARTESIAN_POINT ( 'NONE',  ( 23.25000000000000711, 40.00000000000000711, -7.999999999999992895 ) ) ;
#3923 = CARTESIAN_POINT ( 'NONE',  ( 23.75868522597877686, 5.946374292360174785, -5.040696144299999126 ) ) ;
#3924 = ORIENTED_EDGE ( 'NONE', *, *, #1949, .F. ) ;
#3925 = PRODUCT ( '\X2\75356c6076d2\X0\', '\X2\75356c6076d2\X0\', '', ( #1590 ) ) ;
#3926 = VERTEX_POINT ( 'NONE', #919 ) ;
#3927 = CARTESIAN_POINT ( 'NONE',  ( 70.26638702559253602, 18.00000000000000355, 32.40000000000000568 ) ) ;
#3928 = ORIENTED_EDGE ( 'NONE', *, *, #977, .T. ) ;
#3929 = PLANE ( 'NONE',  #3651 ) ;
#3930 = ADVANCED_FACE ( 'NONE', ( #900 ), #2334, .T. ) ;
#3931 = DIRECTION ( 'NONE',  ( 0.000000000000000000, -1.000000000000000000, 0.000000000000000000 ) ) ;
#3932 = EDGE_LOOP ( 'NONE', ( #4362, #1021, #3615, #645 ) ) ;
#3933 = ORIENTED_EDGE ( 'NONE', *, *, #231, .F. ) ;
#3934 = FACE_OUTER_BOUND ( 'NONE', #3144, .T. ) ;
#3935 = VECTOR ( 'NONE', #3860, 1000.000000000000000 ) ;
#3936 = EDGE_CURVE ( 'NONE', #1454, #2213, #3122, .T. ) ;
#3937 = VECTOR ( 'NONE', #2641, 1000.000000000000114 ) ;
#3938 = AXIS2_PLACEMENT_3D ( 'NONE', #1839, #1540, #2246 ) ;
#3939 = ADVANCED_FACE ( 'NONE', ( #222 ), #3073, .F. ) ;
#3940 = CARTESIAN_POINT ( 'NONE',  ( 101.0000000000000000, 32.00000000000000000, -17.47392445807271955 ) ) ;
#3941 = ORIENTED_EDGE ( 'NONE', *, *, #1470, .T. ) ;
#3942 = FACE_OUTER_BOUND ( 'NONE', #3246, .T. ) ;
#3943 = DIRECTION ( 'NONE',  ( 0.000000000000000000, 0.000000000000000000, 1.000000000000000000 ) ) ;
#3944 = LINE ( 'NONE', #3211, #1170 ) ;
#3945 = DIRECTION ( 'NONE',  ( 2.775557561562892929E-15, 0.000000000000000000, 1.000000000000000000 ) ) ;
#3946 = CIRCLE ( 'NONE', #2670, 3.000000000000002665 ) ;
#3947 = CARTESIAN_POINT ( 'NONE',  ( 14.97034223441261069, 30.67099224744709574, 0.000000000000000000 ) ) ;
#3948 = ORIENTED_EDGE ( 'NONE', *, *, #4222, .F. ) ;
#3949 = DIRECTION ( 'NONE',  ( -1.224646799147352714E-16, 0.000000000000000000, -1.000000000000000000 ) ) ;
#3950 = DIRECTION ( 'NONE',  ( -1.224646799147349509E-16, 0.000000000000000000, -1.000000000000000000 ) ) ;
#3951 = ORIENTED_EDGE ( 'NONE', *, *, #261, .T. ) ;
#3952 = CYLINDRICAL_SURFACE ( 'NONE', #2579, 2.999999999999997335 ) ;
#3953 = ORIENTED_EDGE ( 'NONE', *, *, #2187, .F. ) ;
#3954 = ORIENTED_EDGE ( 'NONE', *, *, #1404, .F. ) ;
#3955 = CARTESIAN_POINT ( 'NONE',  ( 0.000000000000000000, 41.50000000000000000, 50.89999999999999858 ) ) ;
#3956 = AXIS2_PLACEMENT_3D ( 'NONE', #1977, #4539, #225 ) ;
#3957 = VERTEX_POINT ( 'NONE', #2291 ) ;
#3958 = CARTESIAN_POINT ( 'NONE',  ( 80.78236296340998024, 5.074153516770953942, 48.34093695070742314 ) ) ;
#3959 = DIRECTION ( 'NONE',  ( 1.000000000000000000, 0.000000000000000000, 0.000000000000000000 ) ) ;
#3960 = VERTEX_POINT ( 'NONE', #4511 ) ;
#3961 = ORIENTED_EDGE ( 'NONE', *, *, #3627, .T. ) ;
#3962 = DIRECTION ( 'NONE',  ( -1.000000000000000000, 1.156482317317871725E-15, 0.000000000000000000 ) ) ;
#3963 = VECTOR ( 'NONE', #459, 1000.000000000000000 ) ;
#3964 = VECTOR ( 'NONE', #2683, 1000.000000000000000 ) ;
#3965 = EDGE_CURVE ( 'NONE', #4236, #2375, #2720, .T. ) ;
#3966 = EDGE_CURVE ( 'NONE', #1432, #1469, #4111, .T. ) ;
#3967 = VECTOR ( 'NONE', #2983, 1000.000000000000000 ) ;
#3968 = CARTESIAN_POINT ( 'NONE',  ( 0.000000000000000000, 0.000000000000000000, 0.000000000000000000 ) ) ;
#3969 = VERTEX_POINT ( 'NONE', #1230 ) ;
#3970 = PLANE ( 'NONE',  #3549 ) ;
#3971 = FACE_OUTER_BOUND ( 'NONE', #660, .T. ) ;
#3972 = CARTESIAN_POINT ( 'NONE',  ( 13.00000000000000533, 28.40874745978818083, -4.000000000000000000 ) ) ;
#3973 = EDGE_CURVE ( 'NONE', #2332, #3528, #1197, .T. ) ;
#3974 = DIRECTION ( 'NONE',  ( 1.000000000000000000, 0.000000000000000000, 0.000000000000000000 ) ) ;
#3975 = LINE ( 'NONE', #135, #2990 ) ;
#3976 = VECTOR ( 'NONE', #4083, 1000.000000000000000 ) ;
#3977 = ORIENTED_EDGE ( 'NONE', *, *, #1008, .T. ) ;
#3978 = DIRECTION ( 'NONE',  ( 1.000000000000000000, 0.000000000000000000, -1.224646799147352961E-16 ) ) ;
#3979 = DIRECTION ( 'NONE',  ( 0.000000000000000000, 0.000000000000000000, 1.000000000000000000 ) ) ;
#3980 = LINE ( 'NONE', #1183, #4384 ) ;
#3982 = EDGE_CURVE ( 'NONE', #3014, #1394, #3288, .T. ) ;
#3981 = ORIENTED_EDGE ( 'NONE', *, *, #2812, .T. ) ;
#3983 = ORIENTED_EDGE ( 'NONE', *, *, #3973, .F. ) ;
#3984 = LINE ( 'NONE', #1928, #2501 ) ;
#3985 = ORIENTED_EDGE ( 'NONE', *, *, #972, .F. ) ;
#3986 = CARTESIAN_POINT ( 'NONE',  ( 81.24782325299358376, 4.827361755404394827, 48.25208575344816353 ) ) ;
#3987 = LINE ( 'NONE', #1887, #4257 ) ;
#3988 = ORIENTED_EDGE ( 'NONE', *, *, #2003, .F. ) ;
#3989 = ORIENTED_EDGE ( 'NONE', *, *, #620, .F. ) ;
#3990 = PLANE ( 'NONE',  #161 ) ;
#3991 = DIRECTION ( 'NONE',  ( 0.6401843996644798196, -0.000000000000000000, 0.7682212795973759611 ) ) ;
#3992 = EDGE_LOOP ( 'NONE', ( #3807, #2551, #1668, #4033 ) ) ;
#3993 = AXIS2_PLACEMENT_3D ( 'NONE', #3315, #477, #2955 ) ;
#3994 = CARTESIAN_POINT ( 'NONE',  ( 13.25000000000000888, 2.000000000000000000, 9.320000000000016271 ) ) ;
#3995 = CARTESIAN_POINT ( 'NONE',  ( 101.0000000000000000, 14.59125254021184581, 52.40000000000000568 ) ) ;
#3996 = ADVANCED_FACE ( 'NONE', ( #3531 ), #3218, .F. ) ;
#3997 = PLANE ( 'NONE',  #3785 ) ;
#3998 = CARTESIAN_POINT ( 'NONE',  ( 1.836970198721029688E-16, 4.000000000000000000, 1.500000000000000000 ) ) ;
#3999 = FACE_BOUND ( 'NONE', #453, .T. ) ;
#4000 = CIRCLE ( 'NONE', #2577, 3.000000000000007994 ) ;
#4001 = EDGE_CURVE ( 'NONE', #4392, #4208, #3838, .T. ) ;
#4002 = CARTESIAN_POINT ( 'NONE',  ( 23.25000000000000711, 0.000000000000000000, -6.399999999999990585 ) ) ;
#4003 = ORIENTED_EDGE ( 'NONE', *, *, #1366, .T. ) ;
#4004 = DIRECTION ( 'NONE',  ( -0.7540815958863057444, 0.6567807448042017882, 0.000000000000000000 ) ) ;
#4005 = AXIS2_PLACEMENT_3D ( 'NONE', #3657, #2190, #487 ) ;
#4006 = ORIENTED_EDGE ( 'NONE', *, *, #2181, .F. ) ;
#4007 = ORIENTED_EDGE ( 'NONE', *, *, #2806, .F. ) ;
#4008 = CARTESIAN_POINT ( 'NONE',  ( 34.95816339194718836, 13.26224478765891490, -17.47392445807271955 ) ) ;
#4009 = EDGE_CURVE ( 'NONE', #4518, #341, #3257, .T. ) ;
#4010 = VERTEX_POINT ( 'NONE', #1430 ) ;
#4011 = CARTESIAN_POINT ( 'NONE',  ( 89.66478118709321166, 3.999999999999999112, -8.755753827725584415 ) ) ;
#4012 = DIRECTION ( 'NONE',  ( -1.000000000000000000, 0.000000000000000000, 0.000000000000000000 ) ) ;
#4013 = ORIENTED_EDGE ( 'NONE', *, *, #1439, .T. ) ;
#4014 = VERTEX_POINT ( 'NONE', #312 ) ;
#4015 = DIRECTION ( 'NONE',  ( 0.000000000000000000, 1.000000000000000000, 0.000000000000000000 ) ) ;
#4016 = DIRECTION ( 'NONE',  ( 0.000000000000000000, -1.000000000000000000, 0.000000000000000000 ) ) ;
#4017 = AXIS2_PLACEMENT_3D ( 'NONE', #189, #2227, #3309 ) ;
#4018 = CARTESIAN_POINT ( 'NONE',  ( 23.25000000000000711, 0.000000000000000000, -9.599999999999996092 ) ) ;
#4019 = ORIENTED_EDGE ( 'NONE', *, *, #3119, .F. ) ;
#4020 = LINE ( 'NONE', #1218, #2025 ) ;
#4021 = DIRECTION ( 'NONE',  ( -1.000000000000000000, 0.000000000000000000, 0.000000000000000000 ) ) ;
#4022 = FACE_BOUND ( 'NONE', #61, .T. ) ;
#4023 = VECTOR ( 'NONE', #1865, 1000.000000000000000 ) ;
#4024 = CARTESIAN_POINT ( 'NONE',  ( 32.98782115753458299, 11.00000000000000000, -17.47392445807271955 ) ) ;
#4025 = DIRECTION ( 'NONE',  ( -0.000000000000000000, 0.000000000000000000, 1.000000000000000000 ) ) ;
#4026 = AXIS2_PLACEMENT_3D ( 'NONE', #1794, #24, #1821 ) ;
#4027 = CARTESIAN_POINT ( 'NONE',  ( 0.000000000000000000, 8.000000000000000000, -17.47392445807271955 ) ) ;
#4028 = CARTESIAN_POINT ( 'NONE',  ( 57.89953900083878580, 40.00000000000000000, 7.479446801006560008 ) ) ;
#4029 = ORIENTED_EDGE ( 'NONE', *, *, #384, .T. ) ;
#4030 = ORIENTED_EDGE ( 'NONE', *, *, #1198, .F. ) ;
#4031 = EDGE_CURVE ( 'NONE', #3074, #4014, #1284, .T. ) ;
#4032 = DIRECTION ( 'NONE',  ( -0.000000000000000000, 0.000000000000000000, 1.000000000000000000 ) ) ;
#4033 = ORIENTED_EDGE ( 'NONE', *, *, #3340, .T. ) ;
#4034 = CARTESIAN_POINT ( 'NONE',  ( 80.31446909717175231, 5.327758614908341350, 48.39256646487686453 ) ) ;
#4035 = DIRECTION ( 'NONE',  ( 1.000000000000000000, 0.000000000000000000, 0.000000000000000000 ) ) ;
#4036 = ORIENTED_EDGE ( 'NONE', *, *, #502, .T. ) ;
#4037 = EDGE_CURVE ( 'NONE', #146, #2898, #3328, .T. ) ;
#4038 = EDGE_LOOP ( 'NONE', ( #539, #2857, #1011, #2009 ) ) ;
#4039 = VECTOR ( 'NONE', #1587, 1000.000000000000000 ) ;
#4040 = DIRECTION ( 'NONE',  ( 0.000000000000000000, 0.000000000000000000, 1.000000000000000000 ) ) ;
#4041 = EDGE_CURVE ( 'NONE', #3150, #2000, #1193, .T. ) ;
#4042 = FACE_BOUND ( 'NONE', #3230, .T. ) ;
#4043 = AXIS2_PLACEMENT_3D ( 'NONE', #3613, #2197, #44 ) ;
#4044 = FACE_OUTER_BOUND ( 'NONE', #1762, .T. ) ;
#4045 = LINE ( 'NONE', #191, #2540 ) ;
#4046 = CARTESIAN_POINT ( 'NONE',  ( 13.25000000000000888, 4.000000000000000000, 9.320000000000016271 ) ) ;
#4047 = CARTESIAN_POINT ( 'NONE',  ( 41.92189349112426555, 48.13254437869824187, -17.47392445807271955 ) ) ;
#4048 = VECTOR ( 'NONE', #2608, 1000.000000000000000 ) ;
#4049 = DIRECTION ( 'NONE',  ( 0.000000000000000000, -0.000000000000000000, -1.000000000000000000 ) ) ;
#4050 = CARTESIAN_POINT ( 'NONE',  ( 20.25771475129949906, 4.156697312994030113, -7.751505873555625925 ) ) ;
#4051 = LINE ( 'NONE', #3242, #4214 ) ;
#4052 = ORIENTED_EDGE ( 'NONE', *, *, #3013, .T. ) ;
#4053 = ORIENTED_EDGE ( 'NONE', *, *, #4346, .F. ) ;
#4054 = LINE ( 'NONE', #833, #1848 ) ;
#4055 = ORIENTED_EDGE ( 'NONE', *, *, #928, .F. ) ;
#4056 = CARTESIAN_POINT ( 'NONE',  ( 80.62683206892761234, 5.158009575972279492, 48.36303256856660937 ) ) ;
#4057 = CYLINDRICAL_SURFACE ( 'NONE', #1027, 8.000000000000000000 ) ;
#4058 = ORIENTED_EDGE ( 'NONE', *, *, #2797, .F. ) ;
#4059 = EDGE_CURVE ( 'NONE', #692, #1565, #4252, .T. ) ;
#4060 = ORIENTED_EDGE ( 'NONE', *, *, #905, .F. ) ;
#4061 = CARTESIAN_POINT ( 'NONE',  ( 20.00000000000000000, 4.000000000000000000, -14.00000000000000000 ) ) ;
#4062 = EDGE_CURVE ( 'NONE', #2365, #3060, #2393, .T. ) ;
#4063 = CARTESIAN_POINT ( 'NONE',  ( 89.57842712474618452, 4.000000000000003553, -9.000000000000001776 ) ) ;
#4064 = EDGE_CURVE ( 'NONE', #2940, #1268, #2531, .T. ) ;
#4065 = CARTESIAN_POINT ( 'NONE',  ( 86.49495226471435672, 6.000000000000013323, -4.999999999999992006 ) ) ;
#4066 = DIRECTION ( 'NONE',  ( 0.000000000000000000, 0.000000000000000000, 1.000000000000000000 ) ) ;
#4067 = CARTESIAN_POINT ( 'NONE',  ( 55.87671004642346873, 35.00000000000000000, -17.47392445807271955 ) ) ;
#4068 = PLANE ( 'NONE',  #4528 ) ;
#4069 = FACE_OUTER_BOUND ( 'NONE', #48, .T. ) ;
#4070 = CIRCLE ( 'NONE', #2640, 5.000000000000000000 ) ;
#4071 = CARTESIAN_POINT ( 'NONE',  ( 83.04288255867311364, 4.063749109052354314, 1.017375649187443054 ) ) ;
#4072 = DIRECTION ( 'NONE',  ( -1.000000000000000000, -0.000000000000000000, -0.000000000000000000 ) ) ;
#4073 = AXIS2_PLACEMENT_3D ( 'NONE', #2803, #647, #3137 ) ;
#4074 = CARTESIAN_POINT ( 'NONE',  ( 30.00000000000001066, 0.000000000000000000, 48.39999999999999858 ) ) ;
#4075 = EDGE_LOOP ( 'NONE', ( #3989, #1163, #2248, #1341 ) ) ;
#4076 = CIRCLE ( 'NONE', #4291, 1.500000000000001332 ) ;
#4077 = DIRECTION ( 'NONE',  ( 1.000000000000000000, 0.000000000000000000, 0.000000000000000000 ) ) ;
#4078 = CARTESIAN_POINT ( 'NONE',  ( 5.927290507873187639E-15, 40.00000000000000000, 48.39999999999999858 ) ) ;
#4079 = LINE ( 'NONE', #513, #4534 ) ;
#4080 = CIRCLE ( 'NONE', #845, 3.000000000000007994 ) ;
#4081 = ORIENTED_EDGE ( 'NONE', *, *, #2228, .T. ) ;
#4082 = ORIENTED_EDGE ( 'NONE', *, *, #3901, .F. ) ;
#4083 = DIRECTION ( 'NONE',  ( -0.000000000000000000, -0.000000000000000000, -1.000000000000000000 ) ) ;
#4084 = ADVANCED_FACE ( 'NONE', ( #3345 ), #393, .T. ) ;
#4085 = LINE ( 'NONE', #498, #1676 ) ;
#4086 = SHAPE_DEFINITION_REPRESENTATION ( #4642, #3310 ) ;
#4087 = CARTESIAN_POINT ( 'NONE',  ( 26.95712319532526635, 4.063750419804997627, 1.017370975375823772 ) ) ;
#4088 = CARTESIAN_POINT ( 'NONE',  ( 101.0000000000000000, 14.59125254021184581, -17.47392445807271955 ) ) ;
#4089 = ADVANCED_FACE ( 'NONE', ( #463 ), #3952, .F. ) ;
#4090 = DIRECTION ( 'NONE',  ( -1.000000000000000000, 0.000000000000000000, 0.000000000000000000 ) ) ;
#4091 = CARTESIAN_POINT ( 'NONE',  ( 8.739053254437877172, 50.03372781065089470, 48.39999999999999858 ) ) ;
#4092 = VECTOR ( 'NONE', #3293, 1000.000000000000000 ) ;
#4093 = CARTESIAN_POINT ( 'NONE',  ( 23.25000000000000711, 6.000000000000013323, -4.999999999999992006 ) ) ;
#4094 = CIRCLE ( 'NONE', #4305, 1.500000000000001332 ) ;
#4095 = AXIS2_PLACEMENT_3D ( 'NONE', #797, #3646, #476 ) ;
#4096 = CARTESIAN_POINT ( 'NONE',  ( 81.58389563645803833, 8.451094280597885700, -4.028662427980264304 ) ) ;
#4097 = ORIENTED_EDGE ( 'NONE', *, *, #1637, .F. ) ;
#4098 = DIRECTION ( 'NONE',  ( -0.000000000000000000, -1.000000000000000000, -0.000000000000000000 ) ) ;
#4099 = DIRECTION ( 'NONE',  ( 0.000000000000000000, 0.000000000000000000, 1.000000000000000000 ) ) ;
#4100 = DIRECTION ( 'NONE',  ( 0.000000000000000000, 0.000000000000000000, 1.000000000000000000 ) ) ;
#4101 = ORIENTED_EDGE ( 'NONE', *, *, #2026, .F. ) ;
#4102 = LINE ( 'NONE', #817, #300 ) ;
#4103 = VECTOR ( 'NONE', #68, 1000.000000000000000 ) ;
#4104 = VERTEX_POINT ( 'NONE', #731 ) ;
#4105 = VERTEX_POINT ( 'NONE', #3631 ) ;
#4106 = CARTESIAN_POINT ( 'NONE',  ( 29.37316793107240187, 5.158009575972268834, 0.03696743143338294263 ) ) ;
#4107 = DIRECTION ( 'NONE',  ( -0.000000000000000000, 0.000000000000000000, 1.000000000000000000 ) ) ;
#4108 = EDGE_CURVE ( 'NONE', #3814, #612, #37, .T. ) ;
#4109 = ADVANCED_FACE ( 'NONE', ( #139 ), #417, .F. ) ;
#4110 = PLANE ( 'NONE',  #2748 ) ;
#4111 = CIRCLE ( 'NONE', #2071, 8.000000000000000000 ) ;
#4112 = VERTEX_POINT ( 'NONE', #91 ) ;
#4113 = CARTESIAN_POINT ( 'NONE',  ( 55.87671004642346873, 32.00000000000000000, 0.000000000000000000 ) ) ;
#4114 = CARTESIAN_POINT ( 'NONE',  ( 82.16765655526056378, 4.382058700917658811, 0.4824113307451390886 ) ) ;
#4115 = EDGE_CURVE ( 'NONE', #3441, #1438, #4360, .T. ) ;
#4116 = AXIS2_PLACEMENT_3D ( 'NONE', #212, #4152, #1652 ) ;
#4117 = CIRCLE ( 'NONE', #1407, 5.000000000000000000 ) ;
#4118 = CARTESIAN_POINT ( 'NONE',  ( 108.5000000000000000, 38.50000000000000000, 46.89999999999999858 ) ) ;
#4119 = ORIENTED_EDGE ( 'NONE', *, *, #384, .F. ) ;
#4120 = DIRECTION ( 'NONE',  ( 0.000000000000000000, 0.000000000000000000, -1.000000000000000000 ) ) ;
#4121 = EDGE_CURVE ( 'NONE', #1988, #1860, #1138, .T. ) ;
#4122 = DIRECTION ( 'NONE',  ( 6.938893903907228378E-16, 0.000000000000000000, 1.000000000000000000 ) ) ;
#4123 = ORIENTED_EDGE ( 'NONE', *, *, #1287, .T. ) ;
#4124 = B_SPLINE_CURVE_WITH_KNOTS ( 'NONE', 3,
 ( #2304, #299, #1222, #3004, #1319, #2728, #994, #3384, #4192, #523 ),
 .UNSPECIFIED., .F., .F.,
 ( 4, 2, 2, 2, 4 ),
 ( 0.000000000000000000, 0.0006274227707519270010, 0.001254845541503854002, 0.001882268312255781003, 0.002509691083007708004 ),
 .UNSPECIFIED. ) ;
#4125 = ORIENTED_EDGE ( 'NONE', *, *, #236, .T. ) ;
#4126 = LINE ( 'NONE', #2338, #3197 ) ;
#4127 = ORIENTED_EDGE ( 'NONE', *, *, #3049, .T. ) ;
#4128 = VECTOR ( 'NONE', #2997, 1000.000000000000114 ) ;
#4129 = ORIENTED_EDGE ( 'NONE', *, *, #1397, .F. ) ;
#4130 = LINE ( 'NONE', #2956, #657 ) ;
#4131 = CARTESIAN_POINT ( 'NONE',  ( 81.01217884246545964, 35.00000000000000000, 48.39999999999999858 ) ) ;
#4132 = EDGE_CURVE ( 'NONE', #1935, #146, #3980, .T. ) ;
#4133 = CARTESIAN_POINT ( 'NONE',  ( 0.000000000000000000, 5.499999999999998224, 1.500000000000000000 ) ) ;
#4134 = CYLINDRICAL_SURFACE ( 'NONE', #3081, 3.000000000000002665 ) ;
#4135 = CARTESIAN_POINT ( 'NONE',  ( 99.02965776558738753, 12.32900775255293269, 52.40000000000000568 ) ) ;
#4136 = EDGE_CURVE ( 'NONE', #1315, #1589, #4051, .T. ) ;
#4137 = EDGE_CURVE ( 'NONE', #1885, #1817, #4076, .T. ) ;
#4138 = ORIENTED_EDGE ( 'NONE', *, *, #2308, .T. ) ;
#4139 = CARTESIAN_POINT ( 'NONE',  ( 10.00000000000000533, 28.40874745978818083, 0.000000000000000000 ) ) ;
#4140 = CARTESIAN_POINT ( 'NONE',  ( 81.95816339194719546, 13.26224478765890957, 52.40000000000000568 ) ) ;
#4141 = CYLINDRICAL_SURFACE ( 'NONE', #1301, 3.000000000000002665 ) ;
#4142 = ORIENTED_EDGE ( 'NONE', *, *, #474, .F. ) ;
#4143 = ORIENTED_EDGE ( 'NONE', *, *, #4132, .T. ) ;
#4144 = EDGE_CURVE ( 'NONE', #493, #3176, #3702, .T. ) ;
#4145 = DIRECTION ( 'NONE',  ( 0.000000000000000000, 1.000000000000000000, 0.000000000000000000 ) ) ;
#4146 = AXIS2_PLACEMENT_3D ( 'NONE', #1989, #2756, #975 ) ;
#4147 = VERTEX_POINT ( 'NONE', #1557 ) ;
#4148 = AXIS2_PLACEMENT_3D ( 'NONE', #851, #4504, #2635 ) ;
#4149 = AXIS2_PLACEMENT_3D ( 'NONE', #3, #2827, #1701 ) ;
#4150 = CARTESIAN_POINT ( 'NONE',  ( 0.000000000000000000, 0.000000000000000000, -4.000000000000000000 ) ) ;
#4151 = B_SPLINE_CURVE_WITH_KNOTS ( 'NONE', 3,
 ( #1154, #3260, #2650, #2931, #774, #2584, #799, #56, #749, #3620, #1478, #4397, #2907, #3672, #4350, #1130, #2630, #1874, #4065, #2560 ),
 .UNSPECIFIED., .F., .F.,
 ( 4, 2, 2, 2, 2, 2, 2, 2, 2, 4 ),
 ( 0.000000000000000000, 0.0007644418252208315910, 0.001146662737831249121, 0.001528883650441666651, 0.002293325475662504314, 0.003057767300883341977, 0.003822209126104179205, 0.004586650951325017302, 0.005351092776545854530, 0.006115534601766693494 ),
 .UNSPECIFIED. ) ;
#4152 = DIRECTION ( 'NONE',  ( 0.000000000000000000, 1.000000000000000000, -0.000000000000000000 ) ) ;
#4153 = DIRECTION ( 'NONE',  ( 1.000000000000000000, -1.156482317317870344E-15, 0.000000000000000000 ) ) ;
#4154 = CARTESIAN_POINT ( 'NONE',  ( 56.10046099916118578, 40.00000000000000000, 41.32055319899343004 ) ) ;
#4155 = VECTOR ( 'NONE', #869, 1000.000000000000000 ) ;
#4156 = CARTESIAN_POINT ( 'NONE',  ( 79.98782115753458299, 8.000000000000000000, -4.101020514433644237 ) ) ;
#4157 = VERTEX_POINT ( 'NONE', #1881 ) ;
#4158 = LINE ( 'NONE', #166, #4215 ) ;
#4159 = DIRECTION ( 'NONE',  ( 0.000000000000000000, 0.000000000000000000, 1.000000000000000000 ) ) ;
#4160 = VECTOR ( 'NONE', #1483, 1000.000000000000000 ) ;
#4161 = ORIENTED_EDGE ( 'NONE', *, *, #2934, .F. ) ;
#4162 = VECTOR ( 'NONE', #361, 1000.000000000000000 ) ;
#4163 = EDGE_CURVE ( 'NONE', #910, #4540, #4516, .T. ) ;
#4164 = EDGE_LOOP ( 'NONE', ( #2706, #66, #1808, #4119 ) ) ;
#4165 = DIRECTION ( 'NONE',  ( -1.000000000000000000, -0.000000000000000000, -0.000000000000000000 ) ) ;
#4166 = ORIENTED_EDGE ( 'NONE', *, *, #1029, .F. ) ;
#4167 = ORIENTED_EDGE ( 'NONE', *, *, #3973, .T. ) ;
#4168 = CARTESIAN_POINT ( 'NONE',  ( 102.0000000000000000, 43.00000000000000000, -0.000000000000000000 ) ) ;
#4169 = CARTESIAN_POINT ( 'NONE',  ( 114.0000000000000000, 25.00000000000000000, 40.40000000000000568 ) ) ;
#4170 = CARTESIAN_POINT ( 'NONE',  ( 104.0000000000000142, 0.000000000000000000, 52.40000000000000568 ) ) ;
#4171 = EDGE_CURVE ( 'NONE', #1476, #3108, #3463, .T. ) ;
#4172 = DIRECTION ( 'NONE',  ( -0.000000000000000000, 0.000000000000000000, 1.000000000000000000 ) ) ;
#4173 = VECTOR ( 'NONE', #4165, 1000.000000000000000 ) ;
#4174 = ORIENTED_EDGE ( 'NONE', *, *, #4041, .T. ) ;
#4175 = CYLINDRICAL_SURFACE ( 'NONE', #611, 3.000000000000002665 ) ;
#4176 = FACE_OUTER_BOUND ( 'NONE', #3829, .T. ) ;
#4177 = FACE_OUTER_BOUND ( 'NONE', #3771, .T. ) ;
#4178 = ORIENTED_EDGE ( 'NONE', *, *, #894, .F. ) ;
#4179 = AXIS2_PLACEMENT_3D ( 'NONE', #3206, #2799, #3182 ) ;
#4180 = CARTESIAN_POINT ( 'NONE',  ( 108.5000000000000000, 5.500000000000000000, 46.89999999999999858 ) ) ;
#4181 = VECTOR ( 'NONE', #1563, 1000.000000000000000 ) ;
#4182 = DIRECTION ( 'NONE',  ( -0.000000000000000000, -1.000000000000000000, 0.000000000000000000 ) ) ;
#4183 = ORIENTED_EDGE ( 'NONE', *, *, #2002, .T. ) ;
#4184 = ORIENTED_EDGE ( 'NONE', *, *, #4108, .F. ) ;
#4185 = VECTOR ( 'NONE', #2385, 1000.000000000000000 ) ;
#4186 = CARTESIAN_POINT ( 'NONE',  ( 102.0000000000000000, 40.00000000000000000, 9.400000000000002132 ) ) ;
#4187 = VERTEX_POINT ( 'NONE', #2890 ) ;
#4188 = DIRECTION ( 'NONE',  ( -1.000000000000000000, 0.000000000000000000, 0.000000000000000000 ) ) ;
#4189 = ADVANCED_FACE ( 'NONE', ( #4383 ), #3322, .F. ) ;
#4190 = ORIENTED_EDGE ( 'NONE', *, *, #3247, .T. ) ;
#4191 = ORIENTED_EDGE ( 'NONE', *, *, #652, .F. ) ;
#4192 = CARTESIAN_POINT ( 'NONE',  ( 35.08241239365684550, 8.841824194522153846, -3.999999999999959144 ) ) ;
#4193 = VECTOR ( 'NONE', #4237, 1000.000000000000114 ) ;
#4194 = EDGE_CURVE ( 'NONE', #206, #3609, #110, .T. ) ;
#4195 = ADVANCED_FACE ( 'NONE', ( #2939 ), #1162, .F. ) ;
#4196 = CARTESIAN_POINT ( 'NONE',  ( 79.98782115753458299, 10.99999999999999645, -17.47392445807271955 ) ) ;
#4197 = VERTEX_POINT ( 'NONE', #1535 ) ;
#4198 = PLANE ( 'NONE',  #2489 ) ;
#4199 = DIRECTION ( 'NONE',  ( -1.224646799147353207E-16, 0.000000000000000000, -1.000000000000000000 ) ) ;
#4200 = CARTESIAN_POINT ( 'NONE',  ( 96.74999999999998579, 4.000000000000003553, 9.320000000000005613 ) ) ;
#4201 = CYLINDRICAL_SURFACE ( 'NONE', #2751, 3.000000000000002665 ) ;
#4202 = ORIENTED_EDGE ( 'NONE', *, *, #1236, .T. ) ;
#4203 = FACE_OUTER_BOUND ( 'NONE', #2336, .T. ) ;
#4204 = CARTESIAN_POINT ( 'NONE',  ( 25.53362185853936950, 4.963326286027253786, -6.041459684942878994 ) ) ;
#4205 = VERTEX_POINT ( 'NONE', #2965 ) ;
#4206 = VERTEX_POINT ( 'NONE', #4405 ) ;
#4207 = CARTESIAN_POINT ( 'NONE',  ( 0.000000000000000000, 8.000000000000000000, 0.000000000000000000 ) ) ;
#4208 = VERTEX_POINT ( 'NONE', #3726 ) ;
#4209 = CYLINDRICAL_SURFACE ( 'NONE', #2047, 2.999999999999999112 ) ;
#4210 = ORIENTED_EDGE ( 'NONE', *, *, #3222, .T. ) ;
#4211 = ORIENTED_EDGE ( 'NONE', *, *, #3540, .T. ) ;
#4212 = DIRECTION ( 'NONE',  ( 0.000000000000000000, 0.000000000000000000, 1.000000000000000000 ) ) ;
#4213 = CIRCLE ( 'NONE', #2948, 3.000000000000002665 ) ;
#4214 = VECTOR ( 'NONE', #2517, 1000.000000000000000 ) ;
#4215 = VECTOR ( 'NONE', #4098, 1000.000000000000000 ) ;
#4216 = EDGE_CURVE ( 'NONE', #2369, #1295, #1965, .T. ) ;
#4217 = EDGE_CURVE ( 'NONE', #3150, #4473, #852, .T. ) ;
#4218 = DIRECTION ( 'NONE',  ( 1.000000000000000000, 0.000000000000000000, 0.000000000000000000 ) ) ;
#4219 = VERTEX_POINT ( 'NONE', #160 ) ;
#4220 = CARTESIAN_POINT ( 'NONE',  ( 96.74999999999998579, 4.000000000000003553, 6.319999999999997620 ) ) ;
#4221 = CARTESIAN_POINT ( 'NONE',  ( 11.99999999999999645, -29.97142273814360536, -1.734723475976806897E-15 ) ) ;
#4222 = EDGE_CURVE ( 'NONE', #1315, #981, #2861, .T. ) ;
#4223 = FACE_OUTER_BOUND ( 'NONE', #55, .T. ) ;
#4224 = CARTESIAN_POINT ( 'NONE',  ( 110.0000000000000000, 0.000000000000000000, 40.40000000000000568 ) ) ;
#4225 = ORIENTED_EDGE ( 'NONE', *, *, #3068, .T. ) ;
#4226 = FACE_OUTER_BOUND ( 'NONE', #2626, .T. ) ;
#4227 = CARTESIAN_POINT ( 'NONE',  ( 94.99999999999995737, 4.000000000000001776, -6.071067811865477282 ) ) ;
#4228 = VERTEX_POINT ( 'NONE', #2636 ) ;
#4229 = VECTOR ( 'NONE', #2562, 1000.000000000000000 ) ;
#4230 = ORIENTED_EDGE ( 'NONE', *, *, #3627, .F. ) ;
#4231 = CYLINDRICAL_SURFACE ( 'NONE', #46, 5.000000000000000000 ) ;
#4232 = ORIENTED_EDGE ( 'NONE', *, *, #4217, .T. ) ;
#4233 = FACE_OUTER_BOUND ( 'NONE', #1493, .T. ) ;
#4234 = ORIENTED_EDGE ( 'NONE', *, *, #75, .F. ) ;
#4235 = AXIS2_PLACEMENT_3D ( 'NONE', #412, #3652, #4423 ) ;
#4236 = VERTEX_POINT ( 'NONE', #4462 ) ;
#4237 = DIRECTION ( 'NONE',  ( -0.7540815958863057444, 0.6567807448042017882, 0.000000000000000000 ) ) ;
#4238 = VECTOR ( 'NONE', #4600, 1000.000000000000000 ) ;
#4239 = CARTESIAN_POINT ( 'NONE',  ( 10.38196486827441412, 9.000000000000001776, -4.000000000000000000 ) ) ;
#4240 = ORIENTED_EDGE ( 'NONE', *, *, #4216, .T. ) ;
#4241 = FACE_OUTER_BOUND ( 'NONE', #3418, .T. ) ;
#4242 = FACE_OUTER_BOUND ( 'NONE', #967, .T. ) ;
#4243 = EDGE_CURVE ( 'NONE', #3255, #3441, #2779, .T. ) ;
#4244 = DIRECTION ( 'NONE',  ( -1.000000000000000000, -0.000000000000000000, -0.000000000000000000 ) ) ;
#4245 = CIRCLE ( 'NONE', #2231, 3.000000000000002665 ) ;
#4246 = CARTESIAN_POINT ( 'NONE',  ( 96.74999999999998579, 2.000000000000000000, 9.320000000000005613 ) ) ;
#4247 = DIRECTION ( 'NONE',  ( -0.6401843996644799306, 0.000000000000000000, -0.7682212795973757391 ) ) ;
#4248 = ORIENTED_EDGE ( 'NONE', *, *, #188, .F. ) ;
#4249 = CARTESIAN_POINT ( 'NONE',  ( -3.061616997868382648E-16, 41.50000000000000000, -2.500000000000000000 ) ) ;
#4250 = EDGE_CURVE ( 'NONE', #2834, #3008, #1223, .T. ) ;
#4251 = FACE_OUTER_BOUND ( 'NONE', #398, .T. ) ;
#4252 = LINE ( 'NONE', #1009, #4446 ) ;
#4253 = EDGE_LOOP ( 'NONE', ( #1232, #1982, #1496, #2821 ) ) ;
#4254 = ORIENTED_EDGE ( 'NONE', *, *, #3965, .F. ) ;
#4255 = CYLINDRICAL_SURFACE ( 'NONE', #3046, 3.000000000000002665 ) ;
#4256 = ADVANCED_FACE ( 'NONE', ( #4548 ), #3804, .F. ) ;
#4257 = VECTOR ( 'NONE', #71, 1000.000000000000000 ) ;
#4258 = ORIENTED_EDGE ( 'NONE', *, *, #3442, .F. ) ;
#4259 = DIRECTION ( 'NONE',  ( 0.000000000000000000, 0.000000000000000000, 1.000000000000000000 ) ) ;
#4260 = DIRECTION ( 'NONE',  ( 0.000000000000000000, 0.000000000000000000, -1.000000000000000000 ) ) ;
#4261 = ORIENTED_EDGE ( 'NONE', *, *, #4064, .T. ) ;
#4262 = VECTOR ( 'NONE', #3156, 1000.000000000000000 ) ;
#4263 = VECTOR ( 'NONE', #2869, 1000.000000000000114 ) ;
#4264 = CARTESIAN_POINT ( 'NONE',  ( 98.99999999999998579, 40.00000000000000000, 34.11385019445601330 ) ) ;
#4265 = CARTESIAN_POINT ( 'NONE',  ( 34.01217884246545964, 35.00000000000000000, 52.40000000000000568 ) ) ;
#4266 = EDGE_LOOP ( 'NONE', ( #1310, #1627, #1111, #2916 ) ) ;
#4267 = VECTOR ( 'NONE', #2557, 1000.000000000000000 ) ;
#4268 = LINE ( 'NONE', #4293, #2114 ) ;
#4269 = LINE ( 'NONE', #4351, #2646 ) ;
#4270 = CARTESIAN_POINT ( 'NONE',  ( 108.5000000000000000, 4.000000000000000000, 46.89999999999999858 ) ) ;
#4271 = CARTESIAN_POINT ( 'NONE',  ( 13.25000000000000888, 4.000000000000003553, 6.320000000000018048 ) ) ;
#4272 = DIRECTION ( 'NONE',  ( 1.000000000000000000, 0.000000000000000000, 0.000000000000000000 ) ) ;
#4273 = ADVANCED_FACE ( 'NONE', ( #619, #176, #2404, #1326 ), #4198, .F. ) ;
#4274 = ORIENTED_EDGE ( 'NONE', *, *, #4543, .F. ) ;
#4275 = CARTESIAN_POINT ( 'NONE',  ( 114.0000000000000000, 10.00000000000000000, 32.40000000000000568 ) ) ;
#4276 = CARTESIAN_POINT ( 'NONE',  ( 58.12328995357655970, 8.000000000000000000, 48.39999999999999858 ) ) ;
#4277 = CARTESIAN_POINT ( 'NONE',  ( 11.06085512214677991, 8.701428054440485838, -4.007386710211483738 ) ) ;
#4278 = ORIENTED_EDGE ( 'NONE', *, *, #184, .F. ) ;
#4279 = ORIENTED_EDGE ( 'NONE', *, *, #2654, .T. ) ;
#4280 = EDGE_CURVE ( 'NONE', #958, #4157, #1599, .T. ) ;
#4281 = EDGE_CURVE ( 'NONE', #974, #2043, #25, .T. ) ;
#4282 = DIRECTION ( 'NONE',  ( 1.000000000000000000, 0.000000000000000000, 0.000000000000000000 ) ) ;
#4283 = ORIENTED_EDGE ( 'NONE', *, *, #446, .T. ) ;
#4284 = LINE ( 'NONE', #4584, #3034 ) ;
#4285 = CARTESIAN_POINT ( 'NONE',  ( 35.98782115753458299, 11.00000000000000000, -17.47392445807271955 ) ) ;
#4286 = ORIENTED_EDGE ( 'NONE', *, *, #652, .T. ) ;
#4287 = EDGE_CURVE ( 'NONE', #2784, #3207, #2733, .T. ) ;
#4288 = LINE ( 'NONE', #2500, #379 ) ;
#4289 = VECTOR ( 'NONE', #3843, 1000.000000000000114 ) ;
#4290 = FACE_OUTER_BOUND ( 'NONE', #356, .T. ) ;
#4291 = AXIS2_PLACEMENT_3D ( 'NONE', #65, #3680, #829 ) ;
#4292 = ORIENTED_EDGE ( 'NONE', *, *, #897, .T. ) ;
#4293 = CARTESIAN_POINT ( 'NONE',  ( 56.10046099916118578, 40.00000000000000000, 41.32055319899344425 ) ) ;
#4294 = LINE ( 'NONE', #1076, #3626 ) ;
#4295 = AXIS2_PLACEMENT_3D ( 'NONE', #2811, #3826, #2463 ) ;
#4296 = CYLINDRICAL_SURFACE ( 'NONE', #561, 3.000000000000002665 ) ;
#4297 = LINE ( 'NONE', #2410, #1986 ) ;
#4298 = CARTESIAN_POINT ( 'NONE',  ( 86.75000000000000000, 0.000000000000000000, -8.000000000000000000 ) ) ;
#4299 = ORIENTED_EDGE ( 'NONE', *, *, #3396, .F. ) ;
#4300 = DIRECTION ( 'NONE',  ( 1.000000000000000000, 0.000000000000000000, 0.000000000000000000 ) ) ;
#4301 = CARTESIAN_POINT ( 'NONE',  ( 20.58370522155066595, 4.604323689993339741, -6.605230755601199988 ) ) ;
#4302 = CARTESIAN_POINT ( 'NONE',  ( 86.75000000000000000, 4.000000000000000000, -8.000000000000000000 ) ) ;
#4303 = ORIENTED_EDGE ( 'NONE', *, *, #995, .T. ) ;
#4304 = ORIENTED_EDGE ( 'NONE', *, *, #3352, .F. ) ;
#4305 = AXIS2_PLACEMENT_3D ( 'NONE', #1056, #3978, #1756 ) ;
#4306 = LINE ( 'NONE', #1761, #1077 ) ;
#4307 = VERTEX_POINT ( 'NONE', #1620 ) ;
#4308 = DIRECTION ( 'NONE',  ( -0.000000000000000000, -1.000000000000000000, -0.000000000000000000 ) ) ;
#4309 = DIRECTION ( 'NONE',  ( 0.000000000000000000, -1.000000000000000000, 0.000000000000000000 ) ) ;
#4310 = EDGE_CURVE ( 'NONE', #3903, #1817, #581, .T. ) ;
#4311 = EDGE_CURVE ( 'NONE', #3609, #2951, #1521, .T. ) ;
#4312 = ORIENTED_EDGE ( 'NONE', *, *, #3444, .F. ) ;
#4313 = ORIENTED_EDGE ( 'NONE', *, *, #4630, .T. ) ;
#4314 = FACE_BOUND ( 'NONE', #401, .T. ) ;
#4315 = VECTOR ( 'NONE', #2301, 1000.000000000000000 ) ;
#4316 = VECTOR ( 'NONE', #1064, 1000.000000000000000 ) ;
#4317 = AXIS2_PLACEMENT_3D ( 'NONE', #3603, #4357, #389 ) ;
#4318 = CIRCLE ( 'NONE', #4095, 5.000000000000000000 ) ;
#4319 = DIRECTION ( 'NONE',  ( 0.000000000000000000, 1.000000000000000000, -0.000000000000000000 ) ) ;
#4320 = ORIENTED_EDGE ( 'NONE', *, *, #1242, .F. ) ;
#4321 = EDGE_CURVE ( 'NONE', #2969, #1362, #3913, .T. ) ;
#4322 = DIRECTION ( 'NONE',  ( 0.000000000000000000, 0.000000000000000000, 1.000000000000000000 ) ) ;
#4323 = LINE ( 'NONE', #57, #3129 ) ;
#4324 = FACE_OUTER_BOUND ( 'NONE', #1249, .T. ) ;
#4325 = CARTESIAN_POINT ( 'NONE',  ( 108.5000000000000000, 5.499999999999998224, 0.000000000000000000 ) ) ;
#4326 = AXIS2_PLACEMENT_3D ( 'NONE', #914, #3090, #219 ) ;
#4327 = FACE_OUTER_BOUND ( 'NONE', #4075, .T. ) ;
#4328 = ORIENTED_EDGE ( 'NONE', *, *, #2064, .T. ) ;
#4329 = DIRECTION ( 'NONE',  ( 0.000000000000000000, 0.000000000000000000, -1.000000000000000000 ) ) ;
#4330 = DIRECTION ( 'NONE',  ( 0.000000000000000000, 0.000000000000000000, 1.000000000000000000 ) ) ;
#4331 = DIRECTION ( 'NONE',  ( 0.000000000000000000, 0.000000000000000000, -1.000000000000000000 ) ) ;
#4332 = ORIENTED_EDGE ( 'NONE', *, *, #76, .F. ) ;
#4333 = ORIENTED_EDGE ( 'NONE', *, *, #2806, .T. ) ;
#4334 = CYLINDRICAL_SURFACE ( 'NONE', #636, 8.000000000000000000 ) ;
#4335 = VECTOR ( 'NONE', #2442, 1000.000000000000000 ) ;
#4336 = VERTEX_POINT ( 'NONE', #3448 ) ;
#4337 = DIRECTION ( 'NONE',  ( 0.000000000000000000, 0.000000000000000000, -1.000000000000000000 ) ) ;
#4338 = CARTESIAN_POINT ( 'NONE',  ( 0.000000000000000000, 35.00000000000000000, 48.39999999999999858 ) ) ;
#4339 = VERTEX_POINT ( 'NONE', #3109 ) ;
#4340 = ORIENTED_EDGE ( 'NONE', *, *, #820, .T. ) ;
#4341 = FACE_OUTER_BOUND ( 'NONE', #2893, .T. ) ;
#4342 = VECTOR ( 'NONE', #3374, 1000.000000000000000 ) ;
#4343 = ADVANCED_FACE ( 'NONE', ( #933 ), #4175, .F. ) ;
#4344 = CIRCLE ( 'NONE', #2451, 2.999999999999997335 ) ;
#4345 = CIRCLE ( 'NONE', #213, 1.600000000000002531 ) ;
#4346 = EDGE_CURVE ( 'NONE', #716, #3528, #3088, .T. ) ;
#4347 = VECTOR ( 'NONE', #4247, 1000.000000000000000 ) ;
#4348 = FACE_BOUND ( 'NONE', #337, .T. ) ;
#4349 = ORIENTED_EDGE ( 'NONE', *, *, #1412, .T. ) ;
#4350 = CARTESIAN_POINT ( 'NONE',  ( 85.14006708799804812, 5.467096847661681025, -5.458394511822397099 ) ) ;
#4351 = CARTESIAN_POINT ( 'NONE',  ( 41.92189349112426555, 48.13254437869824187, 52.40000000000000568 ) ) ;
#4352 = DIRECTION ( 'NONE',  ( 0.000000000000000000, 0.000000000000000000, 1.000000000000000000 ) ) ;
#4353 = EDGE_CURVE ( 'NONE', #1779, #692, #2200, .T. ) ;
#4354 = DIRECTION ( 'NONE',  ( 0.7540815958863057444, -0.6567807448042017882, 0.000000000000000000 ) ) ;
#4355 = FACE_OUTER_BOUND ( 'NONE', #2461, .T. ) ;
#4356 = CIRCLE ( 'NONE', #3380, 1.600000000000001643 ) ;
#4357 = DIRECTION ( 'NONE',  ( 0.000000000000000000, 1.000000000000000000, -0.000000000000000000 ) ) ;
#4358 = FACE_OUTER_BOUND ( 'NONE', #1741, .T. ) ;
#4359 = ORIENTED_EDGE ( 'NONE', *, *, #3469, .T. ) ;
#4360 = LINE ( 'NONE', #3298, #1737 ) ;
#4361 = EDGE_LOOP ( 'NONE', ( #1999, #33, #1644, #4451 ) ) ;
#4362 = ORIENTED_EDGE ( 'NONE', *, *, #2123, .T. ) ;
#4363 = DIRECTION ( 'NONE',  ( -1.000000000000000000, 0.000000000000000000, 0.000000000000000000 ) ) ;
#4364 = ORIENTED_EDGE ( 'NONE', *, *, #3210, .T. ) ;
#4365 = DIRECTION ( 'NONE',  ( 0.000000000000000000, 0.000000000000000000, 1.000000000000000000 ) ) ;
#4366 = CARTESIAN_POINT ( 'NONE',  ( 25.00000000000000000, 4.000000000000000000, 0.000000000000000000 ) ) ;
#4367 = ORIENTED_EDGE ( 'NONE', *, *, #2437, .F. ) ;
#4368 = EDGE_LOOP ( 'NONE', ( #784, #4052, #588, #4497 ) ) ;
#4369 = DIRECTION ( 'NONE',  ( -0.000000000000000000, 0.000000000000000000, -1.000000000000000000 ) ) ;
#4370 = CIRCLE ( 'NONE', #101, 8.000000000000000000 ) ;
#4371 = DIRECTION ( 'NONE',  ( 1.000000000000000000, 0.000000000000000000, 0.000000000000000000 ) ) ;
#4372 = ORIENTED_EDGE ( 'NONE', *, *, #3311, .F. ) ;
#4373 = DIRECTION ( 'NONE',  ( 0.000000000000000000, -0.000000000000000000, -1.000000000000000000 ) ) ;
#4374 = DIRECTION ( 'NONE',  ( 0.000000000000000000, 0.000000000000000000, -1.000000000000000000 ) ) ;
#4375 = LINE ( 'NONE', #2258, #3645 ) ;
#4376 = EDGE_CURVE ( 'NONE', #732, #1766, #3468, .T. ) ;
#4377 = DIRECTION ( 'NONE',  ( 1.000000000000000000, -0.000000000000000000, -0.000000000000000000 ) ) ;
#4378 = AXIS2_PLACEMENT_3D ( 'NONE', #1708, #3142, #2786 ) ;
#4379 = CARTESIAN_POINT ( 'NONE',  ( 108.5000000000000000, 38.50000000000000000, 46.89999999999999858 ) ) ;
#4380 = CIRCLE ( 'NONE', #1357, 2.999999999999999112 ) ;
#4381 = DIRECTION ( 'NONE',  ( -0.000000000000000000, -0.000000000000000000, 1.000000000000000000 ) ) ;
#4382 = EDGE_CURVE ( 'NONE', #2239, #3398, #3082, .T. ) ;
#4383 = FACE_OUTER_BOUND ( 'NONE', #3864, .T. ) ;
#4384 = VECTOR ( 'NONE', #783, 1000.000000000000000 ) ;
#4385 = VERTEX_POINT ( 'NONE', #1639 ) ;
#4386 = VERTEX_POINT ( 'NONE', #4483 ) ;
#4387 = CARTESIAN_POINT ( 'NONE',  ( 82.22388913503661456, 9.000000000000001776, -4.000000000000000000 ) ) ;
#4388 = ORIENTED_EDGE ( 'NONE', *, *, #1847, .T. ) ;
#4389 = CARTESIAN_POINT ( 'NONE',  ( 89.57842712474618452, 4.000000000000003553, -9.000000000000001776 ) ) ;
#4390 = EDGE_CURVE ( 'NONE', #2159, #1036, #2693, .T. ) ;
#4391 = DIRECTION ( 'NONE',  ( -0.000000000000000000, -1.000000000000000000, -0.000000000000000000 ) ) ;
#4392 = VERTEX_POINT ( 'NONE', #4502 ) ;
#4393 = DIRECTION ( 'NONE',  ( -0.000000000000000000, -0.000000000000000000, 1.000000000000000000 ) ) ;
#4394 = VECTOR ( 'NONE', #173, 1000.000000000000000 ) ;
#4395 = LINE ( 'NONE', #1502, #2051 ) ;
#4396 = EDGE_LOOP ( 'NONE', ( #1013, #2818 ) ) ;
#4397 = CARTESIAN_POINT ( 'NONE',  ( 84.46647439371817256, 4.963398777097437709, -6.041384812826773754 ) ) ;
#4398 = LINE ( 'NONE', #1178, #78 ) ;
#4399 = CARTESIAN_POINT ( 'NONE',  ( 82.89953900083880001, 43.00000000000000000, 37.47944680100656001 ) ) ;
#4400 = DIRECTION ( 'NONE',  ( -1.000000000000000000, -0.000000000000000000, -0.000000000000000000 ) ) ;
#4401 = DIRECTION ( 'NONE',  ( -0.6401843996644799306, 0.000000000000000000, -0.7682212795973758501 ) ) ;
#4402 = B_SPLINE_CURVE_WITH_KNOTS ( 'NONE', 3,
 ( #2596, #1207, #4444, #1165, #1579, #2618, #4096, #1514, #421, #4387 ),
 .UNSPECIFIED., .F., .F.,
 ( 4, 2, 2, 2, 4 ),
 ( 0.000000000000000000, 0.0006274227707519288441, 0.001254845541503857688, 0.001882268312255786641, 0.002509691083007715377 ),
 .UNSPECIFIED. ) ;
#4403 = ADVANCED_FACE ( 'NONE', ( #2127 ), #304, .F. ) ;
#4404 = CARTESIAN_POINT ( 'NONE',  ( 34.01217884246545964, 32.00000000000000000, 0.000000000000000000 ) ) ;
#4405 = CARTESIAN_POINT ( 'NONE',  ( 76.10046099916119999, 43.00000000000000000, 11.32055319899345136 ) ) ;
#4406 = ORIENTED_EDGE ( 'NONE', *, *, #4390, .T. ) ;
#4407 = EDGE_LOOP ( 'NONE', ( #1272, #2225, #1377, #1441, #207, #2062, #2441 ) ) ;
#4408 = LINE ( 'NONE', #2242, #3863 ) ;
#4409 = ADVANCED_FACE ( 'NONE', ( #722 ), #646, .F. ) ;
#4410 = ORIENTED_EDGE ( 'NONE', *, *, #1959, .T. ) ;
#4411 = CARTESIAN_POINT ( 'NONE',  ( 89.71847530160732731, 4.018138065938410719, -8.503031909572117186 ) ) ;
#4412 = CARTESIAN_POINT ( 'NONE',  ( 0.000000000000000000, 5.499999999999998224, 1.500000000000000000 ) ) ;
#4413 = EDGE_LOOP ( 'NONE', ( #1090, #3977, #614, #3875 ) ) ;
#4414 = ORIENTED_EDGE ( 'NONE', *, *, #4382, .T. ) ;
#4415 = EDGE_CURVE ( 'NONE', #4208, #4392, #3332, .T. ) ;
#4416 = AXIS2_PLACEMENT_3D ( 'NONE', #2271, #4393, #3713 ) ;
#4417 = CARTESIAN_POINT ( 'NONE',  ( 96.74999999999998579, 4.000000000000000000, 9.320000000000005613 ) ) ;
#4418 = CYLINDRICAL_SURFACE ( 'NONE', #867, 1.600000000000004086 ) ;
#4419 = CARTESIAN_POINT ( 'NONE',  ( 70.26638702559253602, 18.00000000000000355, 16.00000000000000000 ) ) ;
#4420 = CARTESIAN_POINT ( 'NONE',  ( 58.12328995357655970, 8.000000000000000000, 52.40000000000000568 ) ) ;
#4421 = CYLINDRICAL_SURFACE ( 'NONE', #2358, 2.999999999999999112 ) ;
#4422 = VECTOR ( 'NONE', #4617, 1000.000000000000000 ) ;
#4423 = DIRECTION ( 'NONE',  ( -1.000000000000000000, -3.469446951953615372E-15, 0.000000000000000000 ) ) ;
#4424 = LINE ( 'NONE', #1204, #4485 ) ;
#4425 = PLANE ( 'NONE',  #1815 ) ;
#4426 = DIRECTION ( 'NONE',  ( 0.000000000000000000, 0.000000000000000000, -1.000000000000000000 ) ) ;
#4427 = EDGE_CURVE ( 'NONE', #2335, #854, #2345, .T. ) ;
#4428 = AXIS2_PLACEMENT_3D ( 'NONE', #49, #2202, #2823 ) ;
#4429 = LINE ( 'NONE', #3636, #508 ) ;
#4430 = ORIENTED_EDGE ( 'NONE', *, *, #2864, .F. ) ;
#4431 = DIRECTION ( 'NONE',  ( -1.000000000000000000, 0.000000000000000000, 0.000000000000000000 ) ) ;
#4432 = CARTESIAN_POINT ( 'NONE',  ( 79.04183660805284717, 29.73775521234108510, 52.40000000000000568 ) ) ;
#4433 = EDGE_CURVE ( 'NONE', #4206, #1487, #696, .T. ) ;
#4434 = FACE_OUTER_BOUND ( 'NONE', #4266, .T. ) ;
#4435 = EDGE_CURVE ( 'NONE', #2572, #3275, #4268, .T. ) ;
#4436 = FACE_OUTER_BOUND ( 'NONE', #4639, .T. ) ;
#4437 = DIRECTION ( 'NONE',  ( -0.7682212795973757391, 0.000000000000000000, 0.6401843996644799306 ) ) ;
#4438 = FACE_OUTER_BOUND ( 'NONE', #1687, .T. ) ;
#4439 = CARTESIAN_POINT ( 'NONE',  ( 58.12328995357655970, 8.000000000000000000, 0.000000000000000000 ) ) ;
#4440 = CARTESIAN_POINT ( 'NONE',  ( 26.68304448918107497, 4.000000000000001776, 47.15888565983226499 ) ) ;
#4441 = CARTESIAN_POINT ( 'NONE',  ( 14.97034223441261069, 30.67099224744709574, 48.39999999999999858 ) ) ;
#4442 = CARTESIAN_POINT ( 'NONE',  ( 25.00000000000000000, 0.000000000000000000, 5.000000000000000888 ) ) ;
#4443 = AXIS2_PLACEMENT_3D ( 'NONE', #1533, #1805, #2212 ) ;
#4444 = CARTESIAN_POINT ( 'NONE',  ( 80.40833859259127792, 8.022262990628751922, -4.096328047016682739 ) ) ;
#4445 = ORIENTED_EDGE ( 'NONE', *, *, #4171, .F. ) ;
#4446 = VECTOR ( 'NONE', #3580, 1000.000000000000000 ) ;
#4447 = CARTESIAN_POINT ( 'NONE',  ( 13.00000000000000533, 8.000000000000000000, 48.39999999999999858 ) ) ;
#4448 = DIRECTION ( 'NONE',  ( 0.000000000000000000, 0.000000000000000000, -1.000000000000000000 ) ) ;
#4449 = AXIS2_PLACEMENT_3D ( 'NONE', #2084, #707, #1057 ) ;
#4450 = ORIENTED_EDGE ( 'NONE', *, *, #4505, .F. ) ;
#4451 = ORIENTED_EDGE ( 'NONE', *, *, #579, .F. ) ;
#4452 = CARTESIAN_POINT ( 'NONE',  ( 104.0000000000000142, 0.000000000000000000, -17.47392445807271955 ) ) ;
#4453 = EDGE_CURVE ( 'NONE', #4236, #45, #1103, .T. ) ;
#4454 = ADVANCED_FACE ( 'NONE', ( #4241, #1723 ), #3136, .T. ) ;
#4455 = VERTEX_POINT ( 'NONE', #3915 ) ;
#4456 = ADVANCED_FACE ( 'NONE', ( #1421, #3942 ), #3970, .T. ) ;
#4457 = DIRECTION ( 'NONE',  ( 0.000000000000000000, 0.000000000000000000, -1.000000000000000000 ) ) ;
#4458 = LINE ( 'NONE', #540, #2319 ) ;
#4459 = DIRECTION ( 'NONE',  ( 1.000000000000000000, 0.000000000000000000, 0.000000000000000000 ) ) ;
#4460 = EDGE_CURVE ( 'NONE', #363, #3365, #4070, .T. ) ;
#4461 = DIRECTION ( 'NONE',  ( -0.000000000000000000, -0.000000000000000000, 1.000000000000000000 ) ) ;
#4462 = CARTESIAN_POINT ( 'NONE',  ( 32.98782115753458299, 8.000000000000000000, 0.000000000000000000 ) ) ;
#4463 = CARTESIAN_POINT ( 'NONE',  ( 102.0000000000000000, 43.00000000000000000, 34.11385019445601330 ) ) ;
#4464 = AXIS2_PLACEMENT_3D ( 'NONE', #2106, #3578, #2186 ) ;
#4465 = VECTOR ( 'NONE', #2807, 1000.000000000000000 ) ;
#4466 = DIRECTION ( 'NONE',  ( 0.000000000000000000, 0.000000000000000000, -1.000000000000000000 ) ) ;
#4467 = ORIENTED_EDGE ( 'NONE', *, *, #4321, .T. ) ;
#4468 = FACE_OUTER_BOUND ( 'NONE', #297, .T. ) ;
#4469 = AXIS2_PLACEMENT_3D ( 'NONE', #370, #2520, #14 ) ;
#4470 = CARTESIAN_POINT ( 'NONE',  ( 55.87671004642346873, 32.00000000000000000, -4.000000000000000000 ) ) ;
#4471 = DIRECTION ( 'NONE',  ( -1.000000000000000000, 0.000000000000000000, 0.000000000000000000 ) ) ;
#4472 = VERTEX_POINT ( 'NONE', #3571 ) ;
#4473 = VERTEX_POINT ( 'NONE', #2076 ) ;
#4474 = CARTESIAN_POINT ( 'NONE',  ( 90.00000000000000000, 0.000000000000000000, -14.00000000000000000 ) ) ;
#4475 = ORIENTED_EDGE ( 'NONE', *, *, #291, .T. ) ;
#4476 = EDGE_LOOP ( 'NONE', ( #204, #402, #4372, #2944 ) ) ;
#4477 = ADVANCED_FACE ( 'NONE', ( #3596, #2052 ), #1796, .F. ) ;
#4478 = CARTESIAN_POINT ( 'NONE',  ( 28.44041064589341872, 4.667494759041714403, 0.2381699484913886444 ) ) ;
#4479 = FACE_OUTER_BOUND ( 'NONE', #572, .T. ) ;
#4480 = EDGE_CURVE ( 'NONE', #4339, #377, #602, .T. ) ;
#4481 = CARTESIAN_POINT ( 'NONE',  ( 80.59487516204666235, 43.00000000000000000, 42.39999999999999858 ) ) ;
#4482 = VECTOR ( 'NONE', #1582, 1000.000000000000000 ) ;
#4483 = CARTESIAN_POINT ( 'NONE',  ( 82.89953900083880001, 40.00000000000000000, 37.47944680100656001 ) ) ;
#4484 = CARTESIAN_POINT ( 'NONE',  ( 1.837278106508884123, 42.10946745562130644, 0.000000000000000000 ) ) ;
#4485 = VECTOR ( 'NONE', #1181, 1000.000000000000000 ) ;
#4486 = EDGE_CURVE ( 'NONE', #309, #3513, #3700, .T. ) ;
#4487 = CIRCLE ( 'NONE', #1117, 8.000000000000000000 ) ;
#4488 = DIRECTION ( 'NONE',  ( -0.000000000000000000, 1.000000000000000000, 0.000000000000000000 ) ) ;
#4489 = VECTOR ( 'NONE', #2104, 1000.000000000000000 ) ;
#4490 = VERTEX_POINT ( 'NONE', #4220 ) ;
#4491 = DIRECTION ( 'NONE',  ( 0.000000000000000000, 1.000000000000000000, 0.000000000000000000 ) ) ;
#4492 = DIRECTION ( 'NONE',  ( -0.000000000000000000, -0.000000000000000000, 1.000000000000000000 ) ) ;
#4493 = ORIENTED_EDGE ( 'NONE', *, *, #2832, .T. ) ;
#4494 = ORIENTED_EDGE ( 'NONE', *, *, #3691, .T. ) ;
#4495 = DIRECTION ( 'NONE',  ( -1.000000000000000000, 0.000000000000000000, 1.433655765270088601E-16 ) ) ;
#4496 = ORIENTED_EDGE ( 'NONE', *, *, #3318, .F. ) ;
#4497 = ORIENTED_EDGE ( 'NONE', *, *, #326, .F. ) ;
#4498 = VERTEX_POINT ( 'NONE', #998 ) ;
#4499 = DIRECTION ( 'NONE',  ( 0.000000000000000000, 1.000000000000000000, -0.000000000000000000 ) ) ;
#4500 = DIRECTION ( 'NONE',  ( -1.000000000000000000, 0.000000000000000000, 0.000000000000000000 ) ) ;
#4501 = ORIENTED_EDGE ( 'NONE', *, *, #1260, .T. ) ;
#4502 = CARTESIAN_POINT ( 'NONE',  ( 96.74999999999998579, 0.000000000000000000, 7.720000000000000639 ) ) ;
#4503 = EDGE_CURVE ( 'NONE', #1765, #341, #22, .T. ) ;
#4504 = DIRECTION ( 'NONE',  ( -0.000000000000000000, -1.000000000000000000, 0.000000000000000000 ) ) ;
#4505 = EDGE_CURVE ( 'NONE', #3856, #4455, #3910, .T. ) ;
#4506 = VECTOR ( 'NONE', #3105, 1000.000000000000000 ) ;
#4507 = CARTESIAN_POINT ( 'NONE',  ( 32.98782115753458299, 11.00000000000000000, 52.40000000000000568 ) ) ;
#4508 = EDGE_CURVE ( 'NONE', #2905, #3560, #3184, .T. ) ;
#4509 = EDGE_LOOP ( 'NONE', ( #1115, #2310, #538, #2413 ) ) ;
#4510 = DIRECTION ( 'NONE',  ( 0.000000000000000000, 0.000000000000000000, 1.000000000000000000 ) ) ;
#4511 = CARTESIAN_POINT ( 'NONE',  ( 10.00000000000000533, 28.40874745978818083, 48.39999999999999858 ) ) ;
#4512 = EDGE_LOOP ( 'NONE', ( #3172, #4129, #3201, #3151 ) ) ;
#4513 = VECTOR ( 'NONE', #215, 1000.000000000000000 ) ;
#4514 = VERTEX_POINT ( 'NONE', #1200 ) ;
#4515 = DIRECTION ( 'NONE',  ( 1.433655765270088601E-16, 0.000000000000000000, 1.000000000000000000 ) ) ;
#4516 = CIRCLE ( 'NONE', #4005, 2.999999999999999112 ) ;
#4517 = EDGE_CURVE ( 'NONE', #3134, #3403, #1823, .T. ) ;
#4518 = VERTEX_POINT ( 'NONE', #1919 ) ;
#4519 = VECTOR ( 'NONE', #3413, 1000.000000000000000 ) ;
#4520 = ORIENTED_EDGE ( 'NONE', *, *, #2224, .F. ) ;
#4521 = CARTESIAN_POINT ( 'NONE',  ( 29.68549595314295431, 5.327739526438589834, 48.39256421355340620 ) ) ;
#4522 = CARTESIAN_POINT ( 'NONE',  ( 86.75000000000000000, 40.00000000000000711, -8.000000000000000000 ) ) ;
#4523 = AXIS2_PLACEMENT_3D ( 'NONE', #734, #763, #1811 ) ;
#4524 = DIRECTION ( 'NONE',  ( -1.000000000000000000, 1.156482317317870344E-15, 0.000000000000000000 ) ) ;
#4525 = ORIENTED_EDGE ( 'NONE', *, *, #39, .F. ) ;
#4526 = DIRECTION ( 'NONE',  ( -1.000000000000000000, 2.312964634635740689E-15, 0.000000000000000000 ) ) ;
#4527 = DIRECTION ( 'NONE',  ( 0.000000000000000000, 0.000000000000000000, 1.000000000000000000 ) ) ;
#4528 = AXIS2_PLACEMENT_3D ( 'NONE', #4568, #2283, #1297 ) ;
#4529 = LINE ( 'NONE', #1969, #3494 ) ;
#4530 = ADVANCED_FACE ( 'NONE', ( #2279 ), #3648, .F. ) ;
#4531 = VECTOR ( 'NONE', #2445, 1000.000000000000000 ) ;
#4532 = ORIENTED_EDGE ( 'NONE', *, *, #970, .F. ) ;
#4533 = CARTESIAN_POINT ( 'NONE',  ( 84.99999999999998579, 4.000000000000000000, 0.000000000000000000 ) ) ;
#4534 = VECTOR ( 'NONE', #3893, 1000.000000000000000 ) ;
#4535 = VERTEX_POINT ( 'NONE', #3717 ) ;
#4536 = AXIS2_PLACEMENT_3D ( 'NONE', #3881, #3586, #373 ) ;
#4537 = ORIENTED_EDGE ( 'NONE', *, *, #1768, .F. ) ;
#4538 = EDGE_CURVE ( 'NONE', #612, #2327, #3154, .T. ) ;
#4539 = DIRECTION ( 'NONE',  ( 1.000000000000000000, 0.000000000000000000, 0.000000000000000000 ) ) ;
#4540 = VERTEX_POINT ( 'NONE', #1851 ) ;
#4541 = ORIENTED_EDGE ( 'NONE', *, *, #3877, .T. ) ;
#4542 = VERTEX_POINT ( 'NONE', #408 ) ;
#4543 = EDGE_CURVE ( 'NONE', #4157, #72, #1177, .T. ) ;
#4544 = AXIS2_PLACEMENT_3D ( 'NONE', #94, #466, #3326 ) ;
#4545 = CARTESIAN_POINT ( 'NONE',  ( 13.25000000000000888, 2.000000000000000000, 12.32000000000001272 ) ) ;
#4546 = CARTESIAN_POINT ( 'NONE',  ( 13.00000000000000533, 11.00000000000000000, -17.47392445807271955 ) ) ;
#4547 = AXIS2_PLACEMENT_3D ( 'NONE', #1607, #2019, #571 ) ;
#4548 = FACE_OUTER_BOUND ( 'NONE', #705, .T. ) ;
#4549 = DIRECTION ( 'NONE',  ( 0.000000000000000000, -1.000000000000000000, 0.000000000000000000 ) ) ;
#4550 = PLANE ( 'NONE',  #3792 ) ;
#4551 = DIRECTION ( 'NONE',  ( -1.000000000000000000, 0.000000000000000000, 0.000000000000000000 ) ) ;
#4552 = EDGE_LOOP ( 'NONE', ( #534, #4328, #1537, #857 ) ) ;
#4553 = VECTOR ( 'NONE', #1698, 1000.000000000000000 ) ;
#4554 = DIRECTION ( 'NONE',  ( 0.000000000000000000, -1.000000000000000000, 0.000000000000000000 ) ) ;
#4555 = AXIS2_PLACEMENT_3D ( 'NONE', #3225, #3562, #2844 ) ;
#4556 = CARTESIAN_POINT ( 'NONE',  ( 23.50589075561406105, 5.988954836817031335, -5.008217940644534849 ) ) ;
#4557 = ORIENTED_EDGE ( 'NONE', *, *, #2564, .T. ) ;
#4558 = ORIENTED_EDGE ( 'NONE', *, *, #4059, .F. ) ;
#4559 = VECTOR ( 'NONE', #3390, 1000.000000000000000 ) ;
#4560 = CARTESIAN_POINT ( 'NONE',  ( 26.42928578572858100, 3.999999999999996447, 46.89999999999999858 ) ) ;
#4561 = ORIENTED_EDGE ( 'NONE', *, *, #3195, .T. ) ;
#4562 = CARTESIAN_POINT ( 'NONE',  ( 10.00000000000000533, 40.00000000000000000, 0.000000000000000000 ) ) ;
#4563 = EDGE_LOOP ( 'NONE', ( #488, #3941, #1307, #1228 ) ) ;
#4564 = ADVANCED_FACE ( 'NONE', ( #1526 ), #1550, .F. ) ;
#4565 = EDGE_CURVE ( 'NONE', #2213, #1885, #2179, .T. ) ;
#4566 = ORIENTED_EDGE ( 'NONE', *, *, #47, .F. ) ;
#4567 = ORIENTED_EDGE ( 'NONE', *, *, #47, .T. ) ;
#4568 = CARTESIAN_POINT ( 'NONE',  ( 30.49180327868851137, -29.97142273814360536, -25.40983606557376717 ) ) ;
#4569 = CIRCLE ( 'NONE', #2554, 2.999999999999997335 ) ;
#4570 = EDGE_CURVE ( 'NONE', #1785, #3606, #4020, .T. ) ;
#4571 = FACE_OUTER_BOUND ( 'NONE', #95, .T. ) ;
#4572 = ORIENTED_EDGE ( 'NONE', *, *, #2962, .T. ) ;
#4573 = CARTESIAN_POINT ( 'NONE',  ( 79.99999999999998579, 0.000000000000000000, 5.000000000000000000 ) ) ;
#4574 = CARTESIAN_POINT ( 'NONE',  ( 0.000000000000000000, 8.000000000000000000, -17.47392445807271955 ) ) ;
#4575 = CARTESIAN_POINT ( 'NONE',  ( 0.000000000000000000, 43.00000000000000000, 42.39999999999999858 ) ) ;
#4576 = DIRECTION ( 'NONE',  ( -1.000000000000000000, -0.000000000000000000, -0.000000000000000000 ) ) ;
#4577 = VERTEX_POINT ( 'NONE', #3694 ) ;
#4578 = CARTESIAN_POINT ( 'NONE',  ( 55.59487516204666235, 40.00000000000000000, 6.400000000000003020 ) ) ;
#4579 = CARTESIAN_POINT ( 'NONE',  ( 24.45383436687997047, 5.692603647338001061, -5.249601690991442027 ) ) ;
#4580 = ORIENTED_EDGE ( 'NONE', *, *, #51, .T. ) ;
#4581 = ORIENTED_EDGE ( 'NONE', *, *, #2568, .T. ) ;
#4582 = CARTESIAN_POINT ( 'NONE',  ( 25.00000000000000711, 0.000000000000000000, 48.39999999999999858 ) ) ;
#4583 = EDGE_LOOP ( 'NONE', ( #3126, #1844, #3117, #3440 ) ) ;
#4584 = CARTESIAN_POINT ( 'NONE',  ( 95.00000000000000000, 4.000000000000000000, -9.000000000000001776 ) ) ;
#4585 = ORIENTED_EDGE ( 'NONE', *, *, #3901, .T. ) ;
#4586 = ORIENTED_EDGE ( 'NONE', *, *, #241, .F. ) ;
#4587 = ORIENTED_EDGE ( 'NONE', *, *, #2384, .F. ) ;
#4588 = CARTESIAN_POINT ( 'NONE',  ( 26.42928578572858100, 3.999999999999996447, 46.89999999999999858 ) ) ;
#4589 = EDGE_CURVE ( 'NONE', #2250, #1903, #4151, .T. ) ;
#4590 = VECTOR ( 'NONE', #3629, 1000.000000000000000 ) ;
#4591 = EDGE_CURVE ( 'NONE', #1630, #732, #237, .T. ) ;
#4592 = AXIS2_PLACEMENT_3D ( 'NONE', #2060, #3505, #288 ) ;
#4593 = EDGE_CURVE ( 'NONE', #3008, #2834, #314, .T. ) ;
#4594 = CARTESIAN_POINT ( 'NONE',  ( 33.40512483795331633, 40.00000000000000000, 6.400000000000003020 ) ) ;
#4595 = ORIENTED_EDGE ( 'NONE', *, *, #3127, .T. ) ;
#4596 = CARTESIAN_POINT ( 'NONE',  ( 108.5000000000000000, 5.500000000000000000, 46.89999999999999858 ) ) ;
#4597 = DIRECTION ( 'NONE',  ( 0.000000000000000000, 0.000000000000000000, 1.000000000000000000 ) ) ;
#4598 = CARTESIAN_POINT ( 'NONE',  ( 0.000000000000000000, 4.000000000000000000, -14.00000000000000000 ) ) ;
#4599 = ADVANCED_FACE ( 'NONE', ( #4044 ), #823, .F. ) ;
#4600 = DIRECTION ( 'NONE',  ( -0.000000000000000000, 0.000000000000000000, 1.000000000000000000 ) ) ;
#4601 = CARTESIAN_POINT ( 'NONE',  ( 3.934426229508193096, 40.00000000000000000, -3.278688524590161801 ) ) ;
#4602 = VERTEX_POINT ( 'NONE', #886 ) ;
#4603 = DIRECTION ( 'NONE',  ( 0.000000000000000000, 0.000000000000000000, -1.000000000000000000 ) ) ;
#4604 = CARTESIAN_POINT ( 'NONE',  ( 29.01301775147929973, 73.31124260355032618, -4.000000000000000000 ) ) ;
#4605 = DIRECTION ( 'NONE',  ( -1.156482317317871725E-15, 0.000000000000000000, 1.000000000000000000 ) ) ;
#4606 = ORIENTED_EDGE ( 'NONE', *, *, #138, .T. ) ;
#4607 = CIRCLE ( 'NONE', #1913, 2.999999999999999112 ) ;
#4608 = ORIENTED_EDGE ( 'NONE', *, *, #3566, .F. ) ;
#4609 = DIRECTION ( 'NONE',  ( -0.000000000000000000, -0.000000000000000000, 1.000000000000000000 ) ) ;
#4610 = ORIENTED_EDGE ( 'NONE', *, *, #3752, .F. ) ;
#4611 = CARTESIAN_POINT ( 'NONE',  ( 89.41640962601717035, 4.604181705953510395, -6.605555789394004229 ) ) ;
#4612 = AXIS2_PLACEMENT_3D ( 'NONE', #2539, #1901, #1531 ) ;
#4613 = LINE ( 'NONE', #3061, #1863 ) ;
#4614 = EDGE_LOOP ( 'NONE', ( #1682, #2294, #4520, #4053 ) ) ;
#4615 = DIRECTION ( 'NONE',  ( 0.000000000000000000, 0.000000000000000000, 1.000000000000000000 ) ) ;
#4616 = EDGE_CURVE ( 'NONE', #4187, #3803, #229, .T. ) ;
#4617 = DIRECTION ( 'NONE',  ( 1.000000000000000000, -0.000000000000000000, -0.000000000000000000 ) ) ;
#4618 = ORIENTED_EDGE ( 'NONE', *, *, #131, .T. ) ;
#4619 = DIRECTION ( 'NONE',  ( 0.000000000000000000, -1.000000000000000000, 0.000000000000000000 ) ) ;
#4620 = CARTESIAN_POINT ( 'NONE',  ( 86.75000000000000000, 4.000000000000000000, -9.600000000000004974 ) ) ;
#4621 = DIRECTION ( 'NONE',  ( 0.000000000000000000, 0.000000000000000000, -1.000000000000000000 ) ) ;
#4622 = EDGE_CURVE ( 'NONE', #2041, #3606, #2382, .T. ) ;
#4623 = EDGE_CURVE ( 'NONE', #4385, #1139, #558, .T. ) ;
#4624 = VECTOR ( 'NONE', #269, 1000.000000000000000 ) ;
#4625 = DIRECTION ( 'NONE',  ( 1.000000000000000000, -0.000000000000000000, 0.000000000000000000 ) ) ;
#4626 = DIRECTION ( 'NONE',  ( 0.000000000000000000, 1.000000000000000000, -0.000000000000000000 ) ) ;
#4627 = ORIENTED_EDGE ( 'NONE', *, *, #1541, .F. ) ;
#4628 = CARTESIAN_POINT ( 'NONE',  ( 20.00000000000000000, 4.000000000000000000, -9.000000000000001776 ) ) ;
#4629 = CARTESIAN_POINT ( 'NONE',  ( 99.02965776558741595, 12.32900775255292558, -4.000000000000000000 ) ) ;
#4630 = EDGE_CURVE ( 'NONE', #3606, #1171, #4370, .T. ) ;
#4631 = CARTESIAN_POINT ( 'NONE',  ( 13.00000000000000533, 8.000000000000000000, -4.101020514433644237 ) ) ;
#4632 = ORIENTED_EDGE ( 'NONE', *, *, #620, .T. ) ;
#4633 = ORIENTED_EDGE ( 'NONE', *, *, #3798, .T. ) ;
#4634 = DIRECTION ( 'NONE',  ( 0.000000000000000000, 0.000000000000000000, 1.000000000000000000 ) ) ;
#4635 = CIRCLE ( 'NONE', #518, 2.999999999999999112 ) ;
#4636 = VERTEX_POINT ( 'NONE', #3381 ) ;
#4637 = LINE ( 'NONE', #1042, #3348 ) ;
#4638 = FACE_OUTER_BOUND ( 'NONE', #2578, .T. ) ;
#4639 = EDGE_LOOP ( 'NONE', ( #941, #2514, #2403, #4606 ) ) ;
#4640 = VECTOR ( 'NONE', #2027, 1000.000000000000000 ) ;
#4641 = DIRECTION ( 'NONE',  ( -0.000000000000000000, -1.000000000000000000, -0.000000000000000000 ) ) ;
#4642 = PRODUCT_DEFINITION_SHAPE ( 'NONE', 'NONE',  #1586 ) ;
ENDSEC;
END-ISO-10303-21;
