ISO-10303-21;
HEADER;
FILE_DESCRIPTION (( 'STEP AP203' ),
    '1' );
FILE_NAME ('ÔÆÌ¨µ××ù.STEP',
    '2026-03-27T05:23:37',
    ( '' ),
    ( '' ),
    'SwSTEP 2.0',
    'SolidWorks 2024',
    '' );
FILE_SCHEMA (( 'CONFIG_CONTROL_DESIGN' ));
ENDSEC;

DATA;
#1 = CYLINDRICAL_SURFACE ( 'NONE', #1291, 1.782999999999999918 ) ;
#2 = DIRECTION ( 'NONE',  ( -0.000000000000000000, 0.000000000000000000, 1.000000000000000000 ) ) ;
#3 = CIRCLE ( 'NONE', #1080, 33.35000000000000142 ) ;
#4 = CIRCLE ( 'NONE', #1643, 33.35000000000000142 ) ;
#5 = DIRECTION ( 'NONE',  ( 1.000000000000000000, -0.000000000000000000, -0.000000000000000000 ) ) ;
#6 = ORIENTED_EDGE ( 'NONE', *, *, #1231, .F. ) ;
#7 = LINE ( 'NONE', #728, #1132 ) ;
#8 = EDGE_LOOP ( 'NONE', ( #252, #173, #161, #464 ) ) ;
#9 = CC_DESIGN_APPROVAL ( #815, ( #825 ) ) ;
#10 = ADVANCED_FACE ( 'NONE', ( #1507 ), #756, .T. ) ;
#11 = ORIENTED_EDGE ( 'NONE', *, *, #335, .T. ) ;
#12 = EDGE_CURVE ( 'NONE', #568, #1417, #471, .T. ) ;
#13 = FACE_OUTER_BOUND ( 'NONE', #365, .T. ) ;
#14 = APPROVAL_DATE_TIME ( #1338, #402 ) ;
#15 = CARTESIAN_POINT ( 'NONE',  ( 15.45170063724338405, 58.35364725233710459, -69.05533612679799660 ) ) ;
#16 = CARTESIAN_POINT ( 'NONE',  ( 15.00000000000000000, -17.23445869079999326, -15.27997645901998958 ) ) ;
#17 = FACE_OUTER_BOUND ( 'NONE', #97, .T. ) ;
#18 = VERTEX_POINT ( 'NONE', #443 ) ;
#19 = CARTESIAN_POINT ( 'NONE',  ( 15.10162009010483075, 70.01564856859243946, -64.72232468643433378 ) ) ;
#20 = ORIENTED_EDGE ( 'NONE', *, *, #1889, .F. ) ;
#21 = EDGE_CURVE ( 'NONE', #1280, #1417, #1702, .T. ) ;
#22 = ORIENTED_EDGE ( 'NONE', *, *, #849, .F. ) ;
#23 = CARTESIAN_POINT ( 'NONE',  ( 15.00000000000000000, -17.23445869079999326, -10.49697645901998833 ) ) ;
#24 = DIRECTION ( 'NONE',  ( -1.000000000000000000, -0.000000000000000000, -0.000000000000000000 ) ) ;
#25 = DIRECTION ( 'NONE',  ( 0.000000000000000000, -0.5552830700857684931, -0.8316614167292621929 ) ) ;
#26 = CARTESIAN_POINT ( 'NONE',  ( -1.387778780781445676E-14, -92.67353085736053231, -18.01230567604680033 ) ) ;
#27 = DIRECTION ( 'NONE',  ( 0.000000000000000000, 0.000000000000000000, 1.000000000000000000 ) ) ;
#28 = VERTEX_POINT ( 'NONE', #1686 ) ;
#29 = DIRECTION ( 'NONE',  ( -1.000000000000000000, 0.000000000000000000, 0.000000000000000000 ) ) ;
#30 = ORIENTED_EDGE ( 'NONE', *, *, #1239, .T. ) ;
#31 = EDGE_CURVE ( 'NONE', #611, #1378, #1247, .T. ) ;
#32 = CARTESIAN_POINT ( 'NONE',  ( 0.000000000000000000, -8.765843589255659651, 11.05871681827336950 ) ) ;
#33 = ORIENTED_EDGE ( 'NONE', *, *, #338, .F. ) ;
#34 = AXIS2_PLACEMENT_3D ( 'NONE', #988, #867, #1137 ) ;
#35 = B_SPLINE_CURVE_WITH_KNOTS ( 'NONE', 3,
 ( #249, #991, #539, #660, #224, #1256, #260, #382, #1588 ),
 .UNSPECIFIED., .F., .F.,
 ( 4, 2, 1, 2, 4 ),
 ( 5.245207345779229029E-05, 0.02168106917503321088, 0.04330968627660862491, 0.06493830337818407017, 0.08656692047975950155 ),
 .UNSPECIFIED. ) ;
#36 =( LENGTH_UNIT ( ) NAMED_UNIT ( * ) SI_UNIT ( .MILLI., .METRE. ) );
#37 = DIRECTION ( 'NONE',  ( 1.000000000000000000, -0.000000000000000000, -0.000000000000000000 ) ) ;
#38 = PLANE ( 'NONE',  #1082 ) ;
#39 = AXIS2_PLACEMENT_3D ( 'NONE', #169, #747, #27 ) ;
#40 = ORIENTED_EDGE ( 'NONE', *, *, #871, .F. ) ;
#41 = CARTESIAN_POINT ( 'NONE',  ( 14.01040773969683428, 85.66807529453338077, -74.96341739175639418 ) ) ;
#42 = EDGE_LOOP ( 'NONE', ( #1120, #1025 ) ) ;
#43 = AXIS2_PLACEMENT_3D ( 'NONE', #1704, #1129, #673 ) ;
#44 = LINE ( 'NONE', #1090, #1898 ) ;
#45 = VERTEX_POINT ( 'NONE', #1422 ) ;
#46 = VECTOR ( 'NONE', #1634, 999.9999999999998863 ) ;
#47 = AXIS2_PLACEMENT_3D ( 'NONE', #1271, #215, #640 ) ;
#48 = ADVANCED_FACE ( 'NONE', ( #1701 ), #93, .F. ) ;
#49 = CARTESIAN_POINT ( 'NONE',  ( 0.000000000000000000, 32.97808395453792940, -4.966737227541687894 ) ) ;
#50 = CARTESIAN_POINT ( 'NONE',  ( 29.09877276435999249, 0.8333920401600068972, -19.96865899033998915 ) ) ;
#51 = LINE ( 'NONE', #480, #522 ) ;
#52 = VERTEX_POINT ( 'NONE', #945 ) ;
#53 = ORIENTED_EDGE ( 'NONE', *, *, #1475, .F. ) ;
#54 = DIRECTION ( 'NONE',  ( -1.000000000000000000, 0.000000000000000000, 0.000000000000000000 ) ) ;
#55 = ORIENTED_EDGE ( 'NONE', *, *, #1111, .T. ) ;
#56 = VECTOR ( 'NONE', #829, 1000.000000000000000 ) ;
#57 = DIRECTION ( 'NONE',  ( 0.000000000000000000, 0.000000000000000000, 1.000000000000000000 ) ) ;
#58 = CARTESIAN_POINT ( 'NONE',  ( 18.35013005266694464, -25.38689279800897936, -34.96312298246206041 ) ) ;
#59 = FACE_BOUND ( 'NONE', #250, .T. ) ;
#60 = CIRCLE ( 'NONE', #719, 33.35000000000000142 ) ;
#61 = CARTESIAN_POINT ( 'NONE',  ( 29.09877276435999249, -0.8290233122999931537, 19.01445898932000489 ) ) ;
#62 = DIRECTION ( 'NONE',  ( 0.04093637269129434680, -0.04188560505147818219, 0.9982834314363586703 ) ) ;
#63 = ORIENTED_EDGE ( 'NONE', *, *, #66, .T. ) ;
#64 = CARTESIAN_POINT ( 'NONE',  ( 14.14400453795480495, -11.17077880453332028, -110.7271542257383032 ) ) ;
#65 = ORIENTED_EDGE ( 'NONE', *, *, #712, .F. ) ;
#66 = EDGE_CURVE ( 'NONE', #1654, #18, #105, .T. ) ;
#67 = ADVANCED_FACE ( 'NONE', ( #935 ), #1545, .F. ) ;
#68 = CARTESIAN_POINT ( 'NONE',  ( 15.10162009010483075, 83.19061392268361033, 46.58854057022893613 ) ) ;
#69 = DATE_AND_TIME ( #1131, #1145 ) ;
#70 = FACE_BOUND ( 'NONE', #1887, .T. ) ;
#71 = DIRECTION ( 'NONE',  ( -1.000000000000000000, 0.000000000000000000, 0.000000000000000000 ) ) ;
#72 = DIRECTION ( 'NONE',  ( -1.000000000000000000, 0.000000000000000000, 0.000000000000000000 ) ) ;
#73 = ORIENTED_EDGE ( 'NONE', *, *, #1759, .F. ) ;
#74 = CARTESIAN_POINT ( 'NONE',  ( 14.81188783028804146, -76.43838389286527502, 65.60463900607965115 ) ) ;
#75 = ORIENTED_EDGE ( 'NONE', *, *, #1102, .F. ) ;
#76 = CIRCLE ( 'NONE', #1494, 1.782999999999999918 ) ;
#77 = CIRCLE ( 'NONE', #704, 12.64199999999999946 ) ;
#78 = CYLINDRICAL_SURFACE ( 'NONE', #1820, 1.782999999999999918 ) ;
#79 = CARTESIAN_POINT ( 'NONE',  ( 13.78514091171768285, -116.0112751251367200, -14.40053524468043378 ) ) ;
#80 = DIRECTION ( 'NONE',  ( 0.000000000000000000, 0.000000000000000000, 1.000000000000000000 ) ) ;
#81 = CARTESIAN_POINT ( 'NONE',  ( 15.46681590712694465, 83.78719683988562394, 32.18178214429945427 ) ) ;
#82 = EDGE_LOOP ( 'NONE', ( #512, #855, #653, #1044, #1736, #1830, #1610, #495, #425, #1502, #920, #1501, #1808, #11 ) ) ;
#83 = ADVANCED_FACE ( 'NONE', ( #669 ), #379, .F. ) ;
#84 = CARTESIAN_POINT ( 'NONE',  ( 15.72819375099554406, 10.78383380291237259, 85.28471242518897100 ) ) ;
#85 = DIRECTION ( 'NONE',  ( 0.000000000000000000, -0.9991209391999535949, -0.04192074489083524175 ) ) ;
#86 = LINE ( 'NONE', #1555, #1000 ) ;
#87 = CARTESIAN_POINT ( 'NONE',  ( 18.66337384123908194, 37.55732603383037826, -7.090871903290183909 ) ) ;
#88 = ORIENTED_EDGE ( 'NONE', *, *, #1466, .F. ) ;
#89 = EDGE_CURVE ( 'NONE', #45, #1473, #1857, .T. ) ;
#90 = DIRECTION ( 'NONE',  ( 0.000000000000000000, 0.000000000000000000, 1.000000000000000000 ) ) ;
#91 = DIRECTION ( 'NONE',  ( 0.000000000000000000, 0.000000000000000000, 1.000000000000000000 ) ) ;
#92 =( BOUNDED_CURVE ( )  B_SPLINE_CURVE ( 3, ( #746, #1350, #1203, #1874 ),
 .UNSPECIFIED., .F., .F. ) 
 B_SPLINE_CURVE_WITH_KNOTS ( ( 4, 4 ),
 ( 2.007698081260648415, 2.033567106085095499 ),
 .UNSPECIFIED. ) 
 CURVE ( )  GEOMETRIC_REPRESENTATION_ITEM ( )  RATIONAL_B_SPLINE_CURVE ( ( 1.000000000000000000, 0.9999442335737100951, 0.9999442335737100951, 1.000000000000000000 ) ) 
 REPRESENTATION_ITEM ( '' )  );
#93 = PLANE ( 'NONE',  #434 ) ;
#94 = EDGE_CURVE ( 'NONE', #1248, #407, #1746, .T. ) ;
#95 = EDGE_CURVE ( 'NONE', #841, #481, #963, .T. ) ;
#96 = DIRECTION ( 'NONE',  ( 0.000000000000000000, 0.000000000000000000, 1.000000000000000000 ) ) ;
#97 = EDGE_LOOP ( 'NONE', ( #22, #40, #316, #63 ) ) ;
#98 = AXIS2_PLACEMENT_3D ( 'NONE', #262, #1621, #1590 ) ;
#99 = B_SPLINE_CURVE_WITH_KNOTS ( 'NONE', 3,
 ( #189, #333, #919, #1519, #1377, #162, #41, #1045 ),
 .UNSPECIFIED., .F., .F.,
 ( 4, 2, 2, 4 ),
 ( 0.03572871935855341519, 0.06312402457057432470, 0.09051932978259524809, 0.1453099402066370116 ),
 .UNSPECIFIED. ) ;
#100 = EDGE_CURVE ( 'NONE', #588, #1895, #519, .T. ) ;
#101 = B_SPLINE_CURVE_WITH_KNOTS ( 'NONE', 3,
 ( #1381, #1402, #1523, #1094 ),
 .UNSPECIFIED., .F., .F.,
 ( 4, 4 ),
 ( 0.1008254487505584884, 0.1453099347845208944 ),
 .UNSPECIFIED. ) ;
#102 = DIRECTION ( 'NONE',  ( 0.000000000000000000, 0.9380717560422067169, 0.3464410202558156349 ) ) ;
#103 = CARTESIAN_POINT ( 'NONE',  ( 15.10162009010483075, -18.60102161940324450, 93.51562624508997601 ) ) ;
#104 = DIRECTION ( 'NONE',  ( 0.000000000000000000, 0.000000000000000000, -1.000000000000000000 ) ) ;
#105 = CIRCLE ( 'NONE', #1758, 4.783000000000002139 ) ;
#106 = CARTESIAN_POINT ( 'NONE',  ( -6.938893903907228378E-15, -45.76841665035976092, 82.57165684819804596 ) ) ;
#107 = ORIENTED_EDGE ( 'NONE', *, *, #1282, .F. ) ;
#108 = CARTESIAN_POINT ( 'NONE',  ( 15.10162009010483075, 83.19061392268361033, 46.58854057022893613 ) ) ;
#109 = DIRECTION ( 'NONE',  ( 0.000000000000000000, 0.000000000000000000, -1.000000000000000000 ) ) ;
#110 = DIRECTION ( 'NONE',  ( 0.000000000000000000, -0.2711080708581612986, -0.9625489150768216096 ) ) ;
#111 = DIRECTION ( 'NONE',  ( 0.000000000000000000, 0.000000000000000000, -1.000000000000000000 ) ) ;
#112 = ORIENTED_EDGE ( 'NONE', *, *, #1321, .F. ) ;
#113 = DIRECTION ( 'NONE',  ( -0.06214525989161977237, 1.222279698104622755E-16, -0.9980671153148986674 ) ) ;
#114 = ORIENTED_EDGE ( 'NONE', *, *, #1468, .T. ) ;
#115 = VECTOR ( 'NONE', #1534, 1000.000000000000114 ) ;
#116 = ORIENTED_EDGE ( 'NONE', *, *, #291, .T. ) ;
#117 = DIRECTION ( 'NONE',  ( -1.000000000000000000, 0.000000000000000000, 0.000000000000000000 ) ) ;
#118 = AXIS2_PLACEMENT_3D ( 'NONE', #321, #902, #754 ) ;
#119 = DIRECTION ( 'NONE',  ( 0.000000000000000000, 0.8316614167292621929, -0.5552830700857683821 ) ) ;
#120 = EDGE_CURVE ( 'NONE', #1362, #165, #170, .T. ) ;
#121 = VERTEX_POINT ( 'NONE', #221 ) ;
#122 = CARTESIAN_POINT ( 'NONE',  ( -63.58569736464109212, -16.33259966638611260, 10.90493787832565253 ) ) ;
#123 = ORIENTED_EDGE ( 'NONE', *, *, #682, .F. ) ;
#124 = ORIENTED_EDGE ( 'NONE', *, *, #937, .T. ) ;
#125 = CARTESIAN_POINT ( 'NONE',  ( 15.00000000000000000, -0.8290233122999931537, 20.79745898932000614 ) ) ;
#126 = FACE_BOUND ( 'NONE', #977, .T. ) ;
#127 = PLANE ( 'NONE',  #969 ) ;
#128 = CARTESIAN_POINT ( 'NONE',  ( 0.000000000000000000, -123.5098182227954595, -4.895431806922982965 ) ) ;
#129 = AXIS2_PLACEMENT_3D ( 'NONE', #1138, #989, #257 ) ;
#130 = ORIENTED_EDGE ( 'NONE', *, *, #1831, .T. ) ;
#131 = CARTESIAN_POINT ( 'NONE',  ( 18.96194041145093934, 4.084197075156423344E-15, -33.35000000000000142 ) ) ;
#132 = VERTEX_POINT ( 'NONE', #664 ) ;
#133 = ORIENTED_EDGE ( 'NONE', *, *, #1464, .F. ) ;
#134 = DIRECTION ( 'NONE',  ( -1.000000000000000000, 0.000000000000000000, 0.000000000000000000 ) ) ;
#135 = CARTESIAN_POINT ( 'NONE',  ( 16.41867151730402696, -39.21884555740761868, 63.03322772412606412 ) ) ;
#136 = DIRECTION ( 'NONE',  ( 0.000000000000000000, 0.000000000000000000, 1.000000000000000000 ) ) ;
#137 = CARTESIAN_POINT ( 'NONE',  ( 29.09877276435999249, -17.23445869079999326, -12.27997645901998780 ) ) ;
#138 = ORIENTED_EDGE ( 'NONE', *, *, #1230, .F. ) ;
#139 = CARTESIAN_POINT ( 'NONE',  ( 0.000000000000000000, 0.5915657786807714258, -14.09912342763020021 ) ) ;
#140 = EDGE_LOOP ( 'NONE', ( #242, #1173, #1177, #1737 ) ) ;
#141 = ORIENTED_EDGE ( 'NONE', *, *, #1627, .T. ) ;
#142 = VECTOR ( 'NONE', #1068, 1000.000000000000000 ) ;
#143 = B_SPLINE_CURVE_WITH_KNOTS ( 'NONE', 3,
 ( #1583, #1594, #1748, #1314, #1738, #572, #703, #1880 ),
 .UNSPECIFIED., .F., .F.,
 ( 4, 2, 2, 4 ),
 ( 3.599286932612826246E-06, 0.01612274100032558277, 0.03224188271371854903, 0.06448016614050446071 ),
 .UNSPECIFIED. ) ;
#144 = EDGE_CURVE ( 'NONE', #1661, #1905, #860, .T. ) ;
#145 = CARTESIAN_POINT ( 'NONE',  ( 18.96194041145093934, 32.66623693994215216, 6.718590937358741577 ) ) ;
#146 = CARTESIAN_POINT ( 'NONE',  ( 18.96194041145093934, -29.19184642660382067, -16.12633257146763555 ) ) ;
#147 = EDGE_CURVE ( 'NONE', #557, #1817, #785, .T. ) ;
#148 = CARTESIAN_POINT ( 'NONE',  ( 15.00000000000000000, 18.07003509438000677, -13.84028253233999095 ) ) ;
#149 = EDGE_CURVE ( 'NONE', #597, #689, #1845, .T. ) ;
#150 = DIRECTION ( 'NONE',  ( -1.000000000000000000, -0.000000000000000000, -0.000000000000000000 ) ) ;
#151 = ADVANCED_FACE ( 'NONE', ( #492 ), #804, .T. ) ;
#152 = CARTESIAN_POINT ( 'NONE',  ( 0.000000000000000000, -30.72252054933295184, 12.97494628489132573 ) ) ;
#153 = VERTEX_POINT ( 'NONE', #1447 ) ;
#154 = VERTEX_POINT ( 'NONE', #990 ) ;
#155 = LINE ( 'NONE', #1486, #453 ) ;
#156 = DIRECTION ( 'NONE',  ( 0.9975640502598241977, 0.06970174415024528447, 0.002762696441633950145 ) ) ;
#157 = DIRECTION ( 'NONE',  ( 0.000000000000000000, 0.9993045311244183049, 0.03728879287676886700 ) ) ;
#158 = AXIS2_PLACEMENT_3D ( 'NONE', #470, #1222, #1215 ) ;
#159 = CARTESIAN_POINT ( 'NONE',  ( -67.74903311566335162, -20.17168136047743587, 87.93911638708324574 ) ) ;
#160 = CARTESIAN_POINT ( 'NONE',  ( 15.00000000000000000, -0.8290233122999931537, 20.79745898932000614 ) ) ;
#161 = ORIENTED_EDGE ( 'NONE', *, *, #457, .F. ) ;
#162 = CARTESIAN_POINT ( 'NONE',  ( 14.51348750081068495, 68.53053796649841445, -81.29251309083791455 ) ) ;
#163 = EDGE_LOOP ( 'NONE', ( #1728, #1869, #439, #1335 ) ) ;
#164 = CIRCLE ( 'NONE', #1615, 1.782999999999999918 ) ;
#165 = VERTEX_POINT ( 'NONE', #982 ) ;
#166 = DIRECTION ( 'NONE',  ( 1.000000000000000000, -0.000000000000000000, -0.000000000000000000 ) ) ;
#167 = LINE ( 'NONE', #1191, #185 ) ;
#168 = FACE_OUTER_BOUND ( 'NONE', #1791, .T. ) ;
#169 = CARTESIAN_POINT ( 'NONE',  ( 0.000000000000000000, 0.000000000000000000, 0.000000000000000000 ) ) ;
#170 = B_SPLINE_CURVE_WITH_KNOTS ( 'NONE', 3,
 ( #1254, #79, #658, #207, #1562, #1834, #1105, #1692, #1816, #953 ),
 .UNSPECIFIED., .F., .F.,
 ( 4, 2, 2, 2, 4 ),
 ( 2.547924700633148992E-07, 0.03632768653196598307, 0.07265511827146191315, 0.1089825500109578155, 0.1453099817504537317 ),
 .UNSPECIFIED. ) ;
#171 = ORIENTED_EDGE ( 'NONE', *, *, #1321, .T. ) ;
#172 = VERTEX_POINT ( 'NONE', #537 ) ;
#173 = ORIENTED_EDGE ( 'NONE', *, *, #997, .F. ) ;
#174 = CARTESIAN_POINT ( 'NONE',  ( 6.359947064584432930, 33.02091336499807284, -4.682359007158725994 ) ) ;
#175 = VECTOR ( 'NONE', #216, 1000.000000000000000 ) ;
#176 = DIRECTION ( 'NONE',  ( -1.000000000000000000, 0.000000000000000000, 0.000000000000000000 ) ) ;
#177 = CARTESIAN_POINT ( 'NONE',  ( 12.68094636794321239, 6.033896624203410219, -32.80087341610060037 ) ) ;
#178 = ORIENTED_EDGE ( 'NONE', *, *, #1185, .T. ) ;
#179 = VERTEX_POINT ( 'NONE', #1607 ) ;
#180 = ADVANCED_FACE ( 'NONE', ( #1469, #563 ), #394, .T. ) ;
#181 = DIRECTION ( 'NONE',  ( 0.000000000000000000, 0.000000000000000000, 1.000000000000000000 ) ) ;
#182 = ORIENTED_EDGE ( 'NONE', *, *, #369, .F. ) ;
#183 = CARTESIAN_POINT ( 'NONE',  ( 33.87601965656267566, -0.8290233122999929316, 22.58045898932000384 ) ) ;
#184 = CARTESIAN_POINT ( 'NONE',  ( 0.000000000000000000, -21.83368817260284445, -25.20937446232140999 ) ) ;
#185 = VECTOR ( 'NONE', #1773, 1000.000000000000000 ) ;
#186 = AXIS2_PLACEMENT_3D ( 'NONE', #554, #1001, #1598 ) ;
#187 = ORIENTED_EDGE ( 'NONE', *, *, #1313, .T. ) ;
#188 = ORIENTED_EDGE ( 'NONE', *, *, #1839, .F. ) ;
#189 = CARTESIAN_POINT ( 'NONE',  ( 14.40088138565642595, 1.279304300484711754E-14, -106.6016531847279225 ) ) ;
#190 = ORIENTED_EDGE ( 'NONE', *, *, #1024, .T. ) ;
#191 = CC_DESIGN_APPROVAL ( #402, ( #1637 ) ) ;
#192 = VECTOR ( 'NONE', #385, 1000.000000000000000 ) ;
#193 = APPROVAL_ROLE ( '' ) ;
#194 = FACE_BOUND ( 'NONE', #1424, .T. ) ;
#195 = CARTESIAN_POINT ( 'NONE',  ( -67.74903311566335162, -35.37008268621579532, -83.00085644509860572 ) ) ;
#196 = ADVANCED_FACE ( 'NONE', ( #258 ), #403, .F. ) ;
#197 = DIRECTION ( 'NONE',  ( 1.000000000000000000, -0.000000000000000000, -0.000000000000000000 ) ) ;
#198 = EDGE_LOOP ( 'NONE', ( #1342, #357, #1517, #274 ) ) ;
#199 = ADVANCED_FACE ( 'NONE', ( #695 ), #553, .F. ) ;
#200 = DIRECTION ( 'NONE',  ( 0.04093637269129436762, 0.6206624449125341947, -0.7830085203023495755 ) ) ;
#201 = VERTEX_POINT ( 'NONE', #1150 ) ;
#202 = FACE_OUTER_BOUND ( 'NONE', #1155, .T. ) ;
#203 = CARTESIAN_POINT ( 'NONE',  ( 15.00000000000000000, -0.8290233122999931537, 25.58045898932000739 ) ) ;
#204 = LINE ( 'NONE', #1646, #1213 ) ;
#205 = EDGE_CURVE ( 'NONE', #1242, #844, #678, .T. ) ;
#206 = CARTESIAN_POINT ( 'NONE',  ( 15.00000000000000000, -17.23445869079999326, -5.713976459019987963 ) ) ;
#207 = CARTESIAN_POINT ( 'NONE',  ( 14.67115292260540116, -93.51408608692113944, -42.91782268066093309 ) ) ;
#208 = ORIENTED_EDGE ( 'NONE', *, *, #794, .F. ) ;
#209 = PLANE ( 'NONE',  #1227 ) ;
#210 = EDGE_LOOP ( 'NONE', ( #1067, #383 ) ) ;
#211 = FACE_OUTER_BOUND ( 'NONE', #1530, .T. ) ;
#212 = CARTESIAN_POINT ( 'NONE',  ( 18.35023982733022763, 3.611478589933026027E-16, 43.17405156072293693 ) ) ;
#213 = CARTESIAN_POINT ( 'NONE',  ( 0.000000000000000000, -0.8290233122999931537, 25.58045898932000739 ) ) ;
#214 = ADVANCED_FACE ( 'NONE', ( #1866 ), #861, .F. ) ;
#215 = DIRECTION ( 'NONE',  ( 0.04093637269129432599, 0.03725753574632138798, -0.9984668694658781485 ) ) ;
#216 = DIRECTION ( 'NONE',  ( 0.000000000000000000, -0.03960487526604343500, 0.9992154191440207889 ) ) ;
#217 = CARTESIAN_POINT ( 'NONE',  ( -63.58569736464109212, 5.324161369739613292, 18.90303646776225577 ) ) ;
#218 = VERTEX_POINT ( 'NONE', #999 ) ;
#219 = ORIENTED_EDGE ( 'NONE', *, *, #687, .T. ) ;
#220 = DIRECTION ( 'NONE',  ( 0.000000000000000000, -0.8303721507642994881, 0.5572091988069395319 ) ) ;
#221 = CARTESIAN_POINT ( 'NONE',  ( 15.00000000000000000, 0.8333920401600075634, -25.51665899033998741 ) ) ;
#222 = ADVANCED_FACE ( 'NONE', ( #1305 ), #1386, .T. ) ;
#223 = LINE ( 'NONE', #1693, #1688 ) ;
#224 = CARTESIAN_POINT ( 'NONE',  ( 15.80264353909108621, -66.74907527295488308, -52.65810442764366428 ) ) ;
#225 = ORIENTED_EDGE ( 'NONE', *, *, #1390, .F. ) ;
#226 = PRODUCT_RELATED_PRODUCT_CATEGORY ( 'detail', '', ( #696 ) ) ;
#227 = ADVANCED_FACE ( 'NONE', ( #269 ), #847, .F. ) ;
#228 = AXIS2_PLACEMENT_3D ( 'NONE', #1456, #1891, #1438 ) ;
#229 = CARTESIAN_POINT ( 'NONE',  ( 29.09877276435999249, 18.07003509438000677, -9.057282532339989700 ) ) ;
#230 = DIRECTION ( 'NONE',  ( 0.000000000000000000, 0.000000000000000000, -1.000000000000000000 ) ) ;
#231 = VECTOR ( 'NONE', #113, 999.9999999999998863 ) ;
#232 = DIRECTION ( 'NONE',  ( 1.000000000000000000, 0.000000000000000000, 0.000000000000000000 ) ) ;
#233 = EDGE_LOOP ( 'NONE', ( #1354, #772 ) ) ;
#234 = EDGE_LOOP ( 'NONE', ( #1059, #307, #1078, #308 ) ) ;
#235 = ADVANCED_FACE ( 'NONE', ( #1718 ), #248, .F. ) ;
#236 = CARTESIAN_POINT ( 'NONE',  ( 16.41867199471462868, -73.25185126629905596, 12.06112809874476710 ) ) ;
#237 = COORDINATED_UNIVERSAL_TIME_OFFSET ( 8, 0, .AHEAD. ) ;
#238 = DIRECTION ( 'NONE',  ( 0.000000000000000000, 0.000000000000000000, 1.000000000000000000 ) ) ;
#239 = CARTESIAN_POINT ( 'NONE',  ( 24.00000000000000000, 97.04407929468926852, 76.55773719128765720 ) ) ;
#240 = VECTOR ( 'NONE', #1764, 999.9999999999998863 ) ;
#241 = CARTESIAN_POINT ( 'NONE',  ( 15.10162009010483075, 83.19061392268361033, 46.58854057022893613 ) ) ;
#242 = ORIENTED_EDGE ( 'NONE', *, *, #256, .F. ) ;
#243 = CIRCLE ( 'NONE', #1426, 33.35000000000000142 ) ;
#244 = VECTOR ( 'NONE', #1385, 1000.000000000000000 ) ;
#245 = CARTESIAN_POINT ( 'NONE',  ( 15.00000000000000000, 18.07003509438000677, -4.274282532339988450 ) ) ;
#246 = VECTOR ( 'NONE', #694, 999.9999999999998863 ) ;
#247 = DIRECTION ( 'NONE',  ( 1.000000000000000000, -0.000000000000000000, -0.000000000000000000 ) ) ;
#248 = PLANE ( 'NONE',  #228 ) ;
#249 = CARTESIAN_POINT ( 'NONE',  ( 15.10162009010483075, -39.91856336292528340, -86.58913705735257338 ) ) ;
#250 = EDGE_LOOP ( 'NONE', ( #485, #524, #1442, #1100 ) ) ;
#251 = DIRECTION ( 'NONE',  ( 0.000000000000000000, 0.000000000000000000, -1.000000000000000000 ) ) ;
#252 = ORIENTED_EDGE ( 'NONE', *, *, #638, .F. ) ;
#253 = ADVANCED_FACE ( 'NONE', ( #1317 ), #127, .F. ) ;
#254 = VERTEX_POINT ( 'NONE', #421 ) ;
#255 = DIRECTION ( 'NONE',  ( 0.000000000000000000, -0.9625489150768176128, 0.2711080708581750653 ) ) ;
#256 = EDGE_CURVE ( 'NONE', #201, #332, #1844, .T. ) ;
#257 = DIRECTION ( 'NONE',  ( 0.000000000000000000, 0.000000000000000000, 1.000000000000000000 ) ) ;
#258 = FACE_OUTER_BOUND ( 'NONE', #1720, .T. ) ;
#259 = PLANE ( 'NONE',  #1696 ) ;
#260 = CARTESIAN_POINT ( 'NONE',  ( 15.46681572461216625, -84.59198383124858367, -30.00263679519403937 ) ) ;
#261 = ORIENTED_EDGE ( 'NONE', *, *, #1157, .T. ) ;
#262 = CARTESIAN_POINT ( 'NONE',  ( 33.87601965656267566, 0.8333920401600068972, -19.96865899033998915 ) ) ;
#263 = ORIENTED_EDGE ( 'NONE', *, *, #1493, .T. ) ;
#264 = VECTOR ( 'NONE', #1182, 1000.000000000000000 ) ;
#265 = ORIENTED_EDGE ( 'NONE', *, *, #549, .F. ) ;
#266 = PLANE ( 'NONE',  #1039 ) ;
#267 = CARTESIAN_POINT ( 'NONE',  ( 18.96194041145093934, 6.316277033033000698, -32.74640658823469153 ) ) ;
#268 = AXIS2_PLACEMENT_3D ( 'NONE', #125, #1864, #1716 ) ;
#269 = FACE_OUTER_BOUND ( 'NONE', #1683, .T. ) ;
#270 = DIRECTION ( 'NONE',  ( -1.000000000000000000, 0.000000000000000000, 0.000000000000000000 ) ) ;
#271 = ADVANCED_FACE ( 'NONE', ( #807, #70 ), #1420, .T. ) ;
#272 = ORIENTED_EDGE ( 'NONE', *, *, #713, .F. ) ;
#273 = PLANE ( 'NONE',  #1520 ) ;
#274 = ORIENTED_EDGE ( 'NONE', *, *, #21, .T. ) ;
#275 = ORIENTED_EDGE ( 'NONE', *, *, #1458, .F. ) ;
#276 = VECTOR ( 'NONE', #1544, 999.9999999999998863 ) ;
#277 = CARTESIAN_POINT ( 'NONE',  ( 0.000000000000000000, 0.8333920401600068972, -14.42065899033999266 ) ) ;
#278 = CARTESIAN_POINT ( 'NONE',  ( 15.76119143528471511, -42.93281377367632246, 73.09567795600175089 ) ) ;
#279 = CARTESIAN_POINT ( 'NONE',  ( 13.78514091200690572, 102.3195153569713653, -56.53943886926182216 ) ) ;
#280 = DIRECTION ( 'NONE',  ( -1.000000000000000000, -0.000000000000000000, -0.000000000000000000 ) ) ;
#281 = APPROVAL_PERSON_ORGANIZATION ( #1573, #815, #377 ) ;
#282 = EDGE_CURVE ( 'NONE', #1777, #172, #1269, .T. ) ;
#283 = CLOSED_SHELL ( 'NONE', ( #214, #1251, #346, #227, #631, #10, #222, #1418, #151, #1666, #1584, #420, #534, #1435, #1081, #428, #199, #1430, #253, #486, #1178, #196, #559, #235, #482, #352, #48, #532, #1527, #67, #83, #978, #487, #750, #964, #567, #1781, #918, #1671, #1553, #1739, #730, #1715, #1826, #1258, #180, #1356, #271, #395, #625, #1861 ) ) ;
#284 = VERTEX_POINT ( 'NONE', #1276 ) ;
#285 = CARTESIAN_POINT ( 'NONE',  ( 16.78308550565125046, -3.713395635722908761, -68.34290910221875492 ) ) ;
#286 = VERTEX_POINT ( 'NONE', #500 ) ;
#287 = EDGE_CURVE ( 'NONE', #568, #132, #562, .T. ) ;
#288 = VERTEX_POINT ( 'NONE', #277 ) ;
#289 =( BOUNDED_CURVE ( )  B_SPLINE_CURVE ( 3, ( #1003, #700, #1894, #152 ),
 .UNSPECIFIED., .F., .T. ) 
 B_SPLINE_CURVE_WITH_KNOTS ( ( 4, 4 ),
 ( 4.249618201094490288, 4.275487225918937817 ),
 .UNSPECIFIED. ) 
 CURVE ( )  GEOMETRIC_REPRESENTATION_ITEM ( )  RATIONAL_B_SPLINE_CURVE ( ( 1.000000000000000000, 0.9999442335737100951, 0.9999442335737100951, 1.000000000000000000 ) ) 
 REPRESENTATION_ITEM ( '' )  );
#290 = CARTESIAN_POINT ( 'NONE',  ( 0.000000000000000000, -30.72252054933295184, 12.97494628489132573 ) ) ;
#291 = EDGE_CURVE ( 'NONE', #853, #1537, #899, .T. ) ;
#292 = DIRECTION ( 'NONE',  ( 1.000000000000000000, -0.000000000000000000, -0.000000000000000000 ) ) ;
#293 = EDGE_CURVE ( 'NONE', #1142, #481, #1609, .T. ) ;
#294 = DIRECTION ( 'NONE',  ( 0.000000000000000000, 0.000000000000000000, 1.000000000000000000 ) ) ;
#295 = ORIENTED_EDGE ( 'NONE', *, *, #1862, .F. ) ;
#296 = CARTESIAN_POINT ( 'NONE',  ( 33.87601965656267566, 0.002184363420006862986, 0.4144000000000093720 ) ) ;
#297 = ORIENTED_EDGE ( 'NONE', *, *, #876, .T. ) ;
#298 = ORIENTED_EDGE ( 'NONE', *, *, #1798, .F. ) ;
#299 = AXIS2_PLACEMENT_3D ( 'NONE', #1228, #54, #484 ) ;
#300 = EDGE_CURVE ( 'NONE', #689, #1333, #1465, .T. ) ;
#301 = CYLINDRICAL_SURFACE ( 'NONE', #1841, 1.782999999999999918 ) ;
#302 = CARTESIAN_POINT ( 'NONE',  ( 33.87601965656267566, 0.002184363420006862986, 0.4144000000000093720 ) ) ;
#303 = FACE_OUTER_BOUND ( 'NONE', #1002, .T. ) ;
#304 = FACE_OUTER_BOUND ( 'NONE', #1620, .T. ) ;
#305 = DIRECTION ( 'NONE',  ( 0.000000000000000000, 0.000000000000000000, 1.000000000000000000 ) ) ;
#306 = ORIENTED_EDGE ( 'NONE', *, *, #1468, .F. ) ;
#307 = ORIENTED_EDGE ( 'NONE', *, *, #1793, .F. ) ;
#308 = ORIENTED_EDGE ( 'NONE', *, *, #1906, .T. ) ;
#309 = FACE_OUTER_BOUND ( 'NONE', #198, .T. ) ;
#310 = B_SPLINE_CURVE_WITH_KNOTS ( 'NONE', 3,
 ( #528, #84, #1437, #1104, #1113, #1253 ),
 .UNSPECIFIED., .F., .F.,
 ( 4, 2, 4 ),
 ( 0.01955309770527277960, 0.05315225515738673800, 0.08675141260950067212 ),
 .UNSPECIFIED. ) ;
#311 = CARTESIAN_POINT ( 'NONE',  ( 18.96194041145093934, 33.09552031537847228, -4.112059709485179404 ) ) ;
#312 = CARTESIAN_POINT ( 'NONE',  ( 0.000000000000000000, -0.5262018566620054738, 14.10171419027142825 ) ) ;
#313 = DIRECTION ( 'NONE',  ( 0.000000000000000000, 0.000000000000000000, 1.000000000000000000 ) ) ;
#314 = ORIENTED_EDGE ( 'NONE', *, *, #359, .T. ) ;
#315 = CARTESIAN_POINT ( 'NONE',  ( 15.00000000000000000, -0.8290233122999925985, 16.01445898932000489 ) ) ;
#316 = ORIENTED_EDGE ( 'NONE', *, *, #1230, .T. ) ;
#317 = LOCAL_TIME ( 13, 23, 37.00000000000000000, #813 ) ;
#318 = EDGE_LOOP ( 'NONE', ( #1622, #1325, #898, #20 ) ) ;
#319 = CARTESIAN_POINT ( 'NONE',  ( 14.40088138565642595, 1.279304300484711754E-14, -106.6016531847279225 ) ) ;
#320 = EDGE_CURVE ( 'NONE', #681, #323, #1107, .T. ) ;
#321 = CARTESIAN_POINT ( 'NONE',  ( 33.87601965656267566, 0.000000000000000000, 0.000000000000000000 ) ) ;
#322 = DIRECTION ( 'NONE',  ( 0.000000000000000000, 0.6193651043864266681, -0.7851030935287357515 ) ) ;
#323 = VERTEX_POINT ( 'NONE', #1477 ) ;
#324 = ORIENTED_EDGE ( 'NONE', *, *, #1282, .T. ) ;
#325 = CARTESIAN_POINT ( 'NONE',  ( 0.000000000000000000, -29.59920525550583648, -15.36585657366476099 ) ) ;
#326 = ORIENTED_EDGE ( 'NONE', *, *, #1179, .T. ) ;
#327 = AXIS2_PLACEMENT_3D ( 'NONE', #1404, #647, #90 ) ;
#328 = DIRECTION ( 'NONE',  ( 0.000000000000000000, 0.000000000000000000, 1.000000000000000000 ) ) ;
#329 = CARTESIAN_POINT ( 'NONE',  ( 29.09877276435999249, 18.07003509438000677, -7.274282532339989338 ) ) ;
#330 = ORIENTED_EDGE ( 'NONE', *, *, #291, .F. ) ;
#331 = CARTESIAN_POINT ( 'NONE',  ( 0.000000000000000000, -39.08948809907367661, -85.93508246048216392 ) ) ;
#332 = VERTEX_POINT ( 'NONE', #550 ) ;
#333 = CARTESIAN_POINT ( 'NONE',  ( 14.59784511042462718, 8.565342581820917900, -103.4383706279582498 ) ) ;
#334 = ORIENTED_EDGE ( 'NONE', *, *, #973, .F. ) ;
#335 = EDGE_CURVE ( 'NONE', #798, #863, #143, .T. ) ;
#336 = VECTOR ( 'NONE', #1719, 1000.000000000000000 ) ;
#337 = FACE_OUTER_BOUND ( 'NONE', #8, .T. ) ;
#338 = EDGE_CURVE ( 'NONE', #332, #1378, #1821, .T. ) ;
#339 = CARTESIAN_POINT ( 'NONE',  ( 0.000000000000000000, -17.23445869079999326, -10.49697645901998833 ) ) ;
#340 = AXIS2_PLACEMENT_3D ( 'NONE', #1451, #556, #1153 ) ;
#341 = CONICAL_SURFACE ( 'NONE', #582, 33.35000000000000142, 1.508610996046928499 ) ;
#342 = DIRECTION ( 'NONE',  ( 0.000000000000000000, 0.000000000000000000, 1.000000000000000000 ) ) ;
#343 = ORIENTED_EDGE ( 'NONE', *, *, #1311, .T. ) ;
#344 = CARTESIAN_POINT ( 'NONE',  ( 24.00000000000000000, -123.5098182227954595, -4.895431806922982965 ) ) ;
#345 = ORIENTED_EDGE ( 'NONE', *, *, #95, .F. ) ;
#346 = ADVANCED_FACE ( 'NONE', ( #996 ), #1617, .F. ) ;
#347 = VECTOR ( 'NONE', #1238, 1000.000000000000227 ) ;
#348 = CARTESIAN_POINT ( 'NONE',  ( 18.35013005264310593, -41.09688725186839520, 13.34017064601472313 ) ) ;
#349 = CARTESIAN_POINT ( 'NONE',  ( 15.76119155743551836, -37.01278125778136996, -76.26439750268598061 ) ) ;
#350 = CARTESIAN_POINT ( 'NONE',  ( 17.39253026398180779, 35.19518541714629123, 46.81432626439352163 ) ) ;
#351 = B_SPLINE_CURVE_WITH_KNOTS ( 'NONE', 3,
 ( #503, #610, #64, #467 ),
 .UNSPECIFIED., .F., .F.,
 ( 4, 4 ),
 ( 2.132441948837929488E-07, 0.03572871935855341519 ),
 .UNSPECIFIED. ) ;
#352 = ADVANCED_FACE ( 'NONE', ( #560 ), #266, .F. ) ;
#353 = DIRECTION ( 'NONE',  ( 1.000000000000000000, -0.000000000000000000, -0.000000000000000000 ) ) ;
#354 = CARTESIAN_POINT ( 'NONE',  ( 0.000000000000000000, -0.8290233122999931537, 20.79745898932000614 ) ) ;
#355 = VERTEX_POINT ( 'NONE', #290 ) ;
#356 = DIRECTION ( 'NONE',  ( 1.000000000000000000, -0.000000000000000000, -0.000000000000000000 ) ) ;
#357 = ORIENTED_EDGE ( 'NONE', *, *, #1179, .F. ) ;
#358 = LINE ( 'NONE', #488, #115 ) ;
#359 = EDGE_CURVE ( 'NONE', #722, #323, #1303, .T. ) ;
#360 = CARTESIAN_POINT ( 'NONE',  ( 18.96194041145093934, 33.09552031537847228, -4.112059709485179404 ) ) ;
#361 = CARTESIAN_POINT ( 'NONE',  ( 15.80264354157038653, -70.70744303661007280, 47.20987726060451450 ) ) ;
#362 = CIRCLE ( 'NONE', #1035, 4.783000000000000362 ) ;
#363 = CARTESIAN_POINT ( 'NONE',  ( -67.74903311566335162, -13.14823056762078579, -89.25978351301496616 ) ) ;
#364 = CARTESIAN_POINT ( 'NONE',  ( 15.00000000000000000, 18.07003509438000677, -4.274282532339988450 ) ) ;
#365 = EDGE_LOOP ( 'NONE', ( #780, #1322, #643, #171 ) ) ;
#366 = VECTOR ( 'NONE', #255, 1000.000000000000227 ) ;
#367 = FACE_OUTER_BOUND ( 'NONE', #1589, .T. ) ;
#368 = PERSON_AND_ORGANIZATION_ROLE ( 'creator' ) ;
#369 = EDGE_CURVE ( 'NONE', #28, #905, #418, .T. ) ;
#370 = CARTESIAN_POINT ( 'NONE',  ( 15.10162009010482898, -46.64665788287218362, 83.15804029470122316 ) ) ;
#371 = CARTESIAN_POINT ( 'NONE',  ( 0.000000000000000000, 2.846126253048166799, 33.22833226858836042 ) ) ;
#372 = DIRECTION ( 'NONE',  ( 0.000000000000000000, -0.3464410202558156349, 0.9380717560422068280 ) ) ;
#373 = DIRECTION ( 'NONE',  ( -1.000000000000000000, -0.000000000000000000, -0.000000000000000000 ) ) ;
#374 = ORIENTED_EDGE ( 'NONE', *, *, #1596, .T. ) ;
#375 = CC_DESIGN_APPROVAL ( #1858, ( #1336 ) ) ;
#376 = DIRECTION ( 'NONE',  ( 1.000000000000000000, -0.000000000000000000, -0.000000000000000000 ) ) ;
#377 = APPROVAL_ROLE ( '' ) ;
#378 = CARTESIAN_POINT ( 'NONE',  ( 15.46681566459548307, -86.70124933420856905, 23.21326058886933552 ) ) ;
#379 = PLANE ( 'NONE',  #47 ) ;
#380 = EDGE_CURVE ( 'NONE', #987, #1264, #1870, .T. ) ;
#381 = CARTESIAN_POINT ( 'NONE',  ( 0.000000000000000000, 102.7990045341148999, -68.63676213807902116 ) ) ;
#382 = CARTESIAN_POINT ( 'NONE',  ( 15.30449232300586893, -89.04840816726954245, -24.33537645810694272 ) ) ;
#383 = ORIENTED_EDGE ( 'NONE', *, *, #1714, .T. ) ;
#384 = CARTESIAN_POINT ( 'NONE',  ( 15.00000000000000000, -17.23445869079999326, -12.27997645901998780 ) ) ;
#385 = DIRECTION ( 'NONE',  ( 1.000000000000000000, -0.000000000000000000, -0.000000000000000000 ) ) ;
#386 = VECTOR ( 'NONE', #1363, 1000.000000000000000 ) ;
#387 = APPLICATION_CONTEXT ( 'configuration controlled 3d designs of mechanical parts and assemblies' ) ;
#388 = CARTESIAN_POINT ( 'NONE',  ( 29.09877276435999249, -17.23445869079999326, -8.713976459019988852 ) ) ;
#389 = ORIENTED_EDGE ( 'NONE', *, *, #1570, .T. ) ;
#390 = APPROVAL_STATUS ( 'not_yet_approved' ) ;
#391 = EDGE_CURVE ( 'NONE', #1623, #611, #1320, .T. ) ;
#392 = CARTESIAN_POINT ( 'NONE',  ( 17.71507594094131832, 49.51056769283969317, 20.00875003013310405 ) ) ;
#393 = FACE_OUTER_BOUND ( 'NONE', #1810, .T. ) ;
#394 = PLANE ( 'NONE',  #1476 ) ;
#395 = ADVANCED_FACE ( 'NONE', ( #309 ), #1782, .F. ) ;
#396 = CARTESIAN_POINT ( 'NONE',  ( 33.87601965656267566, -0.8290233122999931537, 20.79745898932000614 ) ) ;
#397 = ORIENTED_EDGE ( 'NONE', *, *, #1019, .T. ) ;
#398 = AXIS2_PLACEMENT_3D ( 'NONE', #1396, #71, #1827 ) ;
#399 = EDGE_LOOP ( 'NONE', ( #1492, #334, #900, #1004, #1769, #1198, #324, #1240, #1154, #1144, #1016, #1878, #455, #1136, #751, #1388, #1482, #1776, #768, #116, #748 ) ) ;
#400 = CARTESIAN_POINT ( 'NONE',  ( -67.74903311566335162, -89.86846202267736317, 7.990272431413314891 ) ) ;
#401 = CC_DESIGN_SECURITY_CLASSIFICATION ( #1336, ( #825 ) ) ;
#402 = APPROVAL ( #1771, 'æœª' ) ;
#403 = PLANE ( 'NONE',  #1801 ) ;
#404 = CARTESIAN_POINT ( 'NONE',  ( 33.87601965656267566, 0.002184363420006862986, -12.22759999999999003 ) ) ;
#405 = ORIENTED_EDGE ( 'NONE', *, *, #1714, .F. ) ;
#406 = DIRECTION ( 'NONE',  ( 0.9975640502598241977, 0.06970174415024528447, 0.002762696441633950145 ) ) ;
#407 = VERTEX_POINT ( 'NONE', #1624 ) ;
#408 = ORIENTED_EDGE ( 'NONE', *, *, #893, .T. ) ;
#409 = CARTESIAN_POINT ( 'NONE',  ( 15.10162009010482898, -11.14113073673036780, -94.69448538961472650 ) ) ;
#410 = EDGE_CURVE ( 'NONE', #798, #701, #1813, .T. ) ;
#411 = CARTESIAN_POINT ( 'NONE',  ( 18.06883491371043604, 2.105716419912549320, -47.69347896132848774 ) ) ;
#412 = DIRECTION ( 'NONE',  ( -1.000000000000000000, -0.000000000000000000, -0.000000000000000000 ) ) ;
#413 = DIRECTION ( 'NONE',  ( 0.000000000000000000, -0.2688763520522658990, -0.9631747023811755293 ) ) ;
#414 = ORIENTED_EDGE ( 'NONE', *, *, #698, .F. ) ;
#415 = DIRECTION ( 'NONE',  ( 0.000000000000000000, 0.000000000000000000, 1.000000000000000000 ) ) ;
#416 = ORIENTED_EDGE ( 'NONE', *, *, #880, .F. ) ;
#417 = EDGE_LOOP ( 'NONE', ( #1459, #1164, #1299, #866 ) ) ;
#418 = LINE ( 'NONE', #1603, #366 ) ;
#420 = ADVANCED_FACE ( 'NONE', ( #448 ), #301, .F. ) ;
#419 = CARTESIAN_POINT ( 'NONE',  ( -63.58569736464110633, 19.62311235447435820, 0.7777811493300750278 ) ) ;
#421 = CARTESIAN_POINT ( 'NONE',  ( 0.000000000000000000, -42.82246512305700747, 115.9520458240766629 ) ) ;
#422 = CARTESIAN_POINT ( 'NONE',  ( 13.34204564977640928, -123.5098182227954595, -4.895431806922982965 ) ) ;
#423 = EDGE_LOOP ( 'NONE', ( #1807, #187 ) ) ;
#424 = DIRECTION ( 'NONE',  ( -0.000000000000000000, -0.3486143472450173308, 0.9372662572049260676 ) ) ;
#425 = ORIENTED_EDGE ( 'NONE', *, *, #612, .F. ) ;
#426 = EDGE_LOOP ( 'NONE', ( #1747, #414, #1642, #297 ) ) ;
#427 = EDGE_CURVE ( 'NONE', #201, #172, #1337, .T. ) ;
#428 = ADVANCED_FACE ( 'NONE', ( #13 ), #1, .F. ) ;
#429 = VECTOR ( 'NONE', #406, 1000.000000000000227 ) ;
#430 = AXIS2_PLACEMENT_3D ( 'NONE', #518, #1707, #668 ) ;
#431 = CARTESIAN_POINT ( 'NONE',  ( 13.34204564977641105, 97.04407929468926852, 76.55773719128765720 ) ) ;
#432 = CARTESIAN_POINT ( 'NONE',  ( 18.96194041145093934, -24.35783031904117379, 22.77978494518328390 ) ) ;
#433 = DIRECTION ( 'NONE',  ( 0.000000000000000000, 0.000000000000000000, 1.000000000000000000 ) ) ;
#434 = AXIS2_PLACEMENT_3D ( 'NONE', #363, #1387, #509 ) ;
#435 = ORIENTED_EDGE ( 'NONE', *, *, #1123, .T. ) ;
#436 = EDGE_CURVE ( 'NONE', #121, #617, #881, .T. ) ;
#437 = CARTESIAN_POINT ( 'NONE',  ( 18.35023982733022763, 3.611478589933026027E-16, 43.17405156072293693 ) ) ;
#438 = ORIENTED_EDGE ( 'NONE', *, *, #1805, .F. ) ;
#439 = ORIENTED_EDGE ( 'NONE', *, *, #1376, .T. ) ;
#440 = DIRECTION ( 'NONE',  ( 0.000000000000000000, 0.000000000000000000, -1.000000000000000000 ) ) ;
#441 = FACE_OUTER_BOUND ( 'NONE', #234, .T. ) ;
#442 = CARTESIAN_POINT ( 'NONE',  ( 60.00000000000000000, 4.084197075156423344E-15, -33.35000000000000142 ) ) ;
#443 = CARTESIAN_POINT ( 'NONE',  ( 0.000000000000000000, -0.8290233122999925985, 16.01445898932000489 ) ) ;
#444 = FACE_OUTER_BOUND ( 'NONE', #1013, .T. ) ;
#445 = ORIENTED_EDGE ( 'NONE', *, *, #1464, .T. ) ;
#446 = ORIENTED_EDGE ( 'NONE', *, *, #287, .T. ) ;
#447 = AXIS2_PLACEMENT_3D ( 'NONE', #789, #1083, #774 ) ;
#448 = FACE_OUTER_BOUND ( 'NONE', #163, .T. ) ;
#449 = DIRECTION ( 'NONE',  ( 0.000000000000000000, 0.000000000000000000, 1.000000000000000000 ) ) ;
#450 = LINE ( 'NONE', #312, #761 ) ;
#451 = PLANE ( 'NONE',  #1543 ) ;
#452 = FACE_OUTER_BOUND ( 'NONE', #599, .T. ) ;
#453 = VECTOR ( 'NONE', #1189, 1000.000000000000114 ) ;
#454 = ORIENTED_EDGE ( 'NONE', *, *, #282, .F. ) ;
#455 = ORIENTED_EDGE ( 'NONE', *, *, #391, .T. ) ;
#456 = ORIENTED_EDGE ( 'NONE', *, *, #671, .T. ) ;
#457 = EDGE_CURVE ( 'NONE', #284, #1521, #155, .T. ) ;
#458 = DIRECTION ( 'NONE',  ( -1.000000000000000000, -0.000000000000000000, -0.000000000000000000 ) ) ;
#459 = LINE ( 'NONE', #613, #1856 ) ;
#460 = CARTESIAN_POINT ( 'NONE',  ( 15.75898793519774088, 29.18491306414953357, -79.85060161432143389 ) ) ;
#461 = DIRECTION ( 'NONE',  ( 0.000000000000000000, 0.000000000000000000, 1.000000000000000000 ) ) ;
#462 = CIRCLE ( 'NONE', #43, 33.35000000000000142 ) ;
#463 = CARTESIAN_POINT ( 'NONE',  ( 15.00000000000000000, -0.8290233122999931537, 19.01445898932000489 ) ) ;
#464 = ORIENTED_EDGE ( 'NONE', *, *, #1793, .T. ) ;
#465 = ORIENTED_EDGE ( 'NONE', *, *, #1210, .F. ) ;
#466 = AXIS2_PLACEMENT_3D ( 'NONE', #705, #1455, #2 ) ;
#467 = CARTESIAN_POINT ( 'NONE',  ( 14.40088138565642595, 1.279304300484711754E-14, -106.6016531847279225 ) ) ;
#468 = EDGE_LOOP ( 'NONE', ( #1616, #1640 ) ) ;
#469 = DIRECTION ( 'NONE',  ( 0.000000000000000000, -0.2688763520522658990, -0.9631747023811755293 ) ) ;
#470 = CARTESIAN_POINT ( 'NONE',  ( 0.000000000000000000, -0.8290233122999931537, 20.79745898932000614 ) ) ;
#471 = LINE ( 'NONE', #927, #1434 ) ;
#472 = CARTESIAN_POINT ( 'NONE',  ( 15.39711203672736772, 1.013275186796693671E-14, -90.60196062834133102 ) ) ;
#473 = ORIENTED_EDGE ( 'NONE', *, *, #359, .F. ) ;
#474 = CARTESIAN_POINT ( 'NONE',  ( 14.67115292270181115, -69.71471674325528056, 75.67484436349657528 ) ) ;
#475 = VERTEX_POINT ( 'NONE', #775 ) ;
#476 = AXIS2_PLACEMENT_3D ( 'NONE', #1139, #706, #104 ) ;
#477 = CIRCLE ( 'NONE', #971, 5.547999999999997378 ) ;
#478 = DIRECTION ( 'NONE',  ( -0.06975647374412551061, 0.9967813806033780644, 0.03950839978041260220 ) ) ;
#479 =( BOUNDED_CURVE ( )  B_SPLINE_CURVE ( 3, ( #1332, #1461, #1172, #569 ),
 .UNSPECIFIED., .F., .T. ) 
 B_SPLINE_CURVE_WITH_KNOTS ( ( 4, 4 ),
 ( 2.007698081260648415, 2.033567106085095499 ),
 .UNSPECIFIED. ) 
 CURVE ( )  GEOMETRIC_REPRESENTATION_ITEM ( )  RATIONAL_B_SPLINE_CURVE ( ( 1.000000000000000000, 0.9999442335737100951, 0.9999442335737100951, 1.000000000000000000 ) ) 
 REPRESENTATION_ITEM ( '' )  );
#480 = CARTESIAN_POINT ( 'NONE',  ( 0.000000000000000000, 13.24892185540928580, 4.858117039277191296 ) ) ;
#481 = VERTEX_POINT ( 'NONE', #184 ) ;
#482 = ADVANCED_FACE ( 'NONE', ( #1042 ), #451, .F. ) ;
#483 = VERTEX_POINT ( 'NONE', #1055 ) ;
#484 = DIRECTION ( 'NONE',  ( 0.000000000000000000, 0.000000000000000000, 1.000000000000000000 ) ) ;
#485 = ORIENTED_EDGE ( 'NONE', *, *, #1449, .T. ) ;
#486 = ADVANCED_FACE ( 'NONE', ( #1214 ), #1794, .F. ) ;
#487 = ADVANCED_FACE ( 'NONE', ( #594 ), #1370, .F. ) ;
#488 = CARTESIAN_POINT ( 'NONE',  ( 0.000000000000000000, -65.88150947821706893, -51.97369406826451410 ) ) ;
#489 = CARTESIAN_POINT ( 'NONE',  ( 18.66337384282772760, 18.34967191516193807, 33.52793971836256048 ) ) ;
#490 = CYLINDRICAL_SURFACE ( 'NONE', #398, 33.35000000000000142 ) ;
#491 = AXIS2_PLACEMENT_3D ( 'NONE', #1186, #864, #1289 ) ;
#492 = FACE_OUTER_BOUND ( 'NONE', #399, .T. ) ;
#493 = EDGE_LOOP ( 'NONE', ( #1547, #1484, #1005, #548 ) ) ;
#494 = CARTESIAN_POINT ( 'NONE',  ( 0.000000000000000000, 0.000000000000000000, 0.000000000000000000 ) ) ;
#495 = ORIENTED_EDGE ( 'NONE', *, *, #1867, .T. ) ;
#496 = LOCAL_TIME ( 13, 23, 37.00000000000000000, #1403 ) ;
#497 = CARTESIAN_POINT ( 'NONE',  ( 15.00000000000000000, 0.8333920401600068972, -22.51665899033998741 ) ) ;
#498 = DIRECTION ( 'NONE',  ( -1.000000000000000000, 0.000000000000000000, 0.000000000000000000 ) ) ;
#499 = CALENDAR_DATE ( 2026, 27, 3 ) ;
#500 = CARTESIAN_POINT ( 'NONE',  ( 33.87601965656267566, 0.000000000000000000, 33.35000000000000142 ) ) ;
#501 = DIRECTION ( 'NONE',  ( 1.000000000000000000, 0.000000000000000000, 0.000000000000000000 ) ) ;
#502 = CARTESIAN_POINT ( 'NONE',  ( 18.96194041145093934, 0.000000000000000000, 0.000000000000000000 ) ) ;
#503 = CARTESIAN_POINT ( 'NONE',  ( 13.34204564977641105, -33.51080048295173697, -118.9775890703623702 ) ) ;
#504 = ORIENTED_EDGE ( 'NONE', *, *, #1019, .F. ) ;
#505 = DIRECTION ( 'NONE',  ( -1.000000000000000000, 0.000000000000000000, 0.000000000000000000 ) ) ;
#506 = CALENDAR_DATE ( 2026, 27, 3 ) ;
#507 = DIRECTION ( 'NONE',  ( 0.000000000000000000, 0.8329462148605645266, -0.5533539582848021610 ) ) ;
#508 = VECTOR ( 'NONE', #885, 1000.000000000000000 ) ;
#509 = DIRECTION ( 'NONE',  ( 0.000000000000000000, 0.9380717560422086043, 0.3464410202558107499 ) ) ;
#510 = CARTESIAN_POINT ( 'NONE',  ( 15.76119143498603670, -82.78508991032165909, -18.24372559877004463 ) ) ;
#511 = CARTESIAN_POINT ( 'NONE',  ( 15.30449245555806392, 83.49032200739584653, 39.38521724645179489 ) ) ;
#512 = ORIENTED_EDGE ( 'NONE', *, *, #1122, .T. ) ;
#513 = ORIENTED_EDGE ( 'NONE', *, *, #1768, .T. ) ;
#514 = AXIS2_PLACEMENT_3D ( 'NONE', #23, #458, #583 ) ;
#515 = EDGE_CURVE ( 'NONE', #823, #286, #947, .T. ) ;
#516 = CARTESIAN_POINT ( 'NONE',  ( 29.09877276435999249, -17.23445869079999326, -10.49697645901998833 ) ) ;
#517 = APPROVAL_DATE_TIME ( #791, #1858 ) ;
#518 = CARTESIAN_POINT ( 'NONE',  ( 0.000000000000000000, 0.000000000000000000, 0.000000000000000000 ) ) ;
#519 = LINE ( 'NONE', #1554, #192 ) ;
#520 = VECTOR ( 'NONE', #505, 1000.000000000000000 ) ;
#521 = LINE ( 'NONE', #381, #175 ) ;
#522 = VECTOR ( 'NONE', #904, 1000.000000000000227 ) ;
#523 = CARTESIAN_POINT ( 'NONE',  ( 0.000000000000000000, 18.07003509438000677, -9.057282532339989700 ) ) ;
#524 = ORIENTED_EDGE ( 'NONE', *, *, #972, .T. ) ;
#525 = VECTOR ( 'NONE', #1108, 1000.000000000000000 ) ;
#526 = CIRCLE ( 'NONE', #858, 2.547999999999998266 ) ;
#527 = AXIS2_PLACEMENT_3D ( 'NONE', #1536, #62, #85 ) ;
#528 = CARTESIAN_POINT ( 'NONE',  ( 15.53992380019020381, 1.566380731266569718E-15, 88.30837097981513750 ) ) ;
#529 = CARTESIAN_POINT ( 'NONE',  ( 18.96194041145093934, 3.704662665424126367, 33.14359628247080991 ) ) ;
#530 = DIRECTION ( 'NONE',  ( -1.000000000000000000, 0.000000000000000000, 0.000000000000000000 ) ) ;
#531 = ORIENTED_EDGE ( 'NONE', *, *, #282, .T. ) ;
#532 = ADVANCED_FACE ( 'NONE', ( #1499 ), #1192, .F. ) ;
#533 = COORDINATED_UNIVERSAL_TIME_OFFSET ( 8, 0, .AHEAD. ) ;
#534 = ADVANCED_FACE ( 'NONE', ( #304 ), #626, .F. ) ;
#535 = CARTESIAN_POINT ( 'NONE',  ( 14.82468121309187836, 32.35165860588866593, 94.77877208870435766 ) ) ;
#536 = DIRECTION ( 'NONE',  ( 1.000000000000000000, -0.000000000000000000, -0.000000000000000000 ) ) ;
#537 = CARTESIAN_POINT ( 'NONE',  ( 0.000000000000000000, 102.7990045341148999, -68.63676213807902116 ) ) ;
#538 = EDGE_CURVE ( 'NONE', #994, #1091, #1697, .T. ) ;
#539 = CARTESIAN_POINT ( 'NONE',  ( 15.46681588806495355, -48.86928866803193472, -75.28448799189544616 ) ) ;
#540 = EDGE_LOOP ( 'NONE', ( #1512, #343, #1257, #939, #1296, #831, #691, #1503, #985, #133, #739, #1023, #1757, #936, #803, #1800 ) ) ;
#541 = CARTESIAN_POINT ( 'NONE',  ( 15.31211569208115364, -3.713383822165221559, -91.96702140146065574 ) ) ;
#542 = PLANE ( 'NONE',  #129 ) ;
#543 = CARTESIAN_POINT ( 'NONE',  ( 15.00000000000000000, 18.07003509438000677, -13.84028253233999095 ) ) ;
#544 = VERTEX_POINT ( 'NONE', #737 ) ;
#545 = DIRECTION ( 'NONE',  ( -1.000000000000000000, 0.000000000000000000, 0.000000000000000000 ) ) ;
#546 = EDGE_LOOP ( 'NONE', ( #73, #513, #580 ) ) ;
#547 = AXIS2_PLACEMENT_3D ( 'NONE', #229, #536, #1576 ) ;
#548 = ORIENTED_EDGE ( 'NONE', *, *, #1518, .F. ) ;
#549 = EDGE_CURVE ( 'NONE', #1592, #154, #1611, .T. ) ;
#550 = CARTESIAN_POINT ( 'NONE',  ( 13.34204564977641105, 97.04407929468926852, 76.55773719128765720 ) ) ;
#551 = AXIS2_PLACEMENT_3D ( 'NONE', #753, #24, #449 ) ;
#552 = CARTESIAN_POINT ( 'NONE',  ( -67.74903311566335162, -20.17168136047743587, 87.93911638708324574 ) ) ;
#553 = CYLINDRICAL_SURFACE ( 'NONE', #476, 1.782999999999999918 ) ;
#554 = CARTESIAN_POINT ( 'NONE',  ( 29.09877276435999249, 0.8333920401600068972, -19.96865899033998915 ) ) ;
#555 = EDGE_LOOP ( 'NONE', ( #1902, #1877 ) ) ;
#556 = DIRECTION ( 'NONE',  ( 1.000000000000000000, 0.000000000000000000, 0.000000000000000000 ) ) ;
#557 = VERTEX_POINT ( 'NONE', #26 ) ;
#558 = ORIENTED_EDGE ( 'NONE', *, *, #574, .F. ) ;
#559 = ADVANCED_FACE ( 'NONE', ( #337 ), #1803, .F. ) ;
#560 = FACE_OUTER_BOUND ( 'NONE', #417, .T. ) ;
#561 = DIRECTION ( 'NONE',  ( 0.000000000000000000, 0.000000000000000000, -1.000000000000000000 ) ) ;
#562 = CIRCLE ( 'NONE', #1655, 4.783000000000000362 ) ;
#563 = FACE_BOUND ( 'NONE', #468, .T. ) ;
#564 = CC_DESIGN_PERSON_AND_ORGANIZATION_ASSIGNMENT ( #1863, #368, ( #1637 ) ) ;
#565 = CARTESIAN_POINT ( 'NONE',  ( 15.10162009010483075, -94.68667750894636015, 11.20729492846787778 ) ) ;
#566 = VECTOR ( 'NONE', #1353, 1000.000000000000000 ) ;
#567 = ADVANCED_FACE ( 'NONE', ( #1073, #1384, #884, #1489, #1667, #1636, #194, #59, #637, #168 ), #1814, .F. ) ;
#568 = VERTEX_POINT ( 'NONE', #16 ) ;
#569 = CARTESIAN_POINT ( 'NONE',  ( 18.96194041145093934, 14.13787939723382436, 30.20501392400393925 ) ) ;
#570 = ORIENTED_EDGE ( 'NONE', *, *, #1665, .F. ) ;
#571 = ORIENTED_EDGE ( 'NONE', *, *, #880, .T. ) ;
#572 = CARTESIAN_POINT ( 'NONE',  ( 16.41867199493430363, 52.17263931841233671, -52.81401547866920509 ) ) ;
#573 = CARTESIAN_POINT ( 'NONE',  ( 15.10162009010482898, -46.64665788287218362, 83.15804029470122316 ) ) ;
#574 = EDGE_CURVE ( 'NONE', #218, #1473, #92, .T. ) ;
#575 = CARTESIAN_POINT ( 'NONE',  ( 15.00000000000000000, 0.8333920401600068972, -19.96865899033998915 ) ) ;
#576 = DIRECTION ( 'NONE',  ( 1.000000000000000000, 0.000000000000000000, 0.000000000000000000 ) ) ;
#577 = ORIENTED_EDGE ( 'NONE', *, *, #972, .F. ) ;
#578 = LINE ( 'NONE', #1727, #429 ) ;
#579 = ORIENTED_EDGE ( 'NONE', *, *, #1854, .T. ) ;
#580 = ORIENTED_EDGE ( 'NONE', *, *, #1839, .T. ) ;
#581 = AXIS2_PLACEMENT_3D ( 'NONE', #122, #832, #842 ) ;
#582 = AXIS2_PLACEMENT_3D ( 'NONE', #1775, #270, #305 ) ;
#583 = DIRECTION ( 'NONE',  ( 0.000000000000000000, 0.000000000000000000, 1.000000000000000000 ) ) ;
#584 = FACE_BOUND ( 'NONE', #1580, .T. ) ;
#585 = CARTESIAN_POINT ( 'NONE',  ( 0.000000000000000000, 0.8333920401600068972, -19.96865899033998915 ) ) ;
#586 = ORIENTED_EDGE ( 'NONE', *, *, #1822, .F. ) ;
#587 = DIRECTION ( 'NONE',  ( 0.04093637269129433293, -0.6170260803619788126, 0.7858772356698039419 ) ) ;
#588 = VERTEX_POINT ( 'NONE', #1859 ) ;
#589 = ORIENTED_EDGE ( 'NONE', *, *, #1383, .F. ) ;
#590 = CARTESIAN_POINT ( 'NONE',  ( 29.09877276435999249, -0.8290233122999931537, 20.79745898932000614 ) ) ;
#591 = CARTESIAN_POINT ( 'NONE',  ( 17.71507412906125722, 30.98391159158801855, 43.49306517276095718 ) ) ;
#592 = EDGE_CURVE ( 'NONE', #544, #1400, #810, .T. ) ;
#593 = CARTESIAN_POINT ( 'NONE',  ( 15.39711203672736772, 1.013275186796693671E-14, -90.60196062834133102 ) ) ;
#594 = FACE_OUTER_BOUND ( 'NONE', #1893, .T. ) ;
#595 = CARTESIAN_POINT ( 'NONE',  ( 14.56967281956872817, 2.487487198311807911E-15, 103.8908240751785144 ) ) ;
#596 = DIRECTION ( 'NONE',  ( -1.000000000000000000, 0.000000000000000000, 0.000000000000000000 ) ) ;
#597 = VERTEX_POINT ( 'NONE', #106 ) ;
#598 = ORIENTED_EDGE ( 'NONE', *, *, #1498, .T. ) ;
#599 = EDGE_LOOP ( 'NONE', ( #723, #456, #261, #208 ) ) ;
#600 = CIRCLE ( 'NONE', #447, 33.35000000000000142 ) ;
#601 = CC_DESIGN_PERSON_AND_ORGANIZATION_ASSIGNMENT ( #1559, #1713, ( #825 ) ) ;
#602 = CARTESIAN_POINT ( 'NONE',  ( 15.00000000000000000, 0.8333920401600075634, -25.51665899033998741 ) ) ;
#603 = FACE_OUTER_BOUND ( 'NONE', #426, .T. ) ;
#604 = CARTESIAN_POINT ( 'NONE',  ( 33.87601965656267566, 0.000000000000000000, 0.000000000000000000 ) ) ;
#605 = DIRECTION ( 'NONE',  ( 0.000000000000000000, 0.3442658321235623209, -0.9388722153905031398 ) ) ;
#606 = CARTESIAN_POINT ( 'NONE',  ( 0.000000000000000000, 5.467140578897114800, -32.89882784979696595 ) ) ;
#607 = VECTOR ( 'NONE', #1454, 999.9999999999998863 ) ;
#608 = VERTEX_POINT ( 'NONE', #543 ) ;
#609 = ORIENTED_EDGE ( 'NONE', *, *, #1852, .T. ) ;
#610 = CARTESIAN_POINT ( 'NONE',  ( 13.77783565817599154, -22.34097515952761981, -114.8524401612290404 ) ) ;
#611 = VERTEX_POINT ( 'NONE', #688 ) ;
#612 = EDGE_CURVE ( 'NONE', #987, #1754, #1367, .T. ) ;
#613 = CARTESIAN_POINT ( 'NONE',  ( 15.00000000000000000, 0.8333920401600068972, -14.42065899033999266 ) ) ;
#614 = CARTESIAN_POINT ( 'NONE',  ( -63.58569736464109212, 6.803589030383675684, -18.42234128166721874 ) ) ;
#615 = DIRECTION ( 'NONE',  ( 1.000000000000000000, -0.000000000000000000, -0.000000000000000000 ) ) ;
#616 = CARTESIAN_POINT ( 'NONE',  ( 60.00000000000000000, 0.000000000000000000, 0.000000000000000000 ) ) ;
#617 = VERTEX_POINT ( 'NONE', #1439 ) ;
#618 = APPROVAL_PERSON_ORGANIZATION ( #1190, #402, #193 ) ;
#619 = VECTOR ( 'NONE', #1127, 999.9999999999998863 ) ;
#620 = CARTESIAN_POINT ( 'NONE',  ( 14.15643650935940556, -110.0610071851104692, 15.24719065624278969 ) ) ;
#621 = ORIENTED_EDGE ( 'NONE', *, *, #849, .T. ) ;
#622 = EDGE_CURVE ( 'NONE', #1895, #949, #1853, .T. ) ;
#623 = B_SPLINE_CURVE_WITH_KNOTS ( 'NONE', 3,
 ( #1380, #1676, #348, #1184, #1774, #236, #1330, #1481 ),
 .UNSPECIFIED., .F., .F.,
 ( 4, 2, 2, 4 ),
 ( 3.599286932603942141E-06, 0.01612274100167944424, 0.03224188271642628584, 0.06448016614591997597 ),
 .UNSPECIFIED. ) ;
#624 = APPLICATION_PROTOCOL_DEFINITION ( 'international standard', 'config_control_design', 1994, #1706 ) ;
#625 = ADVANCED_FACE ( 'NONE', ( #1141, #830 ), #1272, .T. ) ;
#626 = CYLINDRICAL_SURFACE ( 'NONE', #1789, 2.547999999999998266 ) ;
#627 = CARTESIAN_POINT ( 'NONE',  ( 18.96194041145093934, -30.37662949585728711, 13.76527807461270037 ) ) ;
#628 = ORIENTED_EDGE ( 'NONE', *, *, #1318, .T. ) ;
#629 = EDGE_LOOP ( 'NONE', ( #878, #769, #1046, #114 ) ) ;
#630 = EDGE_CURVE ( 'NONE', #1248, #45, #462, .T. ) ;
#631 = ADVANCED_FACE ( 'NONE', ( #1119 ), #1710, .F. ) ;
#632 = CARTESIAN_POINT ( 'NONE',  ( 29.09877276435999249, 0.002184363420006862986, 0.4144000000000093720 ) ) ;
#633 = ORIENTED_EDGE ( 'NONE', *, *, #1028, .F. ) ;
#634 = CIRCLE ( 'NONE', #1804, 4.783000000000002139 ) ;
#635 = LINE ( 'NONE', #1684, #686 ) ;
#636 =( NAMED_UNIT ( * ) PLANE_ANGLE_UNIT ( ) SI_UNIT ( $, .RADIAN. ) );
#637 = FACE_BOUND ( 'NONE', #833, .T. ) ;
#638 = EDGE_CURVE ( 'NONE', #1264, #1373, #1092, .T. ) ;
#639 = DIRECTION ( 'NONE',  ( 0.000000000000000000, 0.000000000000000000, 1.000000000000000000 ) ) ;
#640 = DIRECTION ( 'NONE',  ( -0.9991605896740407555, 0.000000000000000000, -0.04096481468556902733 ) ) ;
#641 = VERTEX_POINT ( 'NONE', #404 ) ;
#642 = FACE_OUTER_BOUND ( 'NONE', #1207, .T. ) ;
#643 = ORIENTED_EDGE ( 'NONE', *, *, #1518, .T. ) ;
#644 = CYLINDRICAL_SURFACE ( 'NONE', #1772, 4.783000000000000362 ) ;
#645 = LINE ( 'NONE', #1824, #520 ) ;
#646 = DATE_TIME_ROLE ( 'creation_date' ) ;
#647 = DIRECTION ( 'NONE',  ( -1.000000000000000000, 0.000000000000000000, 0.000000000000000000 ) ) ;
#648 = CARTESIAN_POINT ( 'NONE',  ( 12.68094636794359431, 32.60830085921408994, 7.000280023370970994 ) ) ;
#649 = VECTOR ( 'NONE', #615, 1000.000000000000000 ) ;
#650 = DIRECTION ( 'NONE',  ( 0.000000000000000000, 0.000000000000000000, 1.000000000000000000 ) ) ;
#651 = VERTEX_POINT ( 'NONE', #984 ) ;
#652 = CARTESIAN_POINT ( 'NONE',  ( 13.34204564977641105, -42.82246512305700747, 115.9520458240766629 ) ) ;
#653 = ORIENTED_EDGE ( 'NONE', *, *, #819, .T. ) ;
#654 = VECTOR ( 'NONE', #1749, 999.9999999999998863 ) ;
#655 = CARTESIAN_POINT ( 'NONE',  ( 18.96194041145093934, -22.47845215752634473, -24.63618656776651505 ) ) ;
#656 = APPROVAL_ROLE ( '' ) ;
#657 = CARTESIAN_POINT ( 'NONE',  ( 15.00000000000000000, -17.23445869079999326, -10.49697645901998833 ) ) ;
#658 = CARTESIAN_POINT ( 'NONE',  ( 14.15626171034167946, -108.5124787712899206, -23.90595970830017691 ) ) ;
#659 = CARTESIAN_POINT ( 'NONE',  ( 16.41867151674778214, -72.06745175623154864, -17.82100005224305406 ) ) ;
#660 = CARTESIAN_POINT ( 'NONE',  ( 15.68727385336526226, -57.81206696933086420, -63.97357147949256273 ) ) ;
#661 = EDGE_LOOP ( 'NONE', ( #851, #275 ) ) ;
#662 = EDGE_CURVE ( 'NONE', #153, #1817, #35, .T. ) ;
#663 = LINE ( 'NONE', #1277, #276 ) ;
#664 = CARTESIAN_POINT ( 'NONE',  ( 15.00000000000000000, -17.23445869079999326, -5.713976459019987963 ) ) ;
#665 = CARTESIAN_POINT ( 'NONE',  ( 17.71507412743480003, -50.63109334252937543, -16.97474257142553000 ) ) ;
#666 = CARTESIAN_POINT ( 'NONE',  ( 18.96194041145093934, 33.09552031537847228, -4.112059709485179404 ) ) ;
#667 = ORIENTED_EDGE ( 'NONE', *, *, #1261, .T. ) ;
#668 = DIRECTION ( 'NONE',  ( 0.000000000000000000, 0.000000000000000000, 1.000000000000000000 ) ) ;
#669 = FACE_OUTER_BOUND ( 'NONE', #1663, .T. ) ;
#670 = CIRCLE ( 'NONE', #491, 2.547999999999998266 ) ;
#671 = EDGE_CURVE ( 'NONE', #1069, #254, #1409, .T. ) ;
#672 = AXIS2_PLACEMENT_3D ( 'NONE', #339, #1351, #1679 ) ;
#673 = DIRECTION ( 'NONE',  ( 0.000000000000000000, 0.000000000000000000, -1.000000000000000000 ) ) ;
#674 = ORIENTED_EDGE ( 'NONE', *, *, #1475, .T. ) ;
#675 = EDGE_CURVE ( 'NONE', #332, #1440, #1694, .T. ) ;
#676 = EDGE_CURVE ( 'NONE', #1373, #1075, #1346, .T. ) ;
#677 = CYLINDRICAL_SURFACE ( 'NONE', #1792, 12.64199999999999946 ) ;
#678 = LINE ( 'NONE', #1278, #56 ) ;
#679 = EDGE_CURVE ( 'NONE', #323, #681, #814, .T. ) ;
#680 = CARTESIAN_POINT ( 'NONE',  ( 15.30449230916203085, 86.34565093893556309, -32.65360843334732266 ) ) ;
#681 = VERTEX_POINT ( 'NONE', #1183 ) ;
#682 = EDGE_CURVE ( 'NONE', #28, #1495, #1639, .T. ) ;
#683 = CARTESIAN_POINT ( 'NONE',  ( -67.74903311566335162, -88.95412544450263681, -15.07807966066324390 ) ) ;
#684 = CARTESIAN_POINT ( 'NONE',  ( 18.96194041145093934, 0.000000000000000000, 0.000000000000000000 ) ) ;
#685 = DIRECTION ( 'NONE',  ( 0.000000000000000000, 0.9625489150768214985, -0.2711080708581612431 ) ) ;
#686 = VECTOR ( 'NONE', #1233, 1000.000000000000000 ) ;
#687 = EDGE_CURVE ( 'NONE', #1905, #887, #850, .T. ) ;
#688 = CARTESIAN_POINT ( 'NONE',  ( 15.53992380019020381, 1.566380731266569718E-15, 88.30837097981513750 ) ) ;
#689 = VERTEX_POINT ( 'NONE', #1653 ) ;
#690 = ORIENTED_EDGE ( 'NONE', *, *, #1831, .F. ) ;
#691 = ORIENTED_EDGE ( 'NONE', *, *, #1281, .T. ) ;
#692 = AXIS2_PLACEMENT_3D ( 'NONE', #925, #763, #1648 ) ;
#693 = CARTESIAN_POINT ( 'NONE',  ( 13.95694167220456450, 80.87230969691370319, 81.11261974254551887 ) ) ;
#694 = DIRECTION ( 'NONE',  ( 0.9975640502598243087, 0.01891154302663880168, 0.06714401812199251307 ) ) ;
#695 = FACE_OUTER_BOUND ( 'NONE', #1860, .T. ) ;
#696 = PRODUCT ( '\X2\4e9153f05e955ea7\X0\', '\X2\4e9153f05e955ea7\X0\', '', ( #1802 ) ) ;
#697 = DIRECTION ( 'NONE',  ( 0.000000000000000000, 0.5552830700857683821, 0.8316614167292621929 ) ) ;
#698 = EDGE_CURVE ( 'NONE', #710, #121, #1480, .T. ) ;
#699 = ORIENTED_EDGE ( 'NONE', *, *, #293, .T. ) ;
#700 = CARTESIAN_POINT ( 'NONE',  ( 12.68094636794354280, -30.49533091245055161, 13.50333284307127535 ) ) ;
#701 = VERTEX_POINT ( 'NONE', #948 ) ;
#702 = EDGE_LOOP ( 'NONE', ( #731, #53 ) ) ;
#703 = CARTESIAN_POINT ( 'NONE',  ( 15.76119155751056233, 61.09417378750136862, -58.76824169483870719 ) ) ;
#704 = AXIS2_PLACEMENT_3D ( 'NONE', #302, #1316, #735 ) ;
#705 = CARTESIAN_POINT ( 'NONE',  ( 33.87601965656267566, 45.14536900825456911, -118.9775890703623702 ) ) ;
#706 = DIRECTION ( 'NONE',  ( 1.000000000000000000, -0.000000000000000000, -0.000000000000000000 ) ) ;
#707 = LINE ( 'NONE', #1470, #1427 ) ;
#708 = ORIENTED_EDGE ( 'NONE', *, *, #205, .F. ) ;
#709 = FACE_OUTER_BOUND ( 'NONE', #1398, .T. ) ;
#710 = VERTEX_POINT ( 'NONE', #1531 ) ;
#711 = ORIENTED_EDGE ( 'NONE', *, *, #934, .T. ) ;
#712 = EDGE_CURVE ( 'NONE', #1440, #254, #44, .T. ) ;
#713 = EDGE_CURVE ( 'NONE', #1592, #1301, #779, .T. ) ;
#714 = CARTESIAN_POINT ( 'NONE',  ( 15.39711203672736772, 1.013275186796693671E-14, -90.60196062834133102 ) ) ;
#715 = CARTESIAN_POINT ( 'NONE',  ( 17.71507412815100224, -31.78980781746464856, 42.90754730961397456 ) ) ;
#716 = VECTOR ( 'NONE', #1397, 1000.000000000000000 ) ;
#717 = DIRECTION ( 'NONE',  ( 0.000000000000000000, 0.000000000000000000, 1.000000000000000000 ) ) ;
#718 = CARTESIAN_POINT ( 'NONE',  ( 18.35023982733022763, 3.611478589933026027E-16, 43.17405156072293693 ) ) ;
#719 = AXIS2_PLACEMENT_3D ( 'NONE', #494, #930, #1538 ) ;
#720 = ORIENTED_EDGE ( 'NONE', *, *, #997, .T. ) ;
#721 = CARTESIAN_POINT ( 'NONE',  ( 18.96194041145093934, 0.000000000000000000, 0.000000000000000000 ) ) ;
#722 = VERTEX_POINT ( 'NONE', #364 ) ;
#723 = ORIENTED_EDGE ( 'NONE', *, *, #818, .F. ) ;
#724 = CARTESIAN_POINT ( 'NONE',  ( 18.35013005273994935, 41.08923577015886508, 13.36371948025615630 ) ) ;
#725 = FACE_OUTER_BOUND ( 'NONE', #1021, .T. ) ;
#726 = FACE_OUTER_BOUND ( 'NONE', #82, .T. ) ;
#727 = ORIENTED_EDGE ( 'NONE', *, *, #893, .F. ) ;
#728 = CARTESIAN_POINT ( 'NONE',  ( 0.000000000000000000, -13.22625933099436679, -4.919481233559217515 ) ) ;
#729 = ORIENTED_EDGE ( 'NONE', *, *, #320, .T. ) ;
#730 = ADVANCED_FACE ( 'NONE', ( #797 ), #1218, .T. ) ;
#731 = ORIENTED_EDGE ( 'NONE', *, *, #21, .F. ) ;
#732 = EDGE_CURVE ( 'NONE', #483, #1209, #1672, .T. ) ;
#733 = CIRCLE ( 'NONE', #39, 33.35000000000000142 ) ;
#734 = DIRECTION ( 'NONE',  ( -1.000000000000000000, -0.000000000000000000, -0.000000000000000000 ) ) ;
#735 = DIRECTION ( 'NONE',  ( 0.000000000000000000, 0.000000000000000000, 1.000000000000000000 ) ) ;
#736 = DIRECTION ( 'NONE',  ( 0.000000000000000000, 0.000000000000000000, -1.000000000000000000 ) ) ;
#737 = CARTESIAN_POINT ( 'NONE',  ( 15.00000000000000000, -17.23445869079999326, -8.713976459019988852 ) ) ;
#738 = LINE ( 'NONE', #137, #508 ) ;
#739 = ORIENTED_EDGE ( 'NONE', *, *, #612, .T. ) ;
#740 = CARTESIAN_POINT ( 'NONE',  ( 33.87601965656267566, 0.8333920401600068972, -22.51665899033998741 ) ) ;
#741 = ORIENTED_EDGE ( 'NONE', *, *, #1690, .T. ) ;
#742 = ORIENTED_EDGE ( 'NONE', *, *, #1329, .T. ) ;
#743 = DIRECTION ( 'NONE',  ( 1.000000000000000000, -0.000000000000000000, -0.000000000000000000 ) ) ;
#744 =( NAMED_UNIT ( * ) SI_UNIT ( $, .STERADIAN. ) SOLID_ANGLE_UNIT ( ) );
#745 = CARTESIAN_POINT ( 'NONE',  ( 0.000000000000000000, -42.82246512305700747, 115.9520458240766629 ) ) ;
#746 = CARTESIAN_POINT ( 'NONE',  ( 0.000000000000000000, -23.76045546678407661, 23.40220622101623604 ) ) ;
#747 = DIRECTION ( 'NONE',  ( -1.000000000000000000, 0.000000000000000000, 0.000000000000000000 ) ) ;
#748 = ORIENTED_EDGE ( 'NONE', *, *, #952, .T. ) ;
#749 = ORIENTED_EDGE ( 'NONE', *, *, #1690, .F. ) ;
#750 = ADVANCED_FACE ( 'NONE', ( #642 ), #209, .F. ) ;
#751 = ORIENTED_EDGE ( 'NONE', *, *, #1085, .T. ) ;
#752 = CIRCLE ( 'NONE', #1355, 5.547999999999997378 ) ;
#753 = CARTESIAN_POINT ( 'NONE',  ( 15.00000000000000000, 0.8333920401600068972, -19.96865899033998915 ) ) ;
#754 = DIRECTION ( 'NONE',  ( 0.000000000000000000, 0.000000000000000000, 1.000000000000000000 ) ) ;
#755 = LINE ( 'NONE', #1086, #854 ) ;
#756 = CYLINDRICAL_SURFACE ( 'NONE', #929, 33.35000000000000142 ) ;
#757 = ORIENTED_EDGE ( 'NONE', *, *, #682, .T. ) ;
#758 = EDGE_CURVE ( 'NONE', #1548, #588, #1315, .T. ) ;
#759 = CARTESIAN_POINT ( 'NONE',  ( 14.67134428119966216, -96.61116060634095959, 35.39136407532959083 ) ) ;
#760 = ORIENTED_EDGE ( 'NONE', *, *, #1085, .F. ) ;
#761 = VECTOR ( 'NONE', #157, 1000.000000000000114 ) ;
#762 = CC_DESIGN_DATE_AND_TIME_ASSIGNMENT ( #1542, #783, ( #1336 ) ) ;
#763 = DIRECTION ( 'NONE',  ( 0.000000000000000000, -0.9992154191440207889, -0.03960487526604344194 ) ) ;
#764 = EDGE_CURVE ( 'NONE', #992, #28, #1790, .T. ) ;
#765 = AXIS2_PLACEMENT_3D ( 'NONE', #1359, #176, #461 ) ;
#766 = EDGE_CURVE ( 'NONE', #165, #1885, #351, .T. ) ;
#767 = CARTESIAN_POINT ( 'NONE',  ( 15.00000000000000000, 0.8333920401600072303, -17.42065899033999088 ) ) ;
#768 = ORIENTED_EDGE ( 'NONE', *, *, #903, .F. ) ;
#769 = ORIENTED_EDGE ( 'NONE', *, *, #764, .T. ) ;
#770 = AXIS2_PLACEMENT_3D ( 'NONE', #502, #197, #795 ) ;
#771 = CARTESIAN_POINT ( 'NONE',  ( 14.15626171045199477, -56.26811880303370117, 95.81415221494280843 ) ) ;
#772 = ORIENTED_EDGE ( 'NONE', *, *, #1302, .F. ) ;
#773 = EDGE_CURVE ( 'NONE', #1521, #1109, #1208, .T. ) ;
#774 = DIRECTION ( 'NONE',  ( 0.000000000000000000, 0.000000000000000000, -1.000000000000000000 ) ) ;
#775 = CARTESIAN_POINT ( 'NONE',  ( 18.96194041145093934, 6.316277033033000698, -32.74640658823469153 ) ) ;
#776 = CARTESIAN_POINT ( 'NONE',  ( 6.359947064584936527, 32.54672621543222988, 7.281196192132542322 ) ) ;
#777 = CARTESIAN_POINT ( 'NONE',  ( 18.96194041145093934, 0.000000000000000000, 33.35000000000000142 ) ) ;
#778 = ORIENTED_EDGE ( 'NONE', *, *, #1533, .F. ) ;
#779 = LINE ( 'NONE', #1687, #1389 ) ;
#780 = ORIENTED_EDGE ( 'NONE', *, *, #100, .F. ) ;
#781 = DIRECTION ( 'NONE',  ( -1.000000000000000000, -0.000000000000000000, -0.000000000000000000 ) ) ;
#782 = CARTESIAN_POINT ( 'NONE',  ( 15.10162009010483075, -39.91856336292528340, -86.58913705735257338 ) ) ;
#783 = DATE_TIME_ROLE ( 'classification_date' ) ;
#784 = CARTESIAN_POINT ( 'NONE',  ( 18.96194041145093934, 32.66623693994215216, 6.718590937358741577 ) ) ;
#785 = LINE ( 'NONE', #800, #1274 ) ;
#786 = ORIENTED_EDGE ( 'NONE', *, *, #712, .T. ) ;
#787 = CARTESIAN_POINT ( 'NONE',  ( 13.78514091179324375, -49.54517843651262154, 105.8832690510523946 ) ) ;
#788 = VERTEX_POINT ( 'NONE', #325 ) ;
#789 = CARTESIAN_POINT ( 'NONE',  ( 18.96194041145093934, 0.000000000000000000, 0.000000000000000000 ) ) ;
#790 = DIRECTION ( 'NONE',  ( 0.000000000000000000, 0.000000000000000000, -1.000000000000000000 ) ) ;
#791 = DATE_AND_TIME ( #506, #1406 ) ;
#792 = CARTESIAN_POINT ( 'NONE',  ( 15.30449227941848989, -90.69514269118695893, 17.21106469291912333 ) ) ;
#793 = CIRCLE ( 'NONE', #158, 4.783000000000002139 ) ;
#794 = EDGE_CURVE ( 'NONE', #1362, #1443, #1511, .T. ) ;
#795 = DIRECTION ( 'NONE',  ( 0.000000000000000000, 0.000000000000000000, -1.000000000000000000 ) ) ;
#796 = CARTESIAN_POINT ( 'NONE',  ( 33.87601965656267566, -17.23445869079999326, -10.49697645901998833 ) ) ;
#797 = FACE_OUTER_BOUND ( 'NONE', #909, .T. ) ;
#798 = VERTEX_POINT ( 'NONE', #938 ) ;
#799 = FACE_OUTER_BOUND ( 'NONE', #493, .T. ) ;
#800 = CARTESIAN_POINT ( 'NONE',  ( -67.74903311566335162, -88.95412544450263681, -15.07807966066324390 ) ) ;
#801 = CARTESIAN_POINT ( 'NONE',  ( 17.39253026237766520, -55.99027372346685638, -17.18637458926071204 ) ) ;
#802 = CARTESIAN_POINT ( 'NONE',  ( 17.71507412611665089, 50.93891832116768370, -16.02735477100318207 ) ) ;
#803 = ORIENTED_EDGE ( 'NONE', *, *, #630, .T. ) ;
#804 = CONICAL_SURFACE ( 'NONE', #1223, 33.35000000000000142, 1.508610996046928499 ) ;
#805 = CALENDAR_DATE ( 2026, 27, 3 ) ;
#806 = AXIS2_PLACEMENT_3D ( 'NONE', #1483, #852, #415 ) ;
#807 = FACE_OUTER_BOUND ( 'NONE', #1726, .T. ) ;
#808 = DIRECTION ( 'NONE',  ( 0.04093637269129433293, 0.5567421211873662124, 0.8296760957666983183 ) ) ;
#809 = DIRECTION ( 'NONE',  ( 0.000000000000000000, 0.000000000000000000, 1.000000000000000000 ) ) ;
#810 = LINE ( 'NONE', #388, #525 ) ;
#811 = ORIENTED_EDGE ( 'NONE', *, *, #1852, .F. ) ;
#812 = EDGE_CURVE ( 'NONE', #1109, #1491, #60, .T. ) ;
#813 = COORDINATED_UNIVERSAL_TIME_OFFSET ( 8, 0, .AHEAD. ) ;
#814 = CIRCLE ( 'NONE', #1907, 4.783000000000000362 ) ;
#815 = APPROVAL ( #390, 'æœª' ) ;
#816 = FACE_OUTER_BOUND ( 'NONE', #1188, .T. ) ;
#817 = CARTESIAN_POINT ( 'NONE',  ( 14.67134428095774545, 98.96259263824377683, 28.15440043449098440 ) ) ;
#818 = EDGE_CURVE ( 'NONE', #1069, #1362, #868, .T. ) ;
#819 = EDGE_CURVE ( 'NONE', #1885, #201, #99, .T. ) ;
#820 = CIRCLE ( 'NONE', #340, 1.782999999999999918 ) ;
#821 = AXIS2_PLACEMENT_3D ( 'NONE', #1515, #353, #639 ) ;
#822 = CARTESIAN_POINT ( 'NONE',  ( 15.68727386955814218, 84.37366656763511230, 17.77462472957681072 ) ) ;
#823 = VERTEX_POINT ( 'NONE', #1225 ) ;
#824 = ORIENTED_EDGE ( 'NONE', *, *, #1128, .F. ) ;
#825 = PRODUCT_DEFINITION_FORMATION_WITH_SPECIFIED_SOURCE ( 'ä»', '', #696, .NOT_KNOWN. ) ;
#826 = B_SPLINE_CURVE_WITH_KNOTS ( 'NONE', 3,
 ( #573, #278, #135, #859, #715, #1294, #1723, #432 ),
 .UNSPECIFIED., .F., .F.,
 ( 4, 2, 2, 4 ),
 ( 3.938914890212786988E-05, 0.03227767239337426403, 0.04839681401561032881, 0.06451595563784640053 ),
 .UNSPECIFIED. ) ;
#827 = CARTESIAN_POINT ( 'NONE',  ( 15.76119155762707358, 74.77105717123265549, 39.94362667385773591 ) ) ;
#828 = DIRECTION ( 'NONE',  ( 1.000000000000000000, -0.000000000000000000, -0.000000000000000000 ) ) ;
#829 = DIRECTION ( 'NONE',  ( 1.000000000000000000, -0.000000000000000000, -0.000000000000000000 ) ) ;
#830 = FACE_BOUND ( 'NONE', #1897, .T. ) ;
#831 = ORIENTED_EDGE ( 'NONE', *, *, #410, .F. ) ;
#832 = DIRECTION ( 'NONE',  ( 0.04093637269129437456, 0.9364805987964521794, 0.3483221231399434292 ) ) ;
#833 = EDGE_LOOP ( 'NONE', ( #598, #389, #1410, #1310 ) ) ;
#834 = PRODUCT_DEFINITION_SHAPE ( 'NONE', 'NONE',  #1637 ) ;
#835 = ORIENTED_EDGE ( 'NONE', *, *, #630, .F. ) ;
#836 = CARTESIAN_POINT ( 'NONE',  ( 14.43247554332893401, 64.69977801794343009, 85.66771693885598893 ) ) ;
#837 = CARTESIAN_POINT ( 'NONE',  ( 17.60357086404824045, 5.225279493935819214E-15, -55.16572622066767195 ) ) ;
#838 = DIRECTION ( 'NONE',  ( 0.000000000000000000, 0.000000000000000000, 1.000000000000000000 ) ) ;
#839 = CIRCLE ( 'NONE', #1197, 1.782999999999999918 ) ;
#840 = CARTESIAN_POINT ( 'NONE',  ( 24.00000000000000000, -42.82246512305700747, 115.9520458240766629 ) ) ;
#841 = VERTEX_POINT ( 'NONE', #331 ) ;
#842 = DIRECTION ( 'NONE',  ( 0.000000000000000000, -0.3486143472450173308, 0.9372662572049260676 ) ) ;
#843 = ORIENTED_EDGE ( 'NONE', *, *, #1024, .F. ) ;
#844 = VERTEX_POINT ( 'NONE', #740 ) ;
#845 = DIRECTION ( 'NONE',  ( -0.06975647374412546897, -0.7831906218520483520, -0.6178563621213161161 ) ) ;
#846 = LINE ( 'NONE', #1899, #654 ) ;
#847 = CYLINDRICAL_SURFACE ( 'NONE', #1066, 4.783000000000000362 ) ;
#848 = CARTESIAN_POINT ( 'NONE',  ( 15.65163015663048185, -15.50069978304954610, 85.12597076642560978 ) ) ;
#849 = EDGE_CURVE ( 'NONE', #994, #18, #1374, .T. ) ;
#850 = LINE ( 'NONE', #1241, #1116 ) ;
#851 = ORIENTED_EDGE ( 'NONE', *, *, #66, .F. ) ;
#852 = DIRECTION ( 'NONE',  ( -1.000000000000000000, 0.000000000000000000, 0.000000000000000000 ) ) ;
#853 = VERTEX_POINT ( 'NONE', #472 ) ;
#854 = VECTOR ( 'NONE', #1245, 1000.000000000000114 ) ;
#855 = ORIENTED_EDGE ( 'NONE', *, *, #903, .T. ) ;
#856 = AXIS2_PLACEMENT_3D ( 'NONE', #1423, #1571, #111 ) ;
#857 = DIRECTION ( 'NONE',  ( 0.000000000000000000, 0.6193651043864201178, -0.7851030935287408585 ) ) ;
#858 = AXIS2_PLACEMENT_3D ( 'NONE', #1717, #1421, #91 ) ;
#859 = CARTESIAN_POINT ( 'NONE',  ( 17.39253026308404060, -33.64715964080269117, 47.93903284308048995 ) ) ;
#860 = CIRCLE ( 'NONE', #1371, 12.64199999999999946 ) ;
#861 = CYLINDRICAL_SURFACE ( 'NONE', #1415, 5.547999999999997378 ) ;
#862 = CARTESIAN_POINT ( 'NONE',  ( 17.28734133747887824, -6.199983237749961518, 59.95597920606363829 ) ) ;
#863 = VERTEX_POINT ( 'NONE', #19 ) ;
#864 = DIRECTION ( 'NONE',  ( 1.000000000000000000, 0.000000000000000000, 0.000000000000000000 ) ) ;
#865 = ORIENTED_EDGE ( 'NONE', *, *, #675, .T. ) ;
#866 = ORIENTED_EDGE ( 'NONE', *, *, #147, .T. ) ;
#867 = DIRECTION ( 'NONE',  ( -1.000000000000000000, 0.000000000000000000, 0.000000000000000000 ) ) ;
#868 = B_SPLINE_CURVE_WITH_KNOTS ( 'NONE', 3,
 ( #652, #787, #771, #474, #74, #908, #759, #620, #1799, #1071 ),
 .UNSPECIFIED., .F., .F.,
 ( 4, 2, 2, 2, 4 ),
 ( 2.405286002365269634E-07, 0.03632767226847881392, 0.07265510400835738236, 0.1089825357482359647, 0.1453099674881145331 ),
 .UNSPECIFIED. ) ;
#869 =( BOUNDED_CURVE ( )  B_SPLINE_CURVE ( 3, ( #784, #648, #776, #1649 ),
 .UNSPECIFIED., .F., .T. ) 
 B_SPLINE_CURVE_WITH_KNOTS ( ( 4, 4 ),
 ( 4.249618201094490288, 4.275487225918936929 ),
 .UNSPECIFIED. ) 
 CURVE ( )  GEOMETRIC_REPRESENTATION_ITEM ( )  RATIONAL_B_SPLINE_CURVE ( ( 1.000000000000000000, 0.9999442335737100951, 0.9999442335737100951, 1.000000000000000000 ) ) 
 REPRESENTATION_ITEM ( '' )  );
#870 = FACE_BOUND ( 'NONE', #1226, .T. ) ;
#871 = EDGE_CURVE ( 'NONE', #1091, #994, #634, .T. ) ;
#872 = B_SPLINE_CURVE_WITH_KNOTS ( 'NONE', 3,
 ( #1103, #15, #1202, #460, #1635, #1784, #1053, #593 ),
 .UNSPECIFIED., .F., .F.,
 ( 4, 2, 2, 4 ),
 ( 2.462845628834497324E-05, 0.03734735583005990150, 0.05600871951694567918, 0.07467008320383144993 ),
 .UNSPECIFIED. ) ;
#873 = DIRECTION ( 'NONE',  ( -1.000000000000000000, -0.000000000000000000, -0.000000000000000000 ) ) ;
#874 = AXIS2_PLACEMENT_3D ( 'NONE', #1682, #1060, #181 ) ;
#875 = ORIENTED_EDGE ( 'NONE', *, *, #1647, .T. ) ;
#876 = EDGE_CURVE ( 'NONE', #288, #617, #477, .T. ) ;
#877 = DIRECTION ( 'NONE',  ( 1.000000000000000000, 0.000000000000000000, 0.000000000000000000 ) ) ;
#878 = ORIENTED_EDGE ( 'NONE', *, *, #1612, .T. ) ;
#879 = ORIENTED_EDGE ( 'NONE', *, *, #1157, .F. ) ;
#880 = EDGE_CURVE ( 'NONE', #1661, #641, #1651, .T. ) ;
#881 = LINE ( 'NONE', #602, #1006 ) ;
#882 = FACE_BOUND ( 'NONE', #1788, .T. ) ;
#883 = PLANE ( 'NONE',  #940 ) ;
#884 = FACE_BOUND ( 'NONE', #702, .T. ) ;
#885 = DIRECTION ( 'NONE',  ( 1.000000000000000000, -0.000000000000000000, -0.000000000000000000 ) ) ;
#886 = ORIENTED_EDGE ( 'NONE', *, *, #380, .F. ) ;
#887 = VERTEX_POINT ( 'NONE', #906 ) ;
#888 = VERTEX_POINT ( 'NONE', #916 ) ;
#889 = CIRCLE ( 'NONE', #821, 1.782999999999999918 ) ;
#890 = CARTESIAN_POINT ( 'NONE',  ( 15.53992380019020381, 1.566380731266569718E-15, 88.30837097981513750 ) ) ;
#891 = CARTESIAN_POINT ( 'NONE',  ( 15.10162009010482898, 64.67338608800916688, 70.06085561287542873 ) ) ;
#892 = CIRCLE ( 'NONE', #1552, 33.35000000000000142 ) ;
#893 = EDGE_CURVE ( 'NONE', #218, #597, #7, .T. ) ;
#894 = DIRECTION ( 'NONE',  ( 0.04093637269129433293, -0.9380852107962016628, -0.3439772531379443610 ) ) ;
#895 = LINE ( 'NONE', #206, #244 ) ;
#896 = ORIENTED_EDGE ( 'NONE', *, *, #1631, .F. ) ;
#897 = CARTESIAN_POINT ( 'NONE',  ( 0.000000000000000000, 0.8333920401600068972, -19.96865899033998915 ) ) ;
#898 = ORIENTED_EDGE ( 'NONE', *, *, #1302, .T. ) ;
#899 = B_SPLINE_CURVE_WITH_KNOTS ( 'NONE', 3,
 ( #714, #541, #1284, #409 ),
 .UNSPECIFIED., .F., .F.,
 ( 4, 4 ),
 ( 0.07467008320383144993, 0.08653909675574047999 ),
 .UNSPECIFIED. ) ;
#900 = ORIENTED_EDGE ( 'NONE', *, *, #1102, .T. ) ;
#901 = CARTESIAN_POINT ( 'NONE',  ( 18.96194041145093934, 0.000000000000000000, 33.35000000000000142 ) ) ;
#902 = DIRECTION ( 'NONE',  ( 1.000000000000000000, 0.000000000000000000, 0.000000000000000000 ) ) ;
#903 = EDGE_CURVE ( 'NONE', #853, #1885, #1441, .T. ) ;
#904 = DIRECTION ( 'NONE',  ( 0.000000000000000000, 0.3442658321235622654, -0.9388722153905030288 ) ) ;
#905 = VERTEX_POINT ( 'NONE', #1308 ) ;
#906 = CARTESIAN_POINT ( 'NONE',  ( 33.87601965656267566, 0.002184363420008411660, 13.05640000000000711 ) ) ;
#907 = ORIENTED_EDGE ( 'NONE', *, *, #12, .T. ) ;
#908 = CARTESIAN_POINT ( 'NONE',  ( 14.81198686753100269, -89.88660581381486736, 45.46289887786189610 ) ) ;
#909 = EDGE_LOOP ( 'NONE', ( #1670, #1171 ) ) ;
#910 = EDGE_CURVE ( 'NONE', #1516, #355, #289, .T. ) ;
#911 = LINE ( 'NONE', #901, #46 ) ;
#912 = ADVANCED_BREP_SHAPE_REPRESENTATION ( '\X2\4e9153f05e955ea7\X0\', ( #1379, #1121 ), #1087 ) ;
#913 = CARTESIAN_POINT ( 'NONE',  ( -67.74903311566336583, 80.82807206179215598, -40.08750037883815054 ) ) ;
#914 = CARTESIAN_POINT ( 'NONE',  ( 15.10162009010482898, 64.67338608800916688, 70.06085561287542873 ) ) ;
#915 = ORIENTED_EDGE ( 'NONE', *, *, #773, .T. ) ;
#916 = CARTESIAN_POINT ( 'NONE',  ( 33.87601965656267566, 18.07003509438000677, -7.274282532339989338 ) ) ;
#917 = EDGE_LOOP ( 'NONE', ( #1205, #1599, #1904, #178, #330 ) ) ;
#918 = ADVANCED_FACE ( 'NONE', ( #709 ), #1657, .T. ) ;
#919 = CARTESIAN_POINT ( 'NONE',  ( 14.72969671221798293, 17.13103216538835483, -100.2749599193299019 ) ) ;
#920 = ORIENTED_EDGE ( 'NONE', *, *, #638, .T. ) ;
#921 = CIRCLE ( 'NONE', #1174, 12.64199999999999946 ) ;
#922 = AXIS2_PLACEMENT_3D ( 'NONE', #1490, #5, #1608 ) ;
#923 = CARTESIAN_POINT ( 'NONE',  ( 18.66337504551805182, -23.93308013088902797, -29.79998920110750760 ) ) ;
#924 = PERSON_AND_ORGANIZATION_ROLE ( 'design_owner' ) ;
#925 = CARTESIAN_POINT ( 'NONE',  ( 24.00000000000000000, 102.7990045341148999, -68.63676213807902116 ) ) ;
#926 = CARTESIAN_POINT ( 'NONE',  ( 18.96194041145093934, 6.316277033033000698, -32.74640658823469153 ) ) ;
#927 = CARTESIAN_POINT ( 'NONE',  ( 15.00000000000000000, -17.23445869079999326, -15.27997645901998958 ) ) ;
#928 = ORIENTED_EDGE ( 'NONE', *, *, #766, .F. ) ;
#929 = AXIS2_PLACEMENT_3D ( 'NONE', #616, #1796, #342 ) ;
#930 = DIRECTION ( 'NONE',  ( -1.000000000000000000, 0.000000000000000000, 0.000000000000000000 ) ) ;
#931 = ORIENTED_EDGE ( 'NONE', *, *, #764, .F. ) ;
#932 = PERSON_AND_ORGANIZATION ( #1265, #1884 ) ;
#933 = FACE_OUTER_BOUND ( 'NONE', #1250, .T. ) ;
#934 = EDGE_CURVE ( 'NONE', #992, #1754, #479, .T. ) ;
#935 = FACE_OUTER_BOUND ( 'NONE', #1644, .T. ) ;
#936 = ORIENTED_EDGE ( 'NONE', *, *, #94, .F. ) ;
#937 = EDGE_CURVE ( 'NONE', #608, #722, #1419, .T. ) ;
#938 = CARTESIAN_POINT ( 'NONE',  ( 18.96194041145093934, 16.48418204801773257, -28.99127872667589401 ) ) ;
#939 = ORIENTED_EDGE ( 'NONE', *, *, #1526, .F. ) ;
#940 = AXIS2_PLACEMENT_3D ( 'NONE', #1041, #372, #1255 ) ;
#941 = CARTESIAN_POINT ( 'NONE',  ( 18.96194041145093934, 3.704662665424126367, 33.14359628247080991 ) ) ;
#942 = PERSON_AND_ORGANIZATION ( #1265, #1884 ) ;
#943 = CARTESIAN_POINT ( 'NONE',  ( 33.87601965656267566, 18.07003509438000677, -9.057282532339989700 ) ) ;
#944 = B_SPLINE_CURVE_WITH_KNOTS ( 'NONE', 3,
 ( #718, #1151, #862, #1341, #848, #1753 ),
 .UNSPECIFIED., .F., .F.,
 ( 4, 2, 4 ),
 ( 0.01071380026972709384, 0.03759698320908848312, 0.06448016614844989669 ),
 .UNSPECIFIED. ) ;
#945 = CARTESIAN_POINT ( 'NONE',  ( 33.87601965656267566, -17.23445869079999326, -12.27997645901998780 ) ) ;
#946 = CARTESIAN_POINT ( 'NONE',  ( 15.10162009010482898, -93.50260612121212489, -18.66636027291720623 ) ) ;
#947 = CIRCLE ( 'NONE', #118, 33.35000000000000142 ) ;
#948 = CARTESIAN_POINT ( 'NONE',  ( 0.000000000000000000, 17.22855915889791945, -28.55519653772943656 ) ) ;
#949 = VERTEX_POINT ( 'NONE', #1143 ) ;
#950 = PERSON_AND_ORGANIZATION_ROLE ( 'classification_officer' ) ;
#951 = CARTESIAN_POINT ( 'NONE',  ( -67.74903311566335162, 68.00854873770201436, -59.28762280983457345 ) ) ;
#952 = EDGE_CURVE ( 'NONE', #1537, #179, #1724, .T. ) ;
#953 = CARTESIAN_POINT ( 'NONE',  ( 13.34204564977641105, -33.51080048295173697, -118.9775890703623702 ) ) ;
#954 = AXIS2_PLACEMENT_3D ( 'NONE', #1221, #37, #328 ) ;
#955 = CARTESIAN_POINT ( 'NONE',  ( 15.00000000000000000, -17.23445869079999326, -10.49697645901998833 ) ) ;
#956 = CARTESIAN_POINT ( 'NONE',  ( 15.10162009010482898, 86.61700865280606365, -39.85805024504573879 ) ) ;
#957 = VERTEX_POINT ( 'NONE', #437 ) ;
#958 = CIRCLE ( 'NONE', #1369, 4.783000000000000362 ) ;
#959 =( BOUNDED_CURVE ( )  B_SPLINE_CURVE ( 3, ( #49, #174, #1062, #311 ),
 .UNSPECIFIED., .F., .T. ) 
 B_SPLINE_CURVE_WITH_KNOTS ( ( 4, 4 ),
 ( 2.007698081260648415, 2.033567106085095499 ),
 .UNSPECIFIED. ) 
 CURVE ( )  GEOMETRIC_REPRESENTATION_ITEM ( )  RATIONAL_B_SPLINE_CURVE ( ( 1.000000000000000000, 0.9999442335737100951, 0.9999442335737100951, 1.000000000000000000 ) ) 
 REPRESENTATION_ITEM ( '' )  );
#960 = CARTESIAN_POINT ( 'NONE',  ( 0.000000000000000000, 0.000000000000000000, 0.000000000000000000 ) ) ;
#961 = APPROVAL_DATE_TIME ( #69, #815 ) ;
#962 = FACE_OUTER_BOUND ( 'NONE', #1875, .T. ) ;
#963 = LINE ( 'NONE', #1412, #347 ) ;
#964 = ADVANCED_FACE ( 'NONE', ( #444 ), #273, .F. ) ;
#965 = DIRECTION ( 'NONE',  ( 0.9975640502598243087, 0.02416650393336251118, -0.06543657782046401195 ) ) ;
#966 = EDGE_CURVE ( 'NONE', #844, #1632, #670, .T. ) ;
#967 = CARTESIAN_POINT ( 'NONE',  ( 15.76119143443631465, 77.69793747956920527, -33.90037091384134982 ) ) ;
#968 = ORIENTED_EDGE ( 'NONE', *, *, #149, .T. ) ;
#969 = AXIS2_PLACEMENT_3D ( 'NONE', #239, #110, #685 ) ;
#970 = DATE_AND_TIME ( #805, #317 ) ;
#971 = AXIS2_PLACEMENT_3D ( 'NONE', #897, #29, #1058 ) ;
#972 = EDGE_CURVE ( 'NONE', #788, #557, #1472, .T. ) ;
#973 = EDGE_CURVE ( 'NONE', #1142, #1888, #243, .T. ) ;
#974 = CARTESIAN_POINT ( 'NONE',  ( 15.00000000000000000, 18.07003509438000677, -9.057282532339989700 ) ) ;
#975 = CARTESIAN_POINT ( 'NONE',  ( 15.00000000000000000, 18.07003509438000677, -9.057282532339989700 ) ) ;
#976 = CARTESIAN_POINT ( 'NONE',  ( 15.00000000000000000, 0.8333920401600068972, -19.96865899033998915 ) ) ;
#977 = EDGE_LOOP ( 'NONE', ( #112, #1787 ) ) ;
#978 = ADVANCED_FACE ( 'NONE', ( #1324 ), #1903, .F. ) ;
#979 = PERSON_AND_ORGANIZATION ( #1265, #1884 ) ;
#980 = CARTESIAN_POINT ( 'NONE',  ( 16.41867199512028819, 66.35134576109089721, 33.29870027011166655 ) ) ;
#981 = CARTESIAN_POINT ( 'NONE',  ( 15.68727390434859714, -62.69406257269348259, 59.19719017734303890 ) ) ;
#982 = CARTESIAN_POINT ( 'NONE',  ( 13.34204564977641105, -33.51080048295173697, -118.9775890703623702 ) ) ;
#983 = CIRCLE ( 'NONE', #1522, 33.35000000000000142 ) ;
#984 = CARTESIAN_POINT ( 'NONE',  ( 18.96194041145093934, -29.19184642660382067, -16.12633257146763555 ) ) ;
#985 = ORIENTED_EDGE ( 'NONE', *, *, #812, .F. ) ;
#986 = LOCAL_TIME ( 13, 23, 37.00000000000000000, #1235 ) ;
#987 = VERTEX_POINT ( 'NONE', #993 ) ;
#988 = CARTESIAN_POINT ( 'NONE',  ( 0.000000000000000000, 18.07003509438000677, -9.057282532339989700 ) ) ;
#989 = DIRECTION ( 'NONE',  ( -1.000000000000000000, 0.000000000000000000, 0.000000000000000000 ) ) ;
#990 = CARTESIAN_POINT ( 'NONE',  ( 15.00000000000000000, 18.07003509438000677, -7.274282532339989338 ) ) ;
#991 = CARTESIAN_POINT ( 'NONE',  ( 15.30449244171420631, -44.39503920854834718, -80.93769045027670472 ) ) ;
#992 = VERTEX_POINT ( 'NONE', #1298 ) ;
#993 = CARTESIAN_POINT ( 'NONE',  ( 18.96194041145093934, 32.66623693994215216, 6.718590937358741577 ) ) ;
#994 = VERTEX_POINT ( 'NONE', #1876 ) ;
#995 = ORIENTED_EDGE ( 'NONE', *, *, #300, .F. ) ;
#996 = FACE_OUTER_BOUND ( 'NONE', #1433, .T. ) ;
#997 = EDGE_CURVE ( 'NONE', #1521, #1264, #578, .T. ) ;
#998 = CARTESIAN_POINT ( 'NONE',  ( 15.00000000000000000, 18.07003509438000677, -9.057282532339989700 ) ) ;
#999 = CARTESIAN_POINT ( 'NONE',  ( 0.000000000000000000, -23.76045546678407661, 23.40220622101623604 ) ) ;
#1000 = VECTOR ( 'NONE', #965, 999.9999999999998863 ) ;
#1001 = DIRECTION ( 'NONE',  ( 1.000000000000000000, -0.000000000000000000, -0.000000000000000000 ) ) ;
#1002 = EDGE_LOOP ( 'NONE', ( #928, #1474, #531, #1352, #1216 ) ) ;
#1003 = CARTESIAN_POINT ( 'NONE',  ( 18.96194041145093934, -30.37662949585728711, 13.76527807461270037 ) ) ;
#1004 = ORIENTED_EDGE ( 'NONE', *, *, #662, .T. ) ;
#1005 = ORIENTED_EDGE ( 'NONE', *, *, #622, .T. ) ;
#1006 = VECTOR ( 'NONE', #1026, 1000.000000000000000 ) ;
#1007 = CARTESIAN_POINT ( 'NONE',  ( 18.96194041145093934, -22.47845215752634473, -24.63618656776651505 ) ) ;
#1008 = LINE ( 'NONE', #1604, #1246 ) ;
#1009 = CARTESIAN_POINT ( 'NONE',  ( 13.34204564977640928, 102.7990045341148999, -68.63676213807902116 ) ) ;
#1010 = LINE ( 'NONE', #148, #1574 ) ;
#1011 = ORIENTED_EDGE ( 'NONE', *, *, #457, .T. ) ;
#1012 = CARTESIAN_POINT ( 'NONE',  ( 15.00000000000000000, 18.07003509438000677, -9.057282532339989700 ) ) ;
#1013 = EDGE_LOOP ( 'NONE', ( #886, #445, #1778, #720 ) ) ;
#1014 = AXIS2_PLACEMENT_3D ( 'NONE', #1339, #1488, #736 ) ;
#1015 = AXIS2_PLACEMENT_3D ( 'NONE', #160, #873, #1901 ) ;
#1016 = ORIENTED_EDGE ( 'NONE', *, *, #1862, .T. ) ;
#1017 = CARTESIAN_POINT ( 'NONE',  ( 14.56967281956872817, 2.487487198311807911E-15, 103.8908240751785144 ) ) ;
#1018 = CARTESIAN_POINT ( 'NONE',  ( 18.96194041145093934, 0.000000000000000000, 0.000000000000000000 ) ) ;
#1019 = EDGE_CURVE ( 'NONE', #1632, #844, #1673, .T. ) ;
#1020 = LINE ( 'NONE', #442, #264 ) ;
#1021 = EDGE_LOOP ( 'NONE', ( #130, #124 ) ) ;
#1022 = DIRECTION ( 'NONE',  ( 0.000000000000000000, -0.9991209391999537059, -0.04192074489083524869 ) ) ;
#1023 = ORIENTED_EDGE ( 'NONE', *, *, #934, .F. ) ;
#1024 = EDGE_CURVE ( 'NONE', #887, #641, #921, .T. ) ;
#1025 = ORIENTED_EDGE ( 'NONE', *, *, #515, .T. ) ;
#1026 = DIRECTION ( 'NONE',  ( -1.000000000000000000, -0.000000000000000000, -0.000000000000000000 ) ) ;
#1027 = DIRECTION ( 'NONE',  ( 0.04093637269129438150, -0.5528901122999000384, -0.8322480021675532358 ) ) ;
#1028 = EDGE_CURVE ( 'NONE', #1301, #888, #820, .T. ) ;
#1029 = DIRECTION ( 'NONE',  ( 1.000000000000000000, 0.000000000000000000, 0.000000000000000000 ) ) ;
#1030 = CARTESIAN_POINT ( 'NONE',  ( 0.000000000000000000, 0.000000000000000000, 0.000000000000000000 ) ) ;
#1031 = DIRECTION ( 'NONE',  ( 0.000000000000000000, 0.000000000000000000, 1.000000000000000000 ) ) ;
#1032 = CARTESIAN_POINT ( 'NONE',  ( 0.000000000000000000, -17.23445869079999326, -10.49697645901998833 ) ) ;
#1033 = DIRECTION ( 'NONE',  ( 0.000000000000000000, -0.7865365457067930999, -0.6175437330810068515 ) ) ;
#1034 = ORIENTED_EDGE ( 'NONE', *, *, #679, .T. ) ;
#1035 = AXIS2_PLACEMENT_3D ( 'NONE', #955, #1835, #1117 ) ;
#1036 = ORIENTED_EDGE ( 'NONE', *, *, #687, .F. ) ;
#1037 = B_SPLINE_CURVE_WITH_KNOTS ( 'NONE', 3,
 ( #946, #510, #659, #801, #665, #1262, #1846, #1106 ),
 .UNSPECIFIED., .F., .F.,
 ( 4, 2, 2, 4 ),
 ( 5.220411611556083467E-05, 0.03229048736057969771, 0.04840962898281175181, 0.06452877060504380591 ),
 .UNSPECIFIED. ) ;
#1038 = CARTESIAN_POINT ( 'NONE',  ( 6.359947064584771326, 16.98232059678862171, -28.70376268851381951 ) ) ;
#1039 = AXIS2_PLACEMENT_3D ( 'NONE', #683, #845, #857 ) ;
#1040 = DIRECTION ( 'NONE',  ( 0.9975640502598243087, -0.05476602333016929169, -0.04320472564215885325 ) ) ;
#1041 = CARTESIAN_POINT ( 'NONE',  ( 24.00000000000000000, -33.51080048295173697, -118.9775890703623702 ) ) ;
#1042 = FACE_OUTER_BOUND ( 'NONE', #1602, .T. ) ;
#1043 = CARTESIAN_POINT ( 'NONE',  ( 15.00000000000000000, -17.23445869079999326, -10.49697645901998833 ) ) ;
#1044 = ORIENTED_EDGE ( 'NONE', *, *, #256, .T. ) ;
#1045 = CARTESIAN_POINT ( 'NONE',  ( 13.34204564977640928, 102.7990045341148999, -68.63676213807902116 ) ) ;
#1046 = ORIENTED_EDGE ( 'NONE', *, *, #369, .T. ) ;
#1047 = ORIENTED_EDGE ( 'NONE', *, *, #335, .F. ) ;
#1048 = CIRCLE ( 'NONE', #1243, 1.782999999999999918 ) ;
#1049 = EDGE_CURVE ( 'NONE', #1248, #957, #1550, .T. ) ;
#1050 = AXIS2_PLACEMENT_3D ( 'NONE', #396, #232, #1847 ) ;
#1051 = CARTESIAN_POINT ( 'NONE',  ( 0.000000000000000000, 17.22855915889791945, -28.55519653772943656 ) ) ;
#1052 = CYLINDRICAL_SURFACE ( 'NONE', #551, 5.547999999999997378 ) ;
#1053 = CARTESIAN_POINT ( 'NONE',  ( 15.53074973901508393, 5.838463804203633423, -88.45570850465209389 ) ) ;
#1054 = VECTOR ( 'NONE', #1890, 999.9999999999998863 ) ;
#1055 = CARTESIAN_POINT ( 'NONE',  ( 0.000000000000000000, -11.50697527695072964, -93.70387397174751243 ) ) ;
#1056 = DIRECTION ( 'NONE',  ( 0.04093637269129430517, 0.9611116342244921951, -0.2731092088326673162 ) ) ;
#1057 = ORIENTED_EDGE ( 'NONE', *, *, #144, .F. ) ;
#1058 = DIRECTION ( 'NONE',  ( 0.000000000000000000, 0.000000000000000000, 1.000000000000000000 ) ) ;
#1059 = ORIENTED_EDGE ( 'NONE', *, *, #676, .F. ) ;
#1060 = DIRECTION ( 'NONE',  ( 1.000000000000000000, -0.000000000000000000, -0.000000000000000000 ) ) ;
#1061 = ORIENTED_EDGE ( 'NONE', *, *, #538, .T. ) ;
#1062 = CARTESIAN_POINT ( 'NONE',  ( 12.68094636794315733, 33.06006100173538442, -4.397450612816916404 ) ) ;
#1063 = EDGE_CURVE ( 'NONE', #355, #218, #3, .T. ) ;
#1064 = DIRECTION ( 'NONE',  ( 0.04093637269129438150, -0.9623673263576197900, 0.2686509678935962153 ) ) ;
#1065 = DIRECTION ( 'NONE',  ( -1.000000000000000000, 0.000000000000000000, 0.000000000000000000 ) ) ;
#1066 = AXIS2_PLACEMENT_3D ( 'NONE', #975, #1569, #717 ) ;
#1067 = ORIENTED_EDGE ( 'NONE', *, *, #549, .T. ) ;
#1068 = DIRECTION ( 'NONE',  ( 1.000000000000000000, -0.000000000000000000, -0.000000000000000000 ) ) ;
#1069 = VERTEX_POINT ( 'NONE', #1851 ) ;
#1070 = VECTOR ( 'NONE', #1818, 1000.000000000000000 ) ;
#1071 = CARTESIAN_POINT ( 'NONE',  ( 13.34204564977640928, -123.5098182227954595, -4.895431806922982965 ) ) ;
#1072 = EDGE_LOOP ( 'NONE', ( #1689, #875, #1011, #915 ) ) ;
#1073 = FACE_BOUND ( 'NONE', #1361, .T. ) ;
#1074 = LINE ( 'NONE', #61, #1879 ) ;
#1075 = VERTEX_POINT ( 'NONE', #360 ) ;
#1076 = ORIENTED_EDGE ( 'NONE', *, *, #671, .F. ) ;
#1077 = DIRECTION ( 'NONE',  ( 0.000000000000000000, 0.000000000000000000, -1.000000000000000000 ) ) ;
#1078 = ORIENTED_EDGE ( 'NONE', *, *, #1647, .F. ) ;
#1079 = AXIS2_PLACEMENT_3D ( 'NONE', #1287, #1579, #1279 ) ;
#1080 = AXIS2_PLACEMENT_3D ( 'NONE', #960, #498, #1124 ) ;
#1081 = ADVANCED_FACE ( 'NONE', ( #367 ), #1677, .F. ) ;
#1082 = AXIS2_PLACEMENT_3D ( 'NONE', #195, #1056, #1815 ) ;
#1083 = DIRECTION ( 'NONE',  ( 1.000000000000000000, -0.000000000000000000, -0.000000000000000000 ) ) ;
#1084 = DIRECTION ( 'NONE',  ( 0.000000000000000000, 0.000000000000000000, 1.000000000000000000 ) ) ;
#1085 = EDGE_CURVE ( 'NONE', #1378, #1069, #101, .T. ) ;
#1086 = CARTESIAN_POINT ( 'NONE',  ( 0.000000000000000000, -7.863073388573758038, -11.71782012082281987 ) ) ;
#1087 =( GEOMETRIC_REPRESENTATION_CONTEXT ( 3 ) GLOBAL_UNCERTAINTY_ASSIGNED_CONTEXT ( ( #1413 ) ) GLOBAL_UNIT_ASSIGNED_CONTEXT ( ( #36, #636, #744 ) ) REPRESENTATION_CONTEXT ( 'NONE', 'WORKASPACE' ) );
#1088 = CARTESIAN_POINT ( 'NONE',  ( 18.96194041145093934, 0.000000000000000000, 0.000000000000000000 ) ) ;
#1089 = ORIENTED_EDGE ( 'NONE', *, *, #94, .T. ) ;
#1090 = CARTESIAN_POINT ( 'NONE',  ( 0.000000000000000000, 97.04407929468926852, 76.55773719128765720 ) ) ;
#1091 = VERTEX_POINT ( 'NONE', #203 ) ;
#1092 = B_SPLINE_CURVE_WITH_KNOTS ( 'NONE', 3,
 ( #241, #511, #81, #822, #1725, #1836, #1431, #680, #1868 ),
 .UNSPECIFIED., .F., .F.,
 ( 4, 2, 1, 2, 4 ),
 ( 2.818797539060149168E-06, 0.02163143589850852200, 0.04326005299947797977, 0.06488867010044745143, 0.08651728720141690920 ),
 .UNSPECIFIED. ) ;
#1093 = DIRECTION ( 'NONE',  ( 0.000000000000000000, 0.000000000000000000, 1.000000000000000000 ) ) ;
#1094 = CARTESIAN_POINT ( 'NONE',  ( 13.34204564977641105, -42.82246512305700747, 115.9520458240766629 ) ) ;
#1095 = CC_DESIGN_PERSON_AND_ORGANIZATION_ASSIGNMENT ( #932, #924, ( #696 ) ) ;
#1096 = CARTESIAN_POINT ( 'NONE',  ( 15.00000000000000000, -17.23445869079999326, -10.49697645901998833 ) ) ;
#1097 = CARTESIAN_POINT ( 'NONE',  ( 0.000000000000000000, 7.808670052769040915, 11.75414409921219416 ) ) ;
#1098 = DIRECTION ( 'NONE',  ( 0.000000000000000000, 0.000000000000000000, 1.000000000000000000 ) ) ;
#1099 = DIRECTION ( 'NONE',  ( 0.000000000000000000, -0.9625489150768216096, 0.2711080708581612986 ) ) ;
#1100 = ORIENTED_EDGE ( 'NONE', *, *, #95, .T. ) ;
#1101 = CIRCLE ( 'NONE', #1539, 5.547999999999997378 ) ;
#1102 = EDGE_CURVE ( 'NONE', #1142, #153, #1232, .T. ) ;
#1103 = CARTESIAN_POINT ( 'NONE',  ( 15.10162009010483075, 70.01564856859243946, -64.72232468643433378 ) ) ;
#1104 = CARTESIAN_POINT ( 'NONE',  ( 15.63267754175379487, 43.12286221829995725, 76.16927879507116472 ) ) ;
#1105 = CARTESIAN_POINT ( 'NONE',  ( 14.67134428128521328, -63.51367790119286383, -80.94614088414326147 ) ) ;
#1106 = CARTESIAN_POINT ( 'NONE',  ( 18.96194041145093934, -29.19184642660382067, -16.12633257146763555 ) ) ;
#1107 = CIRCLE ( 'NONE', #34, 4.783000000000000362 ) ;
#1108 = DIRECTION ( 'NONE',  ( 1.000000000000000000, -0.000000000000000000, -0.000000000000000000 ) ) ;
#1109 = VERTEX_POINT ( 'NONE', #1394 ) ;
#1110 = ORIENTED_EDGE ( 'NONE', *, *, #1762, .T. ) ;
#1111 = EDGE_CURVE ( 'NONE', #286, #45, #645, .T. ) ;
#1112 = CARTESIAN_POINT ( 'NONE',  ( 13.78518504921848375, 97.52361623428271287, 64.45920889465327264 ) ) ;
#1113 = CARTESIAN_POINT ( 'NONE',  ( 15.41677439428624474, 53.89906153779640618, 73.11840835982840758 ) ) ;
#1114 = DIRECTION ( 'NONE',  ( 1.000000000000000000, 0.000000000000000000, 0.000000000000000000 ) ) ;
#1115 = DESIGN_CONTEXT ( 'detailed design', #387, 'design' ) ;
#1116 = VECTOR ( 'NONE', #1809, 1000.000000000000000 ) ;
#1117 = DIRECTION ( 'NONE',  ( 0.000000000000000000, 0.000000000000000000, 1.000000000000000000 ) ) ;
#1118 = CC_DESIGN_DATE_AND_TIME_ASSIGNMENT ( #970, #646, ( #1637 ) ) ;
#1119 = FACE_OUTER_BOUND ( 'NONE', #1532, .T. ) ;
#1120 = ORIENTED_EDGE ( 'NONE', *, *, #1169, .T. ) ;
#1121 = AXIS2_PLACEMENT_3D ( 'NONE', #1382, #1084, #1220 ) ;
#1122 = EDGE_CURVE ( 'NONE', #863, #853, #872, .T. ) ;
#1123 = EDGE_CURVE ( 'NONE', #689, #355, #450, .T. ) ;
#1124 = DIRECTION ( 'NONE',  ( 0.000000000000000000, 0.000000000000000000, 1.000000000000000000 ) ) ;
#1125 = SECURITY_CLASSIFICATION_LEVEL ( 'unclassified' ) ;
#1126 = PLANE ( 'NONE',  #1401 ) ;
#1127 = DIRECTION ( 'NONE',  ( -0.06214525989161977237, 0.000000000000000000, 0.9980671153148986674 ) ) ;
#1128 = EDGE_CURVE ( 'NONE', #1905, #1661, #1849, .T. ) ;
#1129 = DIRECTION ( 'NONE',  ( 1.000000000000000000, -0.000000000000000000, -0.000000000000000000 ) ) ;
#1130 = ORIENTED_EDGE ( 'NONE', *, *, #1709, .F. ) ;
#1131 = CALENDAR_DATE ( 2026, 27, 3 ) ;
#1132 = VECTOR ( 'NONE', #424, 999.9999999999998863 ) ;
#1133 = CARTESIAN_POINT ( 'NONE',  ( 29.09877276435999249, 0.002184363420006862986, 0.4144000000000093720 ) ) ;
#1134 = DIRECTION ( 'NONE',  ( -1.000000000000000000, 0.000000000000000000, 0.000000000000000000 ) ) ;
#1135 = CARTESIAN_POINT ( 'NONE',  ( 24.00000000000000000, -42.82246512305700747, 115.9520458240766629 ) ) ;
#1136 = ORIENTED_EDGE ( 'NONE', *, *, #31, .T. ) ;
#1137 = DIRECTION ( 'NONE',  ( 0.000000000000000000, 0.000000000000000000, 1.000000000000000000 ) ) ;
#1138 = CARTESIAN_POINT ( 'NONE',  ( 15.00000000000000000, 18.07003509438000677, -9.057282532339989700 ) ) ;
#1139 = CARTESIAN_POINT ( 'NONE',  ( 29.09877276435999249, 18.07003509438000677, -9.057282532339989700 ) ) ;
#1140 = CIRCLE ( 'NONE', #430, 33.35000000000000142 ) ;
#1141 = FACE_OUTER_BOUND ( 'NONE', #423, .T. ) ;
#1142 = VERTEX_POINT ( 'NONE', #1497 ) ;
#1143 = CARTESIAN_POINT ( 'NONE',  ( 33.87601965656267566, -0.8290233122999931537, 19.01445898932000489 ) ) ;
#1144 = ORIENTED_EDGE ( 'NONE', *, *, #89, .F. ) ;
#1145 = LOCAL_TIME ( 13, 23, 37.00000000000000000, #533 ) ;
#1146 = ORIENTED_EDGE ( 'NONE', *, *, #1566, .F. ) ;
#1147 = EDGE_CURVE ( 'NONE', #165, #1777, #167, .T. ) ;
#1148 = CARTESIAN_POINT ( 'NONE',  ( 14.79374821748907287, 16.17635738819318192, 99.33464934334661223 ) ) ;
#1149 = CARTESIAN_POINT ( 'NONE',  ( 0.000000000000000000, -33.51080048295173697, -118.9775890703623702 ) ) ;
#1150 = CARTESIAN_POINT ( 'NONE',  ( 13.34204564977640928, 102.7990045341148999, -68.63676213807902116 ) ) ;
#1151 = CARTESIAN_POINT ( 'NONE',  ( 17.82773271374799506, -3.099828800989897548, 51.56563554466655575 ) ) ;
#1152 = ORIENTED_EDGE ( 'NONE', *, *, #1123, .F. ) ;
#1153 = DIRECTION ( 'NONE',  ( 0.000000000000000000, 0.000000000000000000, 1.000000000000000000 ) ) ;
#1154 = ORIENTED_EDGE ( 'NONE', *, *, #1798, .T. ) ;
#1155 = EDGE_LOOP ( 'NONE', ( #225, #690, #314, #1034 ) ) ;
#1156 = DIRECTION ( 'NONE',  ( -1.000000000000000000, -0.000000000000000000, -0.000000000000000000 ) ) ;
#1157 = EDGE_CURVE ( 'NONE', #254, #1443, #1349, .T. ) ;
#1158 = LINE ( 'NONE', #552, #246 ) ;
#1159 = CARTESIAN_POINT ( 'NONE',  ( 15.00000000000000000, -0.8290233122999931537, 20.79745898932000614 ) ) ;
#1160 =( BOUNDED_CURVE ( )  B_SPLINE_CURVE ( 3, ( #1806, #1786, #177, #926 ),
 .UNSPECIFIED., .F., .T. ) 
 B_SPLINE_CURVE_WITH_KNOTS ( ( 4, 4 ),
 ( 2.007698081260648415, 2.033567106085095499 ),
 .UNSPECIFIED. ) 
 CURVE ( )  GEOMETRIC_REPRESENTATION_ITEM ( )  RATIONAL_B_SPLINE_CURVE ( ( 1.000000000000000000, 0.9999442335737100951, 0.9999442335737100951, 1.000000000000000000 ) ) 
 REPRESENTATION_ITEM ( '' )  );
#1161 = CARTESIAN_POINT ( 'NONE',  ( 0.000000000000000000, 0.000000000000000000, 0.000000000000000000 ) ) ;
#1162 = ORIENTED_EDGE ( 'NONE', *, *, #1498, .F. ) ;
#1163 = CARTESIAN_POINT ( 'NONE',  ( -67.74903311566336583, 77.40167733166967423, 46.35909043643651728 ) ) ;
#1164 = ORIENTED_EDGE ( 'NONE', *, *, #1854, .F. ) ;
#1165 = ORIENTED_EDGE ( 'NONE', *, *, #871, .T. ) ;
#1166 = DIRECTION ( 'NONE',  ( 0.000000000000000000, 0.000000000000000000, 1.000000000000000000 ) ) ;
#1167 = CARTESIAN_POINT ( 'NONE',  ( 6.359947064584324572, -29.46670165241286554, -15.62109788261752463 ) ) ;
#1168 = CARTESIAN_POINT ( 'NONE',  ( 14.67115292297441265, 100.8809480890526800, -20.24495275046144016 ) ) ;
#1169 = EDGE_CURVE ( 'NONE', #286, #823, #1283, .T. ) ;
#1170 = CARTESIAN_POINT ( 'NONE',  ( 15.00000000000000000, 0.8333920401600068972, -19.96865899033998915 ) ) ;
#1171 = ORIENTED_EDGE ( 'NONE', *, *, #1128, .T. ) ;
#1172 = CARTESIAN_POINT ( 'NONE',  ( 12.68094636794321062, 14.39834474501425277, 30.08309947353080815 ) ) ;
#1173 = ORIENTED_EDGE ( 'NONE', *, *, #427, .T. ) ;
#1174 = AXIS2_PLACEMENT_3D ( 'NONE', #296, #877, #1886 ) ;
#1175 = CIRCLE ( 'NONE', #1675, 1.782999999999999918 ) ;
#1176 = CC_DESIGN_PERSON_AND_ORGANIZATION_ASSIGNMENT ( #979, #950, ( #1336 ) ) ;
#1177 = ORIENTED_EDGE ( 'NONE', *, *, #1231, .T. ) ;
#1178 = ADVANCED_FACE ( 'NONE', ( #303 ), #883, .F. ) ;
#1179 = EDGE_CURVE ( 'NONE', #132, #568, #362, .T. ) ;
#1180 = CARTESIAN_POINT ( 'NONE',  ( 18.96194041145093934, 16.48418204801773257, -28.99127872667589401 ) ) ;
#1181 = CARTESIAN_POINT ( 'NONE',  ( 18.96194041145093934, 14.13787939723382436, 30.20501392400393925 ) ) ;
#1182 = DIRECTION ( 'NONE',  ( -1.000000000000000000, 0.000000000000000000, 0.000000000000000000 ) ) ;
#1183 = CARTESIAN_POINT ( 'NONE',  ( 0.000000000000000000, 18.07003509438000677, -13.84028253233999095 ) ) ;
#1184 = CARTESIAN_POINT ( 'NONE',  ( 17.71507594074267899, -51.81573885250237765, 12.91416271176892039 ) ) ;
#1185 = EDGE_CURVE ( 'NONE', #483, #1537, #86, .T. ) ;
#1186 = CARTESIAN_POINT ( 'NONE',  ( 33.87601965656267566, 0.8333920401600068972, -19.96865899033998915 ) ) ;
#1187 = ORIENTED_EDGE ( 'NONE', *, *, #1867, .F. ) ;
#1188 = EDGE_LOOP ( 'NONE', ( #1036, #1057, #571, #1797 ) ) ;
#1189 = DIRECTION ( 'NONE',  ( 0.000000000000000000, -0.03960487526602657349, 0.9992154191440214550 ) ) ;
#1190 = PERSON_AND_ORGANIZATION ( #1265, #1884 ) ;
#1191 = CARTESIAN_POINT ( 'NONE',  ( 24.00000000000000000, -33.51080048295173697, -118.9775890703623702 ) ) ;
#1192 = PLANE ( 'NONE',  #1460 ) ;
#1193 = CARTESIAN_POINT ( 'NONE',  ( 33.87601965656267566, 18.07003509438000677, -10.84028253233998917 ) ) ;
#1194 = DIRECTION ( 'NONE',  ( 0.000000000000000000, 0.000000000000000000, 1.000000000000000000 ) ) ;
#1195 = EDGE_LOOP ( 'NONE', ( #1309, #1345, #589, #1681, #188 ) ) ;
#1196 = ORIENTED_EDGE ( 'NONE', *, *, #205, .T. ) ;
#1197 = AXIS2_PLACEMENT_3D ( 'NONE', #796, #1408, #80 ) ;
#1198 = ORIENTED_EDGE ( 'NONE', *, *, #1658, .F. ) ;
#1199 = CARTESIAN_POINT ( 'NONE',  ( 15.28280155121421480, -12.40001844422969057, 91.78223634654656848 ) ) ;
#1200 = VECTOR ( 'NONE', #734, 1000.000000000000000 ) ;
#1201 = CARTESIAN_POINT ( 'NONE',  ( 16.41867151801099567, 47.82887218407280727, 56.77767719885536479 ) ) ;
#1202 = CARTESIAN_POINT ( 'NONE',  ( 15.67842359285338105, 46.68866342421774362, -73.38025358223717376 ) ) ;
#1203 = CARTESIAN_POINT ( 'NONE',  ( 12.68094636794315555, -24.16139456757823112, 22.98982857440286409 ) ) ;
#1204 = LINE ( 'NONE', #1372, #1850 ) ;
#1205 = ORIENTED_EDGE ( 'NONE', *, *, #1122, .F. ) ;
#1206 = CARTESIAN_POINT ( 'NONE',  ( 15.00000000000000000, -0.8290233122999931537, 20.79745898932000614 ) ) ;
#1207 = EDGE_LOOP ( 'NONE', ( #1187, #123, #931, #711 ) ) ;
#1208 = LINE ( 'NONE', #1249, #1478 ) ;
#1209 = VERTEX_POINT ( 'NONE', #1703 ) ;
#1210 = EDGE_CURVE ( 'NONE', #1817, #651, #1037, .T. ) ;
#1211 = AXIS2_PLACEMENT_3D ( 'NONE', #1030, #1628, #1340 ) ;
#1212 = CARTESIAN_POINT ( 'NONE',  ( 29.09877276435999249, 0.002184363420008411660, 13.05640000000000711 ) ) ;
#1213 = VECTOR ( 'NONE', #1040, 999.9999999999998863 ) ;
#1214 = FACE_OUTER_BOUND ( 'NONE', #140, .T. ) ;
#1215 = DIRECTION ( 'NONE',  ( 0.000000000000000000, 0.000000000000000000, 1.000000000000000000 ) ) ;
#1216 = ORIENTED_EDGE ( 'NONE', *, *, #819, .F. ) ;
#1217 = ORIENTED_EDGE ( 'NONE', *, *, #1049, .F. ) ;
#1218 = PLANE ( 'NONE',  #1712 ) ;
#1219 = ORIENTED_EDGE ( 'NONE', *, *, #538, .F. ) ;
#1220 = DIRECTION ( 'NONE',  ( 1.000000000000000000, 0.000000000000000000, 0.000000000000000000 ) ) ;
#1221 = CARTESIAN_POINT ( 'NONE',  ( 15.00000000000000000, 18.07003509438000677, -9.057282532339989700 ) ) ;
#1222 = DIRECTION ( 'NONE',  ( -1.000000000000000000, 0.000000000000000000, 0.000000000000000000 ) ) ;
#1223 = AXIS2_PLACEMENT_3D ( 'NONE', #1088, #1680, #650 ) ;
#1224 = ORIENTED_EDGE ( 'NONE', *, *, #1261, .F. ) ;
#1225 = CARTESIAN_POINT ( 'NONE',  ( 33.87601965656267566, 4.084197075156423344E-15, -33.35000000000000142 ) ) ;
#1226 = EDGE_LOOP ( 'NONE', ( #633, #749 ) ) ;
#1227 = AXIS2_PLACEMENT_3D ( 'NONE', #217, #200, #1829 ) ;
#1228 = CARTESIAN_POINT ( 'NONE',  ( 15.00000000000000000, 0.8333920401600068972, -19.96865899033998915 ) ) ;
#1229 = ORIENTED_EDGE ( 'NONE', *, *, #1709, .T. ) ;
#1230 = EDGE_CURVE ( 'NONE', #1091, #1654, #223, .T. ) ;
#1231 = EDGE_CURVE ( 'NONE', #172, #1440, #521, .T. ) ;
#1232 = B_SPLINE_CURVE_WITH_KNOTS ( 'NONE', 3,
 ( #655, #923, #58, #1252, #1832, #1234, #349, #782 ),
 .UNSPECIFIED., .F., .F.,
 ( 4, 2, 2, 4 ),
 ( 3.599286932611387137E-06, 0.01612274100106398170, 0.03224188271519534688, 0.06448016614345809805 ),
 .UNSPECIFIED. ) ;
#1233 = DIRECTION ( 'NONE',  ( 1.000000000000000000, -0.000000000000000000, -0.000000000000000000 ) ) ;
#1234 = CARTESIAN_POINT ( 'NONE',  ( 16.41867199481449546, -34.10688138245016887, -65.93955692207495645 ) ) ;
#1235 = COORDINATED_UNIVERSAL_TIME_OFFSET ( 8, 0, .AHEAD. ) ;
#1236 = DIRECTION ( 'NONE',  ( 0.000000000000000000, 0.000000000000000000, -1.000000000000000000 ) ) ;
#1237 = DIRECTION ( 'NONE',  ( 1.000000000000000000, -0.000000000000000000, -0.000000000000000000 ) ) ;
#1238 = DIRECTION ( 'NONE',  ( 0.000000000000000000, 0.2733383332230996943, 0.9619179567878008985 ) ) ;
#1239 = EDGE_CURVE ( 'NONE', #52, #1400, #839, .T. ) ;
#1240 = ORIENTED_EDGE ( 'NONE', *, *, #1665, .T. ) ;
#1241 = CARTESIAN_POINT ( 'NONE',  ( 29.09877276435999249, 0.002184363420008411660, 13.05640000000000711 ) ) ;
#1242 = VERTEX_POINT ( 'NONE', #497 ) ;
#1243 = AXIS2_PLACEMENT_3D ( 'NONE', #1043, #1638, #313 ) ;
#1244 = CARTESIAN_POINT ( 'NONE',  ( 15.00000000000000000, 18.07003509438000677, -9.057282532339989700 ) ) ;
#1245 = DIRECTION ( 'NONE',  ( -0.000000000000000000, -0.8303721507642994881, 0.5572091988069395319 ) ) ;
#1246 = VECTOR ( 'NONE', #156, 1000.000000000000227 ) ;
#1247 = LINE ( 'NONE', #777, #619 ) ;
#1248 = VERTEX_POINT ( 'NONE', #941 ) ;
#1249 = CARTESIAN_POINT ( 'NONE',  ( 0.000000000000000000, 8.714485877596187535, -11.09923273867313931 ) ) ;
#1250 = EDGE_LOOP ( 'NONE', ( #1838, #1743, #55, #1540, #558, #1669, #1581, #1729, #586, #1463, #1509, #1564 ) ) ;
#1251 = ADVANCED_FACE ( 'NONE', ( #211 ), #644, .F. ) ;
#1252 = CARTESIAN_POINT ( 'NONE',  ( 17.71507594079157855, -28.29404248081908335, -45.28900033547202497 ) ) ;
#1253 = CARTESIAN_POINT ( 'NONE',  ( 15.10162009010482898, 64.67338608800916688, 70.06085561287542873 ) ) ;
#1254 = CARTESIAN_POINT ( 'NONE',  ( 13.34204564977640928, -123.5098182227954595, -4.895431806922982965 ) ) ;
#1255 = DIRECTION ( 'NONE',  ( 0.000000000000000000, -0.9380717560422067169, -0.3464410202558155794 ) ) ;
#1256 = CARTESIAN_POINT ( 'NONE',  ( 15.68727371451446295, -75.67341454780273580, -41.33264587866828066 ) ) ;
#1257 = ORIENTED_EDGE ( 'NONE', *, *, #1759, .T. ) ;
#1258 = ADVANCED_FACE ( 'NONE', ( #202 ), #1393, .F. ) ;
#1259 = CARTESIAN_POINT ( 'NONE',  ( 33.87601965656267566, 0.8333920401600072303, -17.42065899033999088 ) ) ;
#1260 = CARTESIAN_POINT ( 'NONE',  ( 29.09877276435999249, 0.002184363420006862986, 0.4144000000000093720 ) ) ;
#1261 = EDGE_CURVE ( 'NONE', #1462, #1632, #635, .T. ) ;
#1262 = CARTESIAN_POINT ( 'NONE',  ( 18.35012843992073073, -39.91214752417008782, -16.55104255018780179 ) ) ;
#1263 = CARTESIAN_POINT ( 'NONE',  ( 24.00000000000000000, 97.04407929468926852, 76.55773719128765720 ) ) ;
#1264 = VERTEX_POINT ( 'NONE', #68 ) ;
#1265 = PERSON ( 'æœª', 'æœª', 'æœª', ('æœª'), ('æœª'), ('æœª') ) ;
#1266 = CARTESIAN_POINT ( 'NONE',  ( 18.55840551269674066, 1.234964979621028025, 39.83086294965847429 ) ) ;
#1267 = EDGE_CURVE ( 'NONE', #557, #841, #358, .T. ) ;
#1268 = VECTOR ( 'NONE', #25, 1000.000000000000000 ) ;
#1269 = LINE ( 'NONE', #1567, #1312 ) ;
#1270 = DIRECTION ( 'NONE',  ( 0.000000000000000000, 0.000000000000000000, -1.000000000000000000 ) ) ;
#1271 = CARTESIAN_POINT ( 'NONE',  ( -67.74903311566335162, -89.86846202267736317, 7.990272431413314891 ) ) ;
#1272 = PLANE ( 'NONE',  #1297 ) ;
#1273 = ORIENTED_EDGE ( 'NONE', *, *, #1762, .F. ) ;
#1274 = VECTOR ( 'NONE', #1828, 999.9999999999998863 ) ;
#1275 =( BOUNDED_CURVE ( )  B_SPLINE_CURVE ( 3, ( #1479, #1167, #1872, #146 ),
 .UNSPECIFIED., .F., .F. ) 
 B_SPLINE_CURVE_WITH_KNOTS ( ( 4, 4 ),
 ( 2.007698081260648415, 2.033567106085095499 ),
 .UNSPECIFIED. ) 
 CURVE ( )  GEOMETRIC_REPRESENTATION_ITEM ( )  RATIONAL_B_SPLINE_CURVE ( ( 1.000000000000000000, 0.9999442335737100951, 0.9999442335737100951, 1.000000000000000000 ) ) 
 REPRESENTATION_ITEM ( '' )  );
#1276 = CARTESIAN_POINT ( 'NONE',  ( 0.000000000000000000, 85.56182902849971583, -39.89987331603047238 ) ) ;
#1277 = CARTESIAN_POINT ( 'NONE',  ( -67.74903311566335162, 68.00854873770201436, -59.28762280983457345 ) ) ;
#1278 = CARTESIAN_POINT ( 'NONE',  ( 29.09877276435999249, 0.8333920401600068972, -22.51665899033998741 ) ) ;
#1279 = DIRECTION ( 'NONE',  ( 0.000000000000000000, 0.000000000000000000, -1.000000000000000000 ) ) ;
#1280 = VERTEX_POINT ( 'NONE', #1541 ) ;
#1281 = EDGE_CURVE ( 'NONE', #798, #1075, #600, .T. ) ;
#1282 = EDGE_CURVE ( 'NONE', #1516, #1333, #623, .T. ) ;
#1283 = CIRCLE ( 'NONE', #1837, 33.35000000000000142 ) ;
#1284 = CARTESIAN_POINT ( 'NONE',  ( 15.21294900814388917, -7.427110251579239986, -93.33115240194761952 ) ) ;
#1285 = CARTESIAN_POINT ( 'NONE',  ( 15.00000000000000000, 18.07003509438000677, -10.84028253233998917 ) ) ;
#1286 = DIRECTION ( 'NONE',  ( 0.000000000000000000, -0.6193651043864265571, 0.7851030935287357515 ) ) ;
#1287 = CARTESIAN_POINT ( 'NONE',  ( 29.09877276435999249, 0.002184363420006862986, 0.4144000000000093720 ) ) ;
#1288 = ORIENTED_EDGE ( 'NONE', *, *, #120, .F. ) ;
#1289 = DIRECTION ( 'NONE',  ( 0.000000000000000000, 0.000000000000000000, 1.000000000000000000 ) ) ;
#1290 = ORIENTED_EDGE ( 'NONE', *, *, #966, .F. ) ;
#1291 = AXIS2_PLACEMENT_3D ( 'NONE', #590, #743, #440 ) ;
#1292 = ORIENTED_EDGE ( 'NONE', *, *, #1566, .T. ) ;
#1293 = CARTESIAN_POINT ( 'NONE',  ( 14.77330502335298235, 40.43894369544222656, 92.50093641223502061 ) ) ;
#1294 = CARTESIAN_POINT ( 'NONE',  ( 18.35012844047468050, -28.07450873252018297, 32.84415455067376399 ) ) ;
#1295 = FACE_OUTER_BOUND ( 'NONE', #1331, .T. ) ;
#1296 = ORIENTED_EDGE ( 'NONE', *, *, #1570, .F. ) ;
#1297 = AXIS2_PLACEMENT_3D ( 'NONE', #976, #530, #96 ) ;
#1298 = CARTESIAN_POINT ( 'NONE',  ( 0.000000000000000000, 14.91443618885516464, 29.82921542998688480 ) ) ;
#1299 = ORIENTED_EDGE ( 'NONE', *, *, #1267, .F. ) ;
#1300 = AXIS2_PLACEMENT_3D ( 'NONE', #419, #1027, #1625 ) ;
#1301 = VERTEX_POINT ( 'NONE', #1193 ) ;
#1302 = EDGE_CURVE ( 'NONE', #617, #288, #1101, .T. ) ;
#1303 = LINE ( 'NONE', #245, #1358 ) ;
#1304 = DIRECTION ( 'NONE',  ( 0.000000000000000000, 0.000000000000000000, -1.000000000000000000 ) ) ;
#1305 = FACE_OUTER_BOUND ( 'NONE', #546, .T. ) ;
#1306 = CARTESIAN_POINT ( 'NONE',  ( 33.87601965656267566, -0.8290233122999931537, 20.79745898932000614 ) ) ;
#1307 = ORIENTED_EDGE ( 'NONE', *, *, #1147, .F. ) ;
#1308 = CARTESIAN_POINT ( 'NONE',  ( 6.938893903907228378E-15, -18.88731395124056789, 92.49916674784029169 ) ) ;
#1309 = ORIENTED_EDGE ( 'NONE', *, *, #952, .F. ) ;
#1310 = ORIENTED_EDGE ( 'NONE', *, *, #732, .T. ) ;
#1311 = EDGE_CURVE ( 'NONE', #823, #1888, #1020, .T. ) ;
#1312 = VECTOR ( 'NONE', #102, 1000.000000000000227 ) ;
#1313 = EDGE_CURVE ( 'NONE', #121, #710, #752, .T. ) ;
#1314 = CARTESIAN_POINT ( 'NONE',  ( 17.71507594085025872, 34.32905891858700187, -40.90430423508272639 ) ) ;
#1315 = CIRCLE ( 'NONE', #874, 1.782999999999999918 ) ;
#1316 = DIRECTION ( 'NONE',  ( 1.000000000000000000, 0.000000000000000000, 0.000000000000000000 ) ) ;
#1317 = FACE_OUTER_BOUND ( 'NONE', #1848, .T. ) ;
#1318 = EDGE_CURVE ( 'NONE', #1711, #52, #738, .T. ) ;
#1319 = DIRECTION ( 'NONE',  ( 0.000000000000000000, 0.000000000000000000, 1.000000000000000000 ) ) ;
#1320 = B_SPLINE_CURVE_WITH_KNOTS ( 'NONE', 3,
 ( #1770, #1199, #1347, #890 ),
 .UNSPECIFIED., .F., .F.,
 ( 4, 4 ),
 ( 0.0002369444170659215664, 0.01955309770527277960 ),
 .UNSPECIFIED. ) ;
#1321 = EDGE_CURVE ( 'NONE', #949, #1895, #1593, .T. ) ;
#1322 = ORIENTED_EDGE ( 'NONE', *, *, #758, .F. ) ;
#1323 = EDGE_CURVE ( 'NONE', #957, #1623, #944, .T. ) ;
#1324 = FACE_OUTER_BOUND ( 'NONE', #1591, .T. ) ;
#1325 = ORIENTED_EDGE ( 'NONE', *, *, #436, .T. ) ;
#1326 = ORIENTED_EDGE ( 'NONE', *, *, #910, .T. ) ;
#1327 = CARTESIAN_POINT ( 'NONE',  ( 12.68094636794359786, 16.73418105530642919, -28.84913152486313948 ) ) ;
#1328 = PLANE ( 'NONE',  #466 ) ;
#1329 = EDGE_CURVE ( 'NONE', #1242, #1462, #1334, .T. ) ;
#1330 = CARTESIAN_POINT ( 'NONE',  ( 15.76119155737296751, -83.96933062500669109, 11.63425190728358416 ) ) ;
#1331 = EDGE_LOOP ( 'NONE', ( #1224, #1392, #1196, #1600 ) ) ;
#1332 = CARTESIAN_POINT ( 'NONE',  ( 0.000000000000000000, 14.91443618885516464, 29.82921542998688480 ) ) ;
#1333 = VERTEX_POINT ( 'NONE', #565 ) ;
#1334 = CIRCLE ( 'NONE', #922, 2.547999999999998266 ) ;
#1335 = ORIENTED_EDGE ( 'NONE', *, *, #1318, .F. ) ;
#1336 = SECURITY_CLASSIFICATION ( '', '', #1125 ) ;
#1337 = LINE ( 'NONE', #1645, #1200 ) ;
#1338 = DATE_AND_TIME ( #1812, #986 ) ;
#1339 = CARTESIAN_POINT ( 'NONE',  ( 29.09877276435999249, 0.002184363420006862986, 0.4144000000000093720 ) ) ;
#1340 = DIRECTION ( 'NONE',  ( 0.000000000000000000, 0.000000000000000000, -1.000000000000000000 ) ) ;
#1341 = CARTESIAN_POINT ( 'NONE',  ( 16.19999654385752663, -12.40040652523104647, 76.73619761379660531 ) ) ;
#1342 = ORIENTED_EDGE ( 'NONE', *, *, #12, .F. ) ;
#1343 = DIRECTION ( 'NONE',  ( -1.000000000000000000, 0.000000000000000000, 0.000000000000000000 ) ) ;
#1344 = ORIENTED_EDGE ( 'NONE', *, *, #794, .T. ) ;
#1345 = ORIENTED_EDGE ( 'NONE', *, *, #1185, .F. ) ;
#1346 = B_SPLINE_CURVE_WITH_KNOTS ( 'NONE', 3,
 ( #956, #967, #1556, #1563, #802, #1416, #87, #666 ),
 .UNSPECIFIED., .F., .F.,
 ( 4, 2, 2, 4 ),
 ( 7.579862272945062855E-05, 0.03231408186717118353, 0.04843322348939205213, 0.06455236511161291380 ),
 .UNSPECIFIED. ) ;
#1347 = CARTESIAN_POINT ( 'NONE',  ( 15.43168741853384773, -6.199625305142776099, 90.04667207309695698 ) ) ;
#1348 = CARTESIAN_POINT ( 'NONE',  ( 15.76119143566433145, 56.25115175581952798, 63.41933900228130483 ) ) ;
#1349 = LINE ( 'NONE', #745, #1268 ) ;
#1350 = CARTESIAN_POINT ( 'NONE',  ( 6.359947064584434706, -23.96225851171968912, 23.19731390372916735 ) ) ;
#1351 = DIRECTION ( 'NONE',  ( -1.000000000000000000, 0.000000000000000000, 0.000000000000000000 ) ) ;
#1352 = ORIENTED_EDGE ( 'NONE', *, *, #427, .F. ) ;
#1353 = DIRECTION ( 'NONE',  ( -1.000000000000000000, -0.000000000000000000, -0.000000000000000000 ) ) ;
#1354 = ORIENTED_EDGE ( 'NONE', *, *, #876, .F. ) ;
#1355 = AXIS2_PLACEMENT_3D ( 'NONE', #1170, #1619, #294 ) ;
#1356 = ADVANCED_FACE ( 'NONE', ( #17 ), #1742, .F. ) ;
#1357 = ORIENTED_EDGE ( 'NONE', *, *, #410, .T. ) ;
#1358 = VECTOR ( 'NONE', #1156, 1000.000000000000000 ) ;
#1359 = CARTESIAN_POINT ( 'NONE',  ( 15.00000000000000000, -0.8290233122999931537, 20.79745898932000614 ) ) ;
#1360 = FACE_OUTER_BOUND ( 'NONE', #1660, .T. ) ;
#1361 = EDGE_LOOP ( 'NONE', ( #1375, #1767 ) ) ;
#1362 = VERTEX_POINT ( 'NONE', #422 ) ;
#1363 = DIRECTION ( 'NONE',  ( 0.000000000000000000, 0.7836654236366767945, 0.6211831483518752695 ) ) ;
#1364 = VECTOR ( 'NONE', #1022, 999.9999999999998863 ) ;
#1365 = EDGE_LOOP ( 'NONE', ( #1165, #1061 ) ) ;
#1366 = VECTOR ( 'NONE', #507, 999.9999999999998863 ) ;
#1367 = CIRCLE ( 'NONE', #856, 33.35000000000000142 ) ;
#1368 = CARTESIAN_POINT ( 'NONE',  ( 18.96194041145093934, 14.13787939723382436, 30.20501392400393925 ) ) ;
#1369 = AXIS2_PLACEMENT_3D ( 'NONE', #998, #117, #1881 ) ;
#1370 = PLANE ( 'NONE',  #1779 ) ;
#1371 = AXIS2_PLACEMENT_3D ( 'NONE', #1260, #1114, #230 ) ;
#1372 = CARTESIAN_POINT ( 'NONE',  ( 0.000000000000000000, -123.5098182227954595, -4.895431806922982965 ) ) ;
#1373 = VERTEX_POINT ( 'NONE', #1763 ) ;
#1374 = LINE ( 'NONE', #315, #566 ) ;
#1375 = ORIENTED_EDGE ( 'NONE', *, *, #679, .F. ) ;
#1376 = EDGE_CURVE ( 'NONE', #1400, #52, #1175, .T. ) ;
#1377 = CARTESIAN_POINT ( 'NONE',  ( 14.81339473458351108, 42.82976289305322837, -90.78411400565002509 ) ) ;
#1378 = VERTEX_POINT ( 'NONE', #595 ) ;
#1379 = MANIFOLD_SOLID_BREP ( '\X2\52079664\X0\-\X2\62c94f38\X0\10', #283 ) ;
#1380 = CARTESIAN_POINT ( 'NONE',  ( 18.96194041145093934, -30.37662949585728711, 13.76527807461270037 ) ) ;
#1381 = CARTESIAN_POINT ( 'NONE',  ( 14.56967281956872817, 2.487487198311807911E-15, 103.8908240751785144 ) ) ;
#1382 = CARTESIAN_POINT ( 'NONE',  ( 0.000000000000000000, 0.000000000000000000, 0.000000000000000000 ) ) ;
#1383 = EDGE_CURVE ( 'NONE', #1485, #483, #707, .T. ) ;
#1384 = FACE_BOUND ( 'NONE', #233, .T. ) ;
#1385 = DIRECTION ( 'NONE',  ( -1.000000000000000000, -0.000000000000000000, -0.000000000000000000 ) ) ;
#1386 = CONICAL_SURFACE ( 'NONE', #1896, 33.35000000000000142, 1.508610996046928499 ) ;
#1387 = DIRECTION ( 'NONE',  ( -0.06975647374412546897, 0.3455971073425324058, -0.9357866603918114645 ) ) ;
#1388 = ORIENTED_EDGE ( 'NONE', *, *, #818, .T. ) ;
#1389 = VECTOR ( 'NONE', #356, 1000.000000000000000 ) ;
#1390 = EDGE_CURVE ( 'NONE', #608, #681, #1010, .T. ) ;
#1391 = DIRECTION ( 'NONE',  ( 0.000000000000000000, 0.9380717560422086043, 0.3464410202558107499 ) ) ;
#1392 = ORIENTED_EDGE ( 'NONE', *, *, #1329, .F. ) ;
#1393 = CYLINDRICAL_SURFACE ( 'NONE', #1444, 4.783000000000000362 ) ;
#1394 = CARTESIAN_POINT ( 'NONE',  ( 0.000000000000000000, 32.48152330999007376, 7.561292446571012071 ) ) ;
#1395 = PERSON_AND_ORGANIZATION ( #1265, #1884 ) ;
#1396 = CARTESIAN_POINT ( 'NONE',  ( 60.00000000000000000, 0.000000000000000000, 0.000000000000000000 ) ) ;
#1397 = DIRECTION ( 'NONE',  ( 0.000000000000000000, -0.5552830700857778190, -0.8316614167292559756 ) ) ;
#1398 = EDGE_LOOP ( 'NONE', ( #295, #835, #1652 ) ) ;
#1399 = DIRECTION ( 'NONE',  ( 0.000000000000000000, -0.7865365457067930999, -0.6175437330810068515 ) ) ;
#1400 = VERTEX_POINT ( 'NONE', #1587 ) ;
#1401 = AXIS2_PLACEMENT_3D ( 'NONE', #951, #808, #220 ) ;
#1402 = CARTESIAN_POINT ( 'NONE',  ( 14.31933486992403992, -14.27443051887407321, 107.9113089149146276 ) ) ;
#1403 = COORDINATED_UNIVERSAL_TIME_OFFSET ( 8, 0, .AHEAD. ) ;
#1404 = CARTESIAN_POINT ( 'NONE',  ( 15.00000000000000000, -17.23445869079999326, -10.49697645901998833 ) ) ;
#1405 = CARTESIAN_POINT ( 'NONE',  ( 15.68727366353111741, -78.70740243404422642, 35.21360837925145404 ) ) ;
#1406 = LOCAL_TIME ( 13, 23, 37.00000000000000000, #237 ) ;
#1407 = CARTESIAN_POINT ( 'NONE',  ( 12.68094636794359076, 3.418857191070518553, 33.17554251007351240 ) ) ;
#1408 = DIRECTION ( 'NONE',  ( 1.000000000000000000, 0.000000000000000000, 0.000000000000000000 ) ) ;
#1409 = LINE ( 'NONE', #1135, #336 ) ;
#1410 = ORIENTED_EDGE ( 'NONE', *, *, #1383, .T. ) ;
#1411 = DIRECTION ( 'NONE',  ( 0.000000000000000000, 0.000000000000000000, 1.000000000000000000 ) ) ;
#1412 = CARTESIAN_POINT ( 'NONE',  ( 0.000000000000000000, -13.57413248776970605, 3.857221629947176655 ) ) ;
#1413 = UNCERTAINTY_MEASURE_WITH_UNIT (LENGTH_MEASURE( 1.000000000000000082E-05 ), #36, 'distance_accuracy_value', 'NONE');
#1414 = DIRECTION ( 'NONE',  ( -1.000000000000000000, -0.000000000000000000, -0.000000000000000000 ) ) ;
#1415 = AXIS2_PLACEMENT_3D ( 'NONE', #575, #412, #136 ) ;
#1416 = CARTESIAN_POINT ( 'NONE',  ( 18.35012843890120138, 42.01806436462530314, -10.06969701399138728 ) ) ;
#1417 = VERTEX_POINT ( 'NONE', #1629 ) ;
#1418 = ADVANCED_FACE ( 'NONE', ( #726 ), #341, .T. ) ;
#1419 = CIRCLE ( 'NONE', #1750, 4.783000000000000362 ) ;
#1420 = PLANE ( 'NONE',  #327 ) ;
#1421 = DIRECTION ( 'NONE',  ( 1.000000000000000000, -0.000000000000000000, -0.000000000000000000 ) ) ;
#1422 = CARTESIAN_POINT ( 'NONE',  ( 18.96194041145093934, 0.000000000000000000, 33.35000000000000142 ) ) ;
#1423 = CARTESIAN_POINT ( 'NONE',  ( 18.96194041145093934, 0.000000000000000000, 0.000000000000000000 ) ) ;
#1424 = EDGE_LOOP ( 'NONE', ( #1734, #408, #968, #435 ) ) ;
#1425 = VECTOR ( 'NONE', #373, 1000.000000000000000 ) ;
#1426 = AXIS2_PLACEMENT_3D ( 'NONE', #721, #1766, #251 ) ;
#1427 = VECTOR ( 'NONE', #413, 1000.000000000000114 ) ;
#1428 = CYLINDRICAL_SURFACE ( 'NONE', #547, 1.782999999999999918 ) ;
#1429 = DIRECTION ( 'NONE',  ( 0.000000000000000000, 0.000000000000000000, 1.000000000000000000 ) ) ;
#1430 = ADVANCED_FACE ( 'NONE', ( #452 ), #259, .F. ) ;
#1431 = CARTESIAN_POINT ( 'NONE',  ( 15.46681570555019469, 86.07145997921593050, -25.44927839977266260 ) ) ;
#1432 = ORIENTED_EDGE ( 'NONE', *, *, #147, .F. ) ;
#1433 = EDGE_LOOP ( 'NONE', ( #1219, #621, #1674, #138 ) ) ;
#1434 = VECTOR ( 'NONE', #150, 1000.000000000000000 ) ;
#1435 = ADVANCED_FACE ( 'NONE', ( #1295 ), #1883, .F. ) ;
#1436 = CARTESIAN_POINT ( 'NONE',  ( 17.39253184976644917, 53.72087386142736420, 23.33124415382125960 ) ) ;
#1437 = CARTESIAN_POINT ( 'NONE',  ( 15.78943529384793365, 21.56526814807259385, 82.25250139171919272 ) ) ;
#1438 = DIRECTION ( 'NONE',  ( 0.000000000000000000, -0.9625489150768177238, 0.2711080708581751209 ) ) ;
#1439 = CARTESIAN_POINT ( 'NONE',  ( 0.000000000000000000, 0.8333920401600075634, -25.51665899033998741 ) ) ;
#1440 = VERTEX_POINT ( 'NONE', #1457 ) ;
#1441 = LINE ( 'NONE', #131, #231 ) ;
#1442 = ORIENTED_EDGE ( 'NONE', *, *, #1267, .T. ) ;
#1443 = VERTEX_POINT ( 'NONE', #128 ) ;
#1444 = AXIS2_PLACEMENT_3D ( 'NONE', #1244, #1823, #1093 ) ;
#1445 = CARTESIAN_POINT ( 'NONE',  ( 0.000000000000000000, -21.83368817260284445, -25.20937446232140999 ) ) ;
#1446 = FACE_BOUND ( 'NONE', #210, .T. ) ;
#1447 = CARTESIAN_POINT ( 'NONE',  ( 15.10162009010483075, -39.91856336292528340, -86.58913705735257338 ) ) ;
#1448 = CARTESIAN_POINT ( 'NONE',  ( 33.87601965656267566, -17.23445869079999326, -10.49697645901998833 ) ) ;
#1449 = EDGE_CURVE ( 'NONE', #481, #788, #4, .T. ) ;
#1450 = ORIENTED_EDGE ( 'NONE', *, *, #149, .F. ) ;
#1451 = CARTESIAN_POINT ( 'NONE',  ( 33.87601965656267566, 18.07003509438000677, -9.057282532339989700 ) ) ;
#1452 = ORIENTED_EDGE ( 'NONE', *, *, #937, .F. ) ;
#1453 = EDGE_LOOP ( 'NONE', ( #1705, #1273, #182, #757, #896 ) ) ;
#1454 = DIRECTION ( 'NONE',  ( 0.9975640502598243087, -0.05801376778007655277, 0.03873458889899594748 ) ) ;
#1455 = DIRECTION ( 'NONE',  ( -1.000000000000000000, 0.000000000000000000, -0.000000000000000000 ) ) ;
#1456 = CARTESIAN_POINT ( 'NONE',  ( -67.74903311566335162, 63.10272634693497906, 64.48434575486871267 ) ) ;
#1457 = CARTESIAN_POINT ( 'NONE',  ( 0.000000000000000000, 97.04407929468926852, 76.55773719128765720 ) ) ;
#1458 = EDGE_CURVE ( 'NONE', #18, #1654, #793, .T. ) ;
#1459 = ORIENTED_EDGE ( 'NONE', *, *, #662, .F. ) ;
#1460 = AXIS2_PLACEMENT_3D ( 'NONE', #614, #1064, #469 ) ;
#1461 = CARTESIAN_POINT ( 'NONE',  ( 6.359947064584489773, 14.65721144495877581, 29.95782632282253388 ) ) ;
#1462 = VERTEX_POINT ( 'NONE', #767 ) ;
#1463 = ORIENTED_EDGE ( 'NONE', *, *, #1449, .F. ) ;
#1464 = EDGE_CURVE ( 'NONE', #987, #1109, #869, .T. ) ;
#1465 = LINE ( 'NONE', #400, #607 ) ;
#1466 = EDGE_CURVE ( 'NONE', #1443, #1777, #1204, .T. ) ;
#1467 = FACE_OUTER_BOUND ( 'NONE', #42, .T. ) ;
#1468 = EDGE_CURVE ( 'NONE', #905, #407, #51, .T. ) ;
#1469 = FACE_OUTER_BOUND ( 'NONE', #1365, .T. ) ;
#1470 = CARTESIAN_POINT ( 'NONE',  ( 0.000000000000000000, 13.59186708880037919, -3.794256256296087315 ) ) ;
#1471 = ORIENTED_EDGE ( 'NONE', *, *, #1466, .T. ) ;
#1472 = LINE ( 'NONE', #139, #1364 ) ;
#1473 = VERTEX_POINT ( 'NONE', #1668 ) ;
#1474 = ORIENTED_EDGE ( 'NONE', *, *, #1147, .T. ) ;
#1475 = EDGE_CURVE ( 'NONE', #1417, #1280, #1751, .T. ) ;
#1476 = AXIS2_PLACEMENT_3D ( 'NONE', #1159, #1586, #838 ) ;
#1477 = CARTESIAN_POINT ( 'NONE',  ( 0.000000000000000000, 18.07003509438000677, -4.274282532339988450 ) ) ;
#1478 = VECTOR ( 'NONE', #1399, 1000.000000000000000 ) ;
#1479 = CARTESIAN_POINT ( 'NONE',  ( 0.000000000000000000, -29.59920525550583648, -15.36585657366476099 ) ) ;
#1480 = CIRCLE ( 'NONE', #299, 5.547999999999997378 ) ;
#1481 = CARTESIAN_POINT ( 'NONE',  ( 15.10162009010483075, -94.68667750894636015, 11.20729492846787778 ) ) ;
#1482 = ORIENTED_EDGE ( 'NONE', *, *, #120, .T. ) ;
#1483 = CARTESIAN_POINT ( 'NONE',  ( 18.96194041145093934, 0.000000000000000000, 0.000000000000000000 ) ) ;
#1484 = ORIENTED_EDGE ( 'NONE', *, *, #100, .T. ) ;
#1485 = VERTEX_POINT ( 'NONE', #606 ) ;
#1486 = CARTESIAN_POINT ( 'NONE',  ( 0.000000000000000000, 83.84863166343849628, 3.323422091606898388 ) ) ;
#1487 = DIRECTION ( 'NONE',  ( 1.000000000000000000, -0.000000000000000000, -0.000000000000000000 ) ) ;
#1488 = DIRECTION ( 'NONE',  ( 1.000000000000000000, 0.000000000000000000, 0.000000000000000000 ) ) ;
#1489 = FACE_BOUND ( 'NONE', #661, .T. ) ;
#1490 = CARTESIAN_POINT ( 'NONE',  ( 15.00000000000000000, 0.8333920401600068972, -19.96865899033998915 ) ) ;
#1491 = VERTEX_POINT ( 'NONE', #1795 ) ;
#1492 = ORIENTED_EDGE ( 'NONE', *, *, #1768, .F. ) ;
#1493 = EDGE_CURVE ( 'NONE', #154, #888, #1528, .T. ) ;
#1494 = AXIS2_PLACEMENT_3D ( 'NONE', #657, #828, #1865 ) ;
#1495 = VERTEX_POINT ( 'NONE', #914 ) ;
#1496 = DIRECTION ( 'NONE',  ( 0.000000000000000000, 0.000000000000000000, -1.000000000000000000 ) ) ;
#1497 = CARTESIAN_POINT ( 'NONE',  ( 18.96194041145093934, -22.47845215752634473, -24.63618656776651505 ) ) ;
#1498 = EDGE_CURVE ( 'NONE', #1209, #701, #755, .T. ) ;
#1499 = FACE_OUTER_BOUND ( 'NONE', #1195, .T. ) ;
#1500 = CARTESIAN_POINT ( 'NONE',  ( 15.10162009010482898, -11.14113073673036780, -94.69448538961472650 ) ) ;
#1501 = ORIENTED_EDGE ( 'NONE', *, *, #676, .T. ) ;
#1502 = ORIENTED_EDGE ( 'NONE', *, *, #380, .T. ) ;
#1503 = ORIENTED_EDGE ( 'NONE', *, *, #1906, .F. ) ;
#1504 = DIRECTION ( 'NONE',  ( -1.000000000000000000, -0.000000000000000000, -0.000000000000000000 ) ) ;
#1505 = CARTESIAN_POINT ( 'NONE',  ( -67.74903311566335162, -41.82844239660320085, 79.94101779764667981 ) ) ;
#1506 = CARTESIAN_POINT ( 'NONE',  ( -1.387778780781445676E-14, 82.13543429837724830, 46.54671749924420254 ) ) ;
#1507 = FACE_OUTER_BOUND ( 'NONE', #540, .T. ) ;
#1508 = CARTESIAN_POINT ( 'NONE',  ( 29.09877276435999249, 0.002184363420006862986, -12.22759999999999003 ) ) ;
#1509 = ORIENTED_EDGE ( 'NONE', *, *, #293, .F. ) ;
#1510 = EDGE_CURVE ( 'NONE', #588, #1548, #889, .T. ) ;
#1511 = LINE ( 'NONE', #344, #1070 ) ;
#1512 = ORIENTED_EDGE ( 'NONE', *, *, #515, .F. ) ;
#1513 = CARTESIAN_POINT ( 'NONE',  ( 18.96194041145093934, 9.643991807986253879E-15, -33.35000000000000142 ) ) ;
#1514 = DIRECTION ( 'NONE',  ( -0.9975602373512963972, -0.06981097947762317235, 0.000000000000000000 ) ) ;
#1515 = CARTESIAN_POINT ( 'NONE',  ( 15.00000000000000000, -0.8290233122999931537, 20.79745898932000614 ) ) ;
#1516 = VERTEX_POINT ( 'NONE', #627 ) ;
#1517 = ORIENTED_EDGE ( 'NONE', *, *, #1533, .T. ) ;
#1518 = EDGE_CURVE ( 'NONE', #1548, #949, #1074, .T. ) ;
#1519 = CARTESIAN_POINT ( 'NONE',  ( 14.83766566492840866, 34.26324128637171640, -93.94783199027793330 ) ) ;
#1520 = AXIS2_PLACEMENT_3D ( 'NONE', #1163, #587, #1033 ) ;
#1521 = VERTEX_POINT ( 'NONE', #1506 ) ;
#1522 = AXIS2_PLACEMENT_3D ( 'NONE', #684, #1843, #1270 ) ;
#1523 = CARTESIAN_POINT ( 'NONE',  ( 13.88468870163969981, -28.55094914558586794, 111.9323818836058280 ) ) ;
#1524 = APPLICATION_PROTOCOL_DEFINITION ( 'international standard', 'config_control_design', 1994, #387 ) ;
#1525 = DIRECTION ( 'NONE',  ( -0.06975647374412549673, -0.8296355313172601997, 0.5539304284354784613 ) ) ;
#1526 = EDGE_CURVE ( 'NONE', #1485, #475, #1160, .T. ) ;
#1527 = ADVANCED_FACE ( 'NONE', ( #1360 ), #38, .F. ) ;
#1528 = LINE ( 'NONE', #329, #649 ) ;
#1529 = CARTESIAN_POINT ( 'NONE',  ( 0.000000000000000000, -69.78842646339684563, 46.59628416508133597 ) ) ;
#1530 = EDGE_LOOP ( 'NONE', ( #1582, #907, #674, #778 ) ) ;
#1531 = CARTESIAN_POINT ( 'NONE',  ( 15.00000000000000000, 0.8333920401600068972, -14.42065899033999266 ) ) ;
#1532 = EDGE_LOOP ( 'NONE', ( #824, #219, #190, #416 ) ) ;
#1533 = EDGE_CURVE ( 'NONE', #132, #1280, #895, .T. ) ;
#1534 = DIRECTION ( 'NONE',  ( 0.000000000000000000, 0.6193651043864201178, -0.7851030935287408585 ) ) ;
#1535 = CARTESIAN_POINT ( 'NONE',  ( 18.96194041145093934, 3.704662665424126367, 33.14359628247080991 ) ) ;
#1536 = CARTESIAN_POINT ( 'NONE',  ( -63.58569736464109212, -15.41826308821133296, -12.16341421375090270 ) ) ;
#1537 = VERTEX_POINT ( 'NONE', #1500 ) ;
#1538 = DIRECTION ( 'NONE',  ( 0.000000000000000000, 0.000000000000000000, 1.000000000000000000 ) ) ;
#1539 = AXIS2_PLACEMENT_3D ( 'NONE', #585, #1732, #433 ) ;
#1540 = ORIENTED_EDGE ( 'NONE', *, *, #89, .T. ) ;
#1541 = CARTESIAN_POINT ( 'NONE',  ( 0.000000000000000000, -17.23445869079999326, -5.713976459019987963 ) ) ;
#1542 = DATE_AND_TIME ( #499, #496 ) ;
#1543 = AXIS2_PLACEMENT_3D ( 'NONE', #1505, #1525, #1785 ) ;
#1544 = DIRECTION ( 'NONE',  ( 0.9975640502598243087, 0.02416650393336251118, -0.06543657782046401195 ) ) ;
#1545 = PLANE ( 'NONE',  #527 ) ;
#1546 = DIRECTION ( 'NONE',  ( 1.000000000000000000, 0.000000000000000000, 0.000000000000000000 ) ) ;
#1547 = ORIENTED_EDGE ( 'NONE', *, *, #1510, .F. ) ;
#1548 = VERTEX_POINT ( 'NONE', #463 ) ;
#1549 = SHAPE_DEFINITION_REPRESENTATION ( #834, #912 ) ;
#1550 = B_SPLINE_CURVE_WITH_KNOTS ( 'NONE', 3,
 ( #1535, #1558, #1266, #212 ),
 .UNSPECIFIED., .F., .F.,
 ( 4, 4 ),
 ( 3.599286932615114505E-06, 0.01071380026972709384 ),
 .UNSPECIFIED. ) ;
#1551 = CARTESIAN_POINT ( 'NONE',  ( 15.10162009010482898, -46.64665788287218362, 83.15804029470122316 ) ) ;
#1552 = AXIS2_PLACEMENT_3D ( 'NONE', #1018, #292, #1304 ) ;
#1553 = ADVANCED_FACE ( 'NONE', ( #933 ), #490, .T. ) ;
#1554 = CARTESIAN_POINT ( 'NONE',  ( 29.09877276435999249, -0.8290233122999929316, 22.58045898932000384 ) ) ;
#1555 = CARTESIAN_POINT ( 'NONE',  ( -67.74903311566335162, -13.14823056762078579, -89.25978351301496616 ) ) ;
#1556 = CARTESIAN_POINT ( 'NONE',  ( 16.41867151572400729, 68.77871423780663918, -27.94269342288060543 ) ) ;
#1557 = ORIENTED_EDGE ( 'NONE', *, *, #713, .T. ) ;
#1558 = CARTESIAN_POINT ( 'NONE',  ( 18.76356166819319427, 2.469875332165646586, 36.48746515504119969 ) ) ;
#1559 = PERSON_AND_ORGANIZATION ( #1265, #1884 ) ;
#1560 = CARTESIAN_POINT ( 'NONE',  ( 14.15643650918153895, 98.00329903719247682, 52.35700052394306425 ) ) ;
#1561 = CARTESIAN_POINT ( 'NONE',  ( 15.30449248530165818, -50.66179301476709895, 77.17001917277146106 ) ) ;
#1562 = CARTESIAN_POINT ( 'NONE',  ( 14.81188783024098043, -86.01447907537925630, -52.42427472859193927 ) ) ;
#1563 = CARTESIAN_POINT ( 'NONE',  ( 17.39253026107758515, 55.39898050387188277, -19.00618806404998296 ) ) ;
#1564 = ORIENTED_EDGE ( 'NONE', *, *, #973, .T. ) ;
#1565 = VECTOR ( 'NONE', #1391, 1000.000000000000114 ) ;
#1566 = EDGE_CURVE ( 'NONE', #1711, #544, #1048, .T. ) ;
#1567 = CARTESIAN_POINT ( 'NONE',  ( 0.000000000000000000, -33.51080048295173697, -118.9775890703623702 ) ) ;
#1568 = DIRECTION ( 'NONE',  ( 1.000000000000000000, -0.000000000000000000, -0.000000000000000000 ) ) ;
#1569 = DIRECTION ( 'NONE',  ( -1.000000000000000000, -0.000000000000000000, -0.000000000000000000 ) ) ;
#1570 = EDGE_CURVE ( 'NONE', #701, #1485, #733, .T. ) ;
#1571 = DIRECTION ( 'NONE',  ( 1.000000000000000000, -0.000000000000000000, -0.000000000000000000 ) ) ;
#1572 = VERTEX_POINT ( 'NONE', #1551 ) ;
#1573 = PERSON_AND_ORGANIZATION ( #1265, #1884 ) ;
#1574 = VECTOR ( 'NONE', #280, 1000.000000000000000 ) ;
#1575 = CARTESIAN_POINT ( 'NONE',  ( 12.68094636794342023, -22.26600819314012369, -24.83002385165278270 ) ) ;
#1576 = DIRECTION ( 'NONE',  ( 0.000000000000000000, 0.000000000000000000, -1.000000000000000000 ) ) ;
#1577 = CARTESIAN_POINT ( 'NONE',  ( 24.00000000000000000, -123.5098182227954595, -4.895431806922982965 ) ) ;
#1578 = APPROVAL_PERSON_ORGANIZATION ( #1395, #1858, #656 ) ;
#1579 = DIRECTION ( 'NONE',  ( 1.000000000000000000, -0.000000000000000000, -0.000000000000000000 ) ) ;
#1580 = EDGE_LOOP ( 'NONE', ( #438, #843 ) ) ;
#1581 = ORIENTED_EDGE ( 'NONE', *, *, #910, .F. ) ;
#1582 = ORIENTED_EDGE ( 'NONE', *, *, #287, .F. ) ;
#1583 = CARTESIAN_POINT ( 'NONE',  ( 18.96194041145093934, 16.48418204801773257, -28.99127872667589401 ) ) ;
#1584 = ADVANCED_FACE ( 'NONE', ( #799 ), #78, .F. ) ;
#1585 = FACE_BOUND ( 'NONE', #555, .T. ) ;
#1586 = DIRECTION ( 'NONE',  ( -1.000000000000000000, 0.000000000000000000, 0.000000000000000000 ) ) ;
#1587 = CARTESIAN_POINT ( 'NONE',  ( 33.87601965656267566, -17.23445869079999326, -8.713976459019988852 ) ) ;
#1588 = CARTESIAN_POINT ( 'NONE',  ( 15.10162009010482898, -93.50260612121212489, -18.66636027291720623 ) ) ;
#1589 = EDGE_LOOP ( 'NONE', ( #1633, #1146, #628, #30 ) ) ;
#1590 = DIRECTION ( 'NONE',  ( 0.000000000000000000, 0.000000000000000000, 1.000000000000000000 ) ) ;
#1591 = EDGE_LOOP ( 'NONE', ( #298, #811, #727, #1765 ) ) ;
#1592 = VERTEX_POINT ( 'NONE', #1285 ) ;
#1593 = CIRCLE ( 'NONE', #1721, 1.782999999999999918 ) ;
#1594 = CARTESIAN_POINT ( 'NONE',  ( 18.66337504553172266, 20.94574542685212748, -31.97041490869166580 ) ) ;
#1596 = EDGE_CURVE ( 'NONE', #544, #1711, #76, .T. ) ;
#1595 = CARTESIAN_POINT ( 'NONE',  ( 18.52978064369402134, 4.211332190656314367, -40.22093423471073947 ) ) ;
#1597 = CARTESIAN_POINT ( 'NONE',  ( 18.96194041145093934, 0.000000000000000000, 0.000000000000000000 ) ) ;
#1598 = DIRECTION ( 'NONE',  ( 0.000000000000000000, 0.000000000000000000, -1.000000000000000000 ) ) ;
#1599 = ORIENTED_EDGE ( 'NONE', *, *, #1627, .F. ) ;
#1600 = ORIENTED_EDGE ( 'NONE', *, *, #966, .T. ) ;
#1601 = B_SPLINE_CURVE_WITH_KNOTS ( 'NONE', 3,
 ( #837, #411, #1595, #267 ),
 .UNSPECIFIED., .F., .F.,
 ( 4, 4 ),
 ( 0.04120965251232508453, 0.06454128171231436617 ),
 .UNSPECIFIED. ) ;
#1602 = EDGE_LOOP ( 'NONE', ( #570, #995, #1450, #609 ) ) ;
#1603 = CARTESIAN_POINT ( 'NONE',  ( 0.000000000000000000, 22.74988990246560050, 80.77178143173301805 ) ) ;
#1604 = CARTESIAN_POINT ( 'NONE',  ( -67.74903311566336583, 80.82807206179215598, -40.08750037883815054 ) ) ;
#1605 = AXIS2_PLACEMENT_3D ( 'NONE', #516, #376, #790 ) ;
#1606 = CIRCLE ( 'NONE', #1700, 1.782999999999999918 ) ;
#1607 = CARTESIAN_POINT ( 'NONE',  ( 17.60357086404824045, 5.225279493935819214E-15, -55.16572622066767195 ) ) ;
#1608 = DIRECTION ( 'NONE',  ( 0.000000000000000000, 0.000000000000000000, 1.000000000000000000 ) ) ;
#1609 =( BOUNDED_CURVE ( )  B_SPLINE_CURVE ( 3, ( #1007, #1575, #1722, #1445 ),
 .UNSPECIFIED., .F., .T. ) 
 B_SPLINE_CURVE_WITH_KNOTS ( ( 4, 4 ),
 ( 4.249618201094490288, 4.275487225918936929 ),
 .UNSPECIFIED. ) 
 CURVE ( )  GEOMETRIC_REPRESENTATION_ITEM ( )  RATIONAL_B_SPLINE_CURVE ( ( 1.000000000000000000, 0.9999442335737100951, 0.9999442335737100951, 1.000000000000000000 ) ) 
 REPRESENTATION_ITEM ( '' )  );
#1610 = ORIENTED_EDGE ( 'NONE', *, *, #1631, .T. ) ;
#1611 = CIRCLE ( 'NONE', #954, 1.782999999999999918 ) ;
#1612 = EDGE_CURVE ( 'NONE', #407, #992, #1140, .T. ) ;
#1613 = CARTESIAN_POINT ( 'NONE',  ( 15.94341496500339872, -7.427238429782880402, -81.51877041325674611 ) ) ;
#1614 = ORIENTED_EDGE ( 'NONE', *, *, #1493, .F. ) ;
#1615 = AXIS2_PLACEMENT_3D ( 'NONE', #974, #1568, #238 ) ;
#1616 = ORIENTED_EDGE ( 'NONE', *, *, #758, .T. ) ;
#1617 = CYLINDRICAL_SURFACE ( 'NONE', #268, 4.783000000000002139 ) ;
#1618 = LINE ( 'NONE', #1761, #1054 ) ;
#1619 = DIRECTION ( 'NONE',  ( -1.000000000000000000, 0.000000000000000000, 0.000000000000000000 ) ) ;
#1620 = EDGE_LOOP ( 'NONE', ( #1130, #667, #397, #708 ) ) ;
#1621 = DIRECTION ( 'NONE',  ( 1.000000000000000000, 0.000000000000000000, 0.000000000000000000 ) ) ;
#1622 = ORIENTED_EDGE ( 'NONE', *, *, #1313, .F. ) ;
#1623 = VERTEX_POINT ( 'NONE', #103 ) ;
#1624 = CARTESIAN_POINT ( 'NONE',  ( 0.000000000000000000, 2.846126253048166799, 33.22833226858836042 ) ) ;
#1625 = DIRECTION ( 'NONE',  ( 0.000000000000000000, 0.8329462148605645266, -0.5533539582848021610 ) ) ;
#1626 = DIRECTION ( 'NONE',  ( 0.000000000000000000, 0.000000000000000000, 1.000000000000000000 ) ) ;
#1627 = EDGE_CURVE ( 'NONE', #1209, #863, #663, .T. ) ;
#1628 = DIRECTION ( 'NONE',  ( 1.000000000000000000, -0.000000000000000000, 0.000000000000000000 ) ) ;
#1629 = CARTESIAN_POINT ( 'NONE',  ( 0.000000000000000000, -17.23445869079999326, -15.27997645901998958 ) ) ;
#1630 = DIRECTION ( 'NONE',  ( -1.000000000000000000, 0.000000000000000000, 0.000000000000000000 ) ) ;
#1631 = EDGE_CURVE ( 'NONE', #611, #1495, #310, .T. ) ;
#1632 = VERTEX_POINT ( 'NONE', #1259 ) ;
#1633 = ORIENTED_EDGE ( 'NONE', *, *, #592, .F. ) ;
#1634 = DIRECTION ( 'NONE',  ( -0.06214525989161977237, 0.000000000000000000, 0.9980671153148986674 ) ) ;
#1635 = CARTESIAN_POINT ( 'NONE',  ( 15.74332521437857935, 23.34930163228496980, -82.00459454836247630 ) ) ;
#1636 = FACE_BOUND ( 'NONE', #629, .T. ) ;
#1637 = PRODUCT_DEFINITION ( 'æœ', '', #825, #1115 ) ;
#1638 = DIRECTION ( 'NONE',  ( 1.000000000000000000, -0.000000000000000000, -0.000000000000000000 ) ) ;
#1639 = LINE ( 'NONE', #1733, #240 ) ;
#1640 = ORIENTED_EDGE ( 'NONE', *, *, #1510, .T. ) ;
#1641 = DIRECTION ( 'NONE',  ( 0.000000000000000000, 0.000000000000000000, 1.000000000000000000 ) ) ;
#1642 = ORIENTED_EDGE ( 'NONE', *, *, #1889, .T. ) ;
#1643 = AXIS2_PLACEMENT_3D ( 'NONE', #1161, #1065, #1659 ) ;
#1644 = EDGE_LOOP ( 'NONE', ( #465, #1432, #577, #1650 ) ) ;
#1645 = CARTESIAN_POINT ( 'NONE',  ( 24.00000000000000000, 102.7990045341148999, -68.63676213807902116 ) ) ;
#1646 = CARTESIAN_POINT ( 'NONE',  ( -67.74903311566335162, -35.37008268621579532, -83.00085644509860572 ) ) ;
#1647 = EDGE_CURVE ( 'NONE', #1491, #284, #1833, .T. ) ;
#1648 = DIRECTION ( 'NONE',  ( 0.000000000000000000, 0.03960487526604344194, -0.9992154191440207889 ) ) ;
#1649 = CARTESIAN_POINT ( 'NONE',  ( 0.000000000000000000, 32.48152330999007376, 7.561292446571012071 ) ) ;
#1650 = ORIENTED_EDGE ( 'NONE', *, *, #1822, .T. ) ;
#1651 = LINE ( 'NONE', #1508, #142 ) ;
#1652 = ORIENTED_EDGE ( 'NONE', *, *, #1049, .T. ) ;
#1653 = CARTESIAN_POINT ( 'NONE',  ( 6.938893903907228378E-15, -93.80843627643392324, 10.62091148196468460 ) ) ;
#1654 = VERTEX_POINT ( 'NONE', #213 ) ;
#1655 = AXIS2_PLACEMENT_3D ( 'NONE', #1096, #134, #1166 ) ;
#1656 = DIRECTION ( 'NONE',  ( 1.000000000000000000, -0.000000000000000000, -0.000000000000000000 ) ) ;
#1657 = CONICAL_SURFACE ( 'NONE', #806, 33.35000000000000142, 1.508610996046928499 ) ;
#1658 = EDGE_CURVE ( 'NONE', #1516, #651, #983, .T. ) ;
#1659 = DIRECTION ( 'NONE',  ( 0.000000000000000000, 0.000000000000000000, 1.000000000000000000 ) ) ;
#1660 = EDGE_LOOP ( 'NONE', ( #75, #699, #345, #579 ) ) ;
#1661 = VERTEX_POINT ( 'NONE', #1855 ) ;
#1662 = CARTESIAN_POINT ( 'NONE',  ( 0.000000000000000000, 29.07141437571070242, -78.71779362015732318 ) ) ;
#1663 = EDGE_LOOP ( 'NONE', ( #107, #1326, #1152, #1756 ) ) ;
#1664 = CC_DESIGN_PERSON_AND_ORGANIZATION_ASSIGNMENT ( #942, #1825, ( #825 ) ) ;
#1665 = EDGE_CURVE ( 'NONE', #1333, #1572, #1780, .T. ) ;
#1666 = ADVANCED_FACE ( 'NONE', ( #962 ), #1428, .F. ) ;
#1667 = FACE_BOUND ( 'NONE', #1072, .T. ) ;
#1668 = CARTESIAN_POINT ( 'NONE',  ( 18.96194041145093934, -24.35783031904117379, 22.77978494518328390 ) ) ;
#1669 = ORIENTED_EDGE ( 'NONE', *, *, #1063, .F. ) ;
#1670 = ORIENTED_EDGE ( 'NONE', *, *, #144, .T. ) ;
#1671 = ADVANCED_FACE ( 'NONE', ( #393 ), #1126, .F. ) ;
#1672 = LINE ( 'NONE', #1662, #1565 ) ;
#1673 = CIRCLE ( 'NONE', #98, 2.547999999999998266 ) ;
#1674 = ORIENTED_EDGE ( 'NONE', *, *, #1458, .T. ) ;
#1675 = AXIS2_PLACEMENT_3D ( 'NONE', #1448, #576, #1031 ) ;
#1676 = CARTESIAN_POINT ( 'NONE',  ( 18.66337504550664761, -35.73720240362524692, 13.55300871815592600 ) ) ;
#1677 = CYLINDRICAL_SURFACE ( 'NONE', #1605, 1.782999999999999918 ) ;
#1678 = AXIS2_PLACEMENT_3D ( 'NONE', #1032, #1630, #1098 ) ;
#1679 = DIRECTION ( 'NONE',  ( 0.000000000000000000, 0.000000000000000000, 1.000000000000000000 ) ) ;
#1680 = DIRECTION ( 'NONE',  ( -1.000000000000000000, 0.000000000000000000, 0.000000000000000000 ) ) ;
#1681 = ORIENTED_EDGE ( 'NONE', *, *, #1526, .T. ) ;
#1682 = CARTESIAN_POINT ( 'NONE',  ( 15.00000000000000000, -0.8290233122999931537, 20.79745898932000614 ) ) ;
#1683 = EDGE_LOOP ( 'NONE', ( #1452, #1745, #729, #473 ) ) ;
#1684 = CARTESIAN_POINT ( 'NONE',  ( 29.09877276435999249, 0.8333920401600072303, -17.42065899033999088 ) ) ;
#1685 = CARTESIAN_POINT ( 'NONE',  ( 15.10162009010483075, -94.68667750894636015, 11.20729492846787778 ) ) ;
#1686 = CARTESIAN_POINT ( 'NONE',  ( -6.938893903907228378E-15, 64.38709375617182218, 69.04439611562574441 ) ) ;
#1687 = CARTESIAN_POINT ( 'NONE',  ( 29.09877276435999249, 18.07003509438000677, -10.84028253233998917 ) ) ;
#1688 = VECTOR ( 'NONE', #1414, 1000.000000000000000 ) ;
#1689 = ORIENTED_EDGE ( 'NONE', *, *, #812, .T. ) ;
#1690 = EDGE_CURVE ( 'NONE', #888, #1301, #1606, .T. ) ;
#1691 = CARTESIAN_POINT ( 'NONE',  ( 15.46681594808169713, -54.67456959998157373, 71.18042417736155869 ) ) ;
#1692 = CARTESIAN_POINT ( 'NONE',  ( 14.15643650942230991, -48.51166166823231407, -99.96259704263748347 ) ) ;
#1693 = CARTESIAN_POINT ( 'NONE',  ( 15.00000000000000000, -0.8290233122999931537, 25.58045898932000739 ) ) ;
#1694 = LINE ( 'NONE', #1263, #1425 ) ;
#1695 = ORIENTED_EDGE ( 'NONE', *, *, #1323, .F. ) ;
#1696 = AXIS2_PLACEMENT_3D ( 'NONE', #840, #119, #697 ) ;
#1697 = CIRCLE ( 'NONE', #765, 4.783000000000002139 ) ;
#1698 = B_SPLINE_CURVE_WITH_KNOTS ( 'NONE', 3,
 ( #891, #1348, #1201, #350, #591, #1783, #489, #1368 ),
 .UNSPECIFIED., .F., .F.,
 ( 4, 2, 2, 4 ),
 ( 2.310674343291989577E-05, 0.03226138998791110157, 0.04838053161015018477, 0.06449967323238926797 ),
 .UNSPECIFIED. ) ;
#1699 = CARTESIAN_POINT ( 'NONE',  ( 29.09877276435999249, -0.8290233122999931537, 20.79745898932000614 ) ) ;
#1700 = AXIS2_PLACEMENT_3D ( 'NONE', #943, #501, #1411 ) ;
#1701 = FACE_OUTER_BOUND ( 'NONE', #917, .T. ) ;
#1702 = CIRCLE ( 'NONE', #1678, 4.783000000000000362 ) ;
#1703 = CARTESIAN_POINT ( 'NONE',  ( -1.387778780781445676E-14, 69.64980402837205986, -63.73171326856713392 ) ) ;
#1704 = CARTESIAN_POINT ( 'NONE',  ( 18.96194041145093934, 0.000000000000000000, 0.000000000000000000 ) ) ;
#1705 = ORIENTED_EDGE ( 'NONE', *, *, #391, .F. ) ;
#1706 = APPLICATION_CONTEXT ( 'configuration controlled 3d designs of mechanical parts and assemblies' ) ;
#1707 = DIRECTION ( 'NONE',  ( -1.000000000000000000, 0.000000000000000000, 0.000000000000000000 ) ) ;
#1708 = CARTESIAN_POINT ( 'NONE',  ( 6.359947064584995147, 3.132662426885982843, 33.20378941400824857 ) ) ;
#1709 = EDGE_CURVE ( 'NONE', #1462, #1242, #526, .T. ) ;
#1710 = CYLINDRICAL_SURFACE ( 'NONE', #1079, 12.64199999999999946 ) ;
#1711 = VERTEX_POINT ( 'NONE', #384 ) ;
#1712 = AXIS2_PLACEMENT_3D ( 'NONE', #632, #1546, #1077 ) ;
#1713 = PERSON_AND_ORGANIZATION_ROLE ( 'creator' ) ;
#1714 = EDGE_CURVE ( 'NONE', #154, #1592, #164, .T. ) ;
#1715 = ADVANCED_FACE ( 'NONE', ( #816 ), #677, .F. ) ;
#1716 = DIRECTION ( 'NONE',  ( 0.000000000000000000, 0.000000000000000000, 1.000000000000000000 ) ) ;
#1717 = CARTESIAN_POINT ( 'NONE',  ( 15.00000000000000000, 0.8333920401600068972, -19.96865899033998915 ) ) ;
#1718 = FACE_OUTER_BOUND ( 'NONE', #1453, .T. ) ;
#1719 = DIRECTION ( 'NONE',  ( -1.000000000000000000, -0.000000000000000000, -0.000000000000000000 ) ) ;
#1720 = EDGE_LOOP ( 'NONE', ( #1288, #1344, #1471, #1307 ) ) ;
#1721 = AXIS2_PLACEMENT_3D ( 'NONE', #1306, #1892, #1319 ) ;
#1722 = CARTESIAN_POINT ( 'NONE',  ( 6.359947064584776655, -22.05107487876945527, -25.02109713864545171 ) ) ;
#1723 = CARTESIAN_POINT ( 'NONE',  ( 18.66337384233663599, -26.21660508716755089, 27.81227821442327652 ) ) ;
#1724 = B_SPLINE_CURVE_WITH_KNOTS ( 'NONE', 3,
 ( #1744, #1613, #285, #1735 ),
 .UNSPECIFIED., .F., .F.,
 ( 4, 4 ),
 ( 6.471522340743514953E-05, 0.04120965251232508453 ),
 .UNSPECIFIED. ) ;
#1725 = CARTESIAN_POINT ( 'NONE',  ( 15.80264353887958784, 84.95279351819286262, 3.367177625253892082 ) ) ;
#1726 = EDGE_LOOP ( 'NONE', ( #326, #446 ) ) ;
#1727 = CARTESIAN_POINT ( 'NONE',  ( -67.74903311566336583, 77.40167733166967423, 46.35909043643651728 ) ) ;
#1728 = ORIENTED_EDGE ( 'NONE', *, *, #1596, .F. ) ;
#1729 = ORIENTED_EDGE ( 'NONE', *, *, #1658, .T. ) ;
#1730 = CARTESIAN_POINT ( 'NONE',  ( 14.71152218289138425, 8.088341714748748856, 101.6126907934511081 ) ) ;
#1731 = CARTESIAN_POINT ( 'NONE',  ( 15.10162009010482898, -93.50260612121212489, -18.66636027291720623 ) ) ;
#1732 = DIRECTION ( 'NONE',  ( -1.000000000000000000, 0.000000000000000000, 0.000000000000000000 ) ) ;
#1733 = CARTESIAN_POINT ( 'NONE',  ( -67.74903311566335162, 63.10272634693497906, 64.48434575486871267 ) ) ;
#1734 = ORIENTED_EDGE ( 'NONE', *, *, #1063, .T. ) ;
#1735 = CARTESIAN_POINT ( 'NONE',  ( 17.60357086404824045, 5.225279493935819214E-15, -55.16572622066767195 ) ) ;
#1736 = ORIENTED_EDGE ( 'NONE', *, *, #338, .T. ) ;
#1737 = ORIENTED_EDGE ( 'NONE', *, *, #675, .F. ) ;
#1738 = CARTESIAN_POINT ( 'NONE',  ( 17.39253184965169652, 38.78999476320542072, -43.88183620459676604 ) ) ;
#1739 = ADVANCED_FACE ( 'NONE', ( #126, #882, #870, #1585, #1467, #584 ), #1328, .F. ) ;
#1740 = PLANE ( 'NONE',  #1300 ) ;
#1741 = DIRECTION ( 'NONE',  ( -0.000000000000000000, 0.7851030935287358625, 0.6193651043864266681 ) ) ;
#1742 = CYLINDRICAL_SURFACE ( 'NONE', #1015, 4.783000000000002139 ) ;
#1743 = ORIENTED_EDGE ( 'NONE', *, *, #1169, .F. ) ;
#1744 = CARTESIAN_POINT ( 'NONE',  ( 15.10162009010482898, -11.14113073673036780, -94.69448538961472650 ) ) ;
#1745 = ORIENTED_EDGE ( 'NONE', *, *, #1390, .T. ) ;
#1746 =( BOUNDED_CURVE ( )  B_SPLINE_CURVE ( 3, ( #529, #1407, #1708, #371 ),
 .UNSPECIFIED., .F., .T. ) 
 B_SPLINE_CURVE_WITH_KNOTS ( ( 4, 4 ),
 ( 4.249618201094490288, 4.275487225918936929 ),
 .UNSPECIFIED. ) 
 CURVE ( )  GEOMETRIC_REPRESENTATION_ITEM ( )  RATIONAL_B_SPLINE_CURVE ( ( 1.000000000000000000, 0.9999442335737100951, 0.9999442335737100951, 1.000000000000000000 ) ) 
 REPRESENTATION_ITEM ( '' )  );
#1747 = ORIENTED_EDGE ( 'NONE', *, *, #436, .F. ) ;
#1748 = CARTESIAN_POINT ( 'NONE',  ( 18.35013005269554753, 25.40692463313103389, -34.94856900176207404 ) ) ;
#1749 = DIRECTION ( 'NONE',  ( 0.9975640502598243087, -0.05801376778007655277, 0.03873458889899594748 ) ) ;
#1750 = AXIS2_PLACEMENT_3D ( 'NONE', #1012, #545, #1755 ) ;
#1751 = CIRCLE ( 'NONE', #672, 4.783000000000000362 ) ;
#1752 = CARTESIAN_POINT ( 'NONE',  ( 14.81188783042109591, 100.4013908809053532, -8.145913086188018681 ) ) ;
#1753 = CARTESIAN_POINT ( 'NONE',  ( 15.10162009010483075, -18.60102161940324450, 93.51562624508997601 ) ) ;
#1754 = VERTEX_POINT ( 'NONE', #1181 ) ;
#1755 = DIRECTION ( 'NONE',  ( 0.000000000000000000, 0.000000000000000000, 1.000000000000000000 ) ) ;
#1756 = ORIENTED_EDGE ( 'NONE', *, *, #300, .T. ) ;
#1757 = ORIENTED_EDGE ( 'NONE', *, *, #1612, .F. ) ;
#1758 = AXIS2_PLACEMENT_3D ( 'NONE', #354, #72, #809 ) ;
#1759 = EDGE_CURVE ( 'NONE', #1888, #475, #892, .T. ) ;
#1760 = CARTESIAN_POINT ( 'NONE',  ( 29.09877276435999249, -17.23445869079999326, -10.49697645901998833 ) ) ;
#1761 = CARTESIAN_POINT ( 'NONE',  ( 18.96194041145093934, 4.084197075156423344E-15, -33.35000000000000142 ) ) ;
#1762 = EDGE_CURVE ( 'NONE', #905, #1623, #1158, .T. ) ;
#1763 = CARTESIAN_POINT ( 'NONE',  ( 15.10162009010482898, 86.61700865280606365, -39.85805024504573879 ) ) ;
#1764 = DIRECTION ( 'NONE',  ( 0.9975640502598243087, 0.01891154302663880168, 0.06714401812199251307 ) ) ;
#1765 = ORIENTED_EDGE ( 'NONE', *, *, #574, .T. ) ;
#1766 = DIRECTION ( 'NONE',  ( 1.000000000000000000, -0.000000000000000000, -0.000000000000000000 ) ) ;
#1767 = ORIENTED_EDGE ( 'NONE', *, *, #320, .F. ) ;
#1768 = EDGE_CURVE ( 'NONE', #1888, #179, #1618, .T. ) ;
#1769 = ORIENTED_EDGE ( 'NONE', *, *, #1210, .T. ) ;
#1770 = CARTESIAN_POINT ( 'NONE',  ( 15.10162009010483075, -18.60102161940324450, 93.51562624508997601 ) ) ;
#1771 = APPROVAL_STATUS ( 'not_yet_approved' ) ;
#1772 = AXIS2_PLACEMENT_3D ( 'NONE', #1811, #781, #57 ) ;
#1773 = DIRECTION ( 'NONE',  ( -1.000000000000000000, -0.000000000000000000, -0.000000000000000000 ) ) ;
#1774 = CARTESIAN_POINT ( 'NONE',  ( 17.39253184951613918, -57.17486114197483005, 12.70096437549299928 ) ) ;
#1775 = CARTESIAN_POINT ( 'NONE',  ( 18.96194041145093934, 0.000000000000000000, 0.000000000000000000 ) ) ;
#1776 = ORIENTED_EDGE ( 'NONE', *, *, #766, .T. ) ;
#1777 = VERTEX_POINT ( 'NONE', #1149 ) ;
#1778 = ORIENTED_EDGE ( 'NONE', *, *, #773, .F. ) ;
#1779 = AXIS2_PLACEMENT_3D ( 'NONE', #159, #894, #605 ) ;
#1780 = B_SPLINE_CURVE_WITH_KNOTS ( 'NONE', 3,
 ( #1685, #792, #378, #1405, #361, #981, #1691, #1561, #370 ),
 .UNSPECIFIED., .F., .F.,
 ( 4, 2, 1, 2, 4 ),
 ( 9.959635539512957144E-05, 0.02172821345463455886, 0.04335683055387398732, 0.06498544765311341231, 0.08661406475235282343 ),
 .UNSPECIFIED. ) ;
#1781 = ADVANCED_FACE ( 'NONE', ( #441 ), #1740, .F. ) ;
#1782 = CYLINDRICAL_SURFACE ( 'NONE', #514, 4.783000000000000362 ) ;
#1783 = CARTESIAN_POINT ( 'NONE',  ( 18.35012844117871467, 22.56114689108932936, 36.84984638642403354 ) ) ;
#1784 = CARTESIAN_POINT ( 'NONE',  ( 15.62912517584952710, 11.67607504535247287, -86.30714268270199341 ) ) ;
#1785 = DIRECTION ( 'NONE',  ( 0.000000000000000000, -0.5552830700857778190, -0.8316614167292559756 ) ) ;
#1786 = CARTESIAN_POINT ( 'NONE',  ( 6.359947064584487997, 5.750835354175997338, -32.85168333677572861 ) ) ;
#1787 = ORIENTED_EDGE ( 'NONE', *, *, #622, .F. ) ;
#1788 = EDGE_LOOP ( 'NONE', ( #1290, #504 ) ) ;
#1789 = AXIS2_PLACEMENT_3D ( 'NONE', #50, #1656, #1236 ) ;
#1790 = LINE ( 'NONE', #32, #386 ) ;
#1791 = EDGE_LOOP ( 'NONE', ( #88, #879, #65, #6, #454 ) ) ;
#1792 = AXIS2_PLACEMENT_3D ( 'NONE', #1133, #1487, #561 ) ;
#1793 = EDGE_CURVE ( 'NONE', #284, #1373, #1008, .T. ) ;
#1794 = PLANE ( 'NONE',  #692 ) ;
#1795 = CARTESIAN_POINT ( 'NONE',  ( 0.000000000000000000, 32.97808395453792940, -4.966737227541687894 ) ) ;
#1796 = DIRECTION ( 'NONE',  ( -1.000000000000000000, 0.000000000000000000, 0.000000000000000000 ) ) ;
#1797 = ORIENTED_EDGE ( 'NONE', *, *, #1805, .T. ) ;
#1798 = EDGE_CURVE ( 'NONE', #1572, #1473, #826, .T. ) ;
#1799 = CARTESIAN_POINT ( 'NONE',  ( 13.78518504928739752, -116.7864352481066987, 5.174347934568849894 ) ) ;
#1800 = ORIENTED_EDGE ( 'NONE', *, *, #1111, .F. ) ;
#1801 = AXIS2_PLACEMENT_3D ( 'NONE', #1577, #1741, #1286 ) ;
#1802 = MECHANICAL_CONTEXT ( 'NONE', #1706, 'mechanical' ) ;
#1803 = PLANE ( 'NONE',  #1882 ) ;
#1804 = AXIS2_PLACEMENT_3D ( 'NONE', #1206, #1343, #1641 ) ;
#1805 = EDGE_CURVE ( 'NONE', #641, #887, #77, .T. ) ;
#1806 = CARTESIAN_POINT ( 'NONE',  ( 0.000000000000000000, 5.467140578897114800, -32.89882784979696595 ) ) ;
#1807 = ORIENTED_EDGE ( 'NONE', *, *, #698, .T. ) ;
#1808 = ORIENTED_EDGE ( 'NONE', *, *, #1281, .F. ) ;
#1809 = DIRECTION ( 'NONE',  ( 1.000000000000000000, -0.000000000000000000, -0.000000000000000000 ) ) ;
#1810 = EDGE_LOOP ( 'NONE', ( #1047, #1357, #1162, #141 ) ) ;
#1811 = CARTESIAN_POINT ( 'NONE',  ( 15.00000000000000000, -17.23445869079999326, -10.49697645901998833 ) ) ;
#1812 = CALENDAR_DATE ( 2026, 27, 3 ) ;
#1813 =( BOUNDED_CURVE ( )  B_SPLINE_CURVE ( 3, ( #1180, #1327, #1038, #1051 ),
 .UNSPECIFIED., .F., .T. ) 
 B_SPLINE_CURVE_WITH_KNOTS ( ( 4, 4 ),
 ( 4.249618201094490288, 4.275487225918937817 ),
 .UNSPECIFIED. ) 
 CURVE ( )  GEOMETRIC_REPRESENTATION_ITEM ( )  RATIONAL_B_SPLINE_CURVE ( ( 1.000000000000000000, 0.9999442335737100951, 0.9999442335737100951, 1.000000000000000000 ) ) 
 REPRESENTATION_ITEM ( '' )  );
#1814 = PLANE ( 'NONE',  #1211 ) ;
#1815 = DIRECTION ( 'NONE',  ( 0.000000000000000000, 0.2733383332230997498, 0.9619179567878010095 ) ) ;
#1816 = CARTESIAN_POINT ( 'NONE',  ( 13.78518504931177091, -41.01009052529687438, -109.4715388104804106 ) ) ;
#1817 = VERTEX_POINT ( 'NONE', #1731 ) ;
#1818 = DIRECTION ( 'NONE',  ( -1.000000000000000000, -0.000000000000000000, -0.000000000000000000 ) ) ;
#1819 = ORIENTED_EDGE ( 'NONE', *, *, #1028, .T. ) ;
#1820 = AXIS2_PLACEMENT_3D ( 'NONE', #1699, #247, #109 ) ;
#1821 = B_SPLINE_CURVE_WITH_KNOTS ( 'NONE', 3,
 ( #431, #693, #836, #1293, #535, #1148, #1730, #1017 ),
 .UNSPECIFIED., .F., .F.,
 ( 4, 2, 2, 4 ),
 ( 2.078214968859086009E-07, 0.05041282828602768745, 0.07561913851829309141, 0.1008254487505584884 ),
 .UNSPECIFIED. ) ;
#1822 = EDGE_CURVE ( 'NONE', #788, #651, #1275, .T. ) ;
#1823 = DIRECTION ( 'NONE',  ( -1.000000000000000000, -0.000000000000000000, -0.000000000000000000 ) ) ;
#1824 = CARTESIAN_POINT ( 'NONE',  ( 60.00000000000000000, 0.000000000000000000, 33.35000000000000142 ) ) ;
#1825 = PERSON_AND_ORGANIZATION_ROLE ( 'design_supplier' ) ;
#1826 = ADVANCED_FACE ( 'NONE', ( #725, #1446 ), #542, .T. ) ;
#1827 = DIRECTION ( 'NONE',  ( 0.000000000000000000, 0.000000000000000000, 1.000000000000000000 ) ) ;
#1828 = DIRECTION ( 'NONE',  ( 0.9975640502598243087, -0.05476602333016929169, -0.04320472564215885325 ) ) ;
#1829 = DIRECTION ( 'NONE',  ( 0.000000000000000000, 0.7836654236366767945, 0.6211831483518752695 ) ) ;
#1830 = ORIENTED_EDGE ( 'NONE', *, *, #31, .F. ) ;
#1831 = EDGE_CURVE ( 'NONE', #722, #608, #958, .T. ) ;
#1832 = CARTESIAN_POINT ( 'NONE',  ( 17.39253184957776455, -29.74733867616567551, -50.45171041938206002 ) ) ;
#1833 = LINE ( 'NONE', #1097, #1366 ) ;
#1834 = CARTESIAN_POINT ( 'NONE',  ( 14.81198686757800331, -71.01427499433087576, -71.43843381535546655 ) ) ;
#1835 = DIRECTION ( 'NONE',  ( -1.000000000000000000, 0.000000000000000000, 0.000000000000000000 ) ) ;
#1836 = CARTESIAN_POINT ( 'NONE',  ( 15.68727369832157947, 85.51579813237789551, -11.04090554265345681 ) ) ;
#1837 = AXIS2_PLACEMENT_3D ( 'NONE', #604, #1029, #1626 ) ;
#1838 = ORIENTED_EDGE ( 'NONE', *, *, #1311, .F. ) ;
#1839 = EDGE_CURVE ( 'NONE', #179, #475, #1601, .T. ) ;
#1840 = APPROVAL_STATUS ( 'not_yet_approved' ) ;
#1841 = AXIS2_PLACEMENT_3D ( 'NONE', #1760, #166, #1496 ) ;
#1842 = CARTESIAN_POINT ( 'NONE',  ( 13.34204564977641105, 97.04407929468926852, 76.55773719128765720 ) ) ;
#1843 = DIRECTION ( 'NONE',  ( 1.000000000000000000, -0.000000000000000000, -0.000000000000000000 ) ) ;
#1844 = B_SPLINE_CURVE_WITH_KNOTS ( 'NONE', 3,
 ( #1009, #279, #1900, #1168, #1752, #1873, #817, #1560, #1112, #1842 ),
 .UNSPECIFIED., .F., .F.,
 ( 4, 2, 2, 2, 4 ),
 ( 2.001954258382854859E-07, 0.03632763193638643973, 0.07265506367734703153, 0.1089824954183076372, 0.1453099271592682429 ),
 .UNSPECIFIED. ) ;
#1845 = LINE ( 'NONE', #1529, #716 ) ;
#1846 = CARTESIAN_POINT ( 'NONE',  ( 18.66337384195023574, -34.55242494252989616, -16.33900648302179448 ) ) ;
#1847 = DIRECTION ( 'NONE',  ( 0.000000000000000000, 0.000000000000000000, 1.000000000000000000 ) ) ;
#1848 = EDGE_LOOP ( 'NONE', ( #33, #865, #786, #1076, #760 ) ) ;
#1849 = CIRCLE ( 'NONE', #1014, 12.64199999999999946 ) ;
#1850 = VECTOR ( 'NONE', #322, 999.9999999999998863 ) ;
#1851 = CARTESIAN_POINT ( 'NONE',  ( 13.34204564977641105, -42.82246512305700747, 115.9520458240766629 ) ) ;
#1852 = EDGE_CURVE ( 'NONE', #597, #1572, #846, .T. ) ;
#1853 = CIRCLE ( 'NONE', #1050, 1.782999999999999918 ) ;
#1854 = EDGE_CURVE ( 'NONE', #841, #153, #204, .T. ) ;
#1855 = CARTESIAN_POINT ( 'NONE',  ( 29.09877276435999249, 0.002184363420006862986, -12.22759999999999003 ) ) ;
#1856 = VECTOR ( 'NONE', #1504, 1000.000000000000000 ) ;
#1857 = CIRCLE ( 'NONE', #770, 33.35000000000000142 ) ;
#1858 = APPROVAL ( #1840, 'æœª' ) ;
#1859 = CARTESIAN_POINT ( 'NONE',  ( 15.00000000000000000, -0.8290233122999929316, 22.58045898932000384 ) ) ;
#1860 = EDGE_LOOP ( 'NONE', ( #1614, #265, #1557, #1819 ) ) ;
#1861 = ADVANCED_FACE ( 'NONE', ( #603 ), #1052, .F. ) ;
#1862 = EDGE_CURVE ( 'NONE', #45, #957, #911, .T. ) ;
#1863 = PERSON_AND_ORGANIZATION ( #1265, #1884 ) ;
#1864 = DIRECTION ( 'NONE',  ( -1.000000000000000000, -0.000000000000000000, -0.000000000000000000 ) ) ;
#1865 = DIRECTION ( 'NONE',  ( 0.000000000000000000, 0.000000000000000000, 1.000000000000000000 ) ) ;
#1866 = FACE_OUTER_BOUND ( 'NONE', #318, .T. ) ;
#1867 = EDGE_CURVE ( 'NONE', #1495, #1754, #1698, .T. ) ;
#1868 = CARTESIAN_POINT ( 'NONE',  ( 15.10162009010482898, 86.61700865280606365, -39.85805024504573879 ) ) ;
#1869 = ORIENTED_EDGE ( 'NONE', *, *, #592, .T. ) ;
#1870 = B_SPLINE_CURVE_WITH_KNOTS ( 'NONE', 3,
 ( #145, #1871, #724, #392, #1436, #980, #827, #108 ),
 .UNSPECIFIED., .F., .F.,
 ( 4, 2, 2, 4 ),
 ( 3.599286932607758871E-06, 0.01612274099917934342, 0.03224188271142608420, 0.06448016613591958657 ),
 .UNSPECIFIED. ) ;
#1871 = CARTESIAN_POINT ( 'NONE',  ( 18.66337504555295368, 36.87826272402018191, 10.04118615262653513 ) ) ;
#1872 = CARTESIAN_POINT ( 'NONE',  ( 12.68094636794309871, -29.33090780337452230, -15.87460401901642371 ) ) ;
#1873 = CARTESIAN_POINT ( 'NONE',  ( 14.81198686739809212, 99.44221315625645730, 16.05376348722606039 ) ) ;
#1874 = CARTESIAN_POINT ( 'NONE',  ( 18.96194041145093934, -24.35783031904117379, 22.77978494518328390 ) ) ;
#1875 = EDGE_LOOP ( 'NONE', ( #405, #263, #741, #272 ) ) ;
#1876 = CARTESIAN_POINT ( 'NONE',  ( 15.00000000000000000, -0.8290233122999925985, 16.01445898932000489 ) ) ;
#1877 = ORIENTED_EDGE ( 'NONE', *, *, #1376, .F. ) ;
#1878 = ORIENTED_EDGE ( 'NONE', *, *, #1323, .T. ) ;
#1879 = VECTOR ( 'NONE', #1237, 1000.000000000000000 ) ;
#1880 = CARTESIAN_POINT ( 'NONE',  ( 15.10162009010483075, 70.01564856859243946, -64.72232468643433378 ) ) ;
#1881 = DIRECTION ( 'NONE',  ( 0.000000000000000000, 0.000000000000000000, 1.000000000000000000 ) ) ;
#1882 = AXIS2_PLACEMENT_3D ( 'NONE', #913, #478, #1514 ) ;
#1883 = CYLINDRICAL_SURFACE ( 'NONE', #186, 2.547999999999998266 ) ;
#1884 = ORGANIZATION ( 'æœª', 'æœª', '' ) ;
#1885 = VERTEX_POINT ( 'NONE', #319 ) ;
#1886 = DIRECTION ( 'NONE',  ( 0.000000000000000000, 0.000000000000000000, 1.000000000000000000 ) ) ;
#1887 = EDGE_LOOP ( 'NONE', ( #1292, #374 ) ) ;
#1888 = VERTEX_POINT ( 'NONE', #1513 ) ;
#1889 = EDGE_CURVE ( 'NONE', #710, #288, #459, .T. ) ;
#1890 = DIRECTION ( 'NONE',  ( -0.06214525989161977237, 1.222279698104622755E-16, -0.9980671153148986674 ) ) ;
#1891 = DIRECTION ( 'NONE',  ( -0.06975647374412549673, 0.2704476652234086287, 0.9602041942972299182 ) ) ;
#1892 = DIRECTION ( 'NONE',  ( 1.000000000000000000, 0.000000000000000000, 0.000000000000000000 ) ) ;
#1893 = EDGE_LOOP ( 'NONE', ( #1217, #1089, #306, #1110, #1695 ) ) ;
#1894 = CARTESIAN_POINT ( 'NONE',  ( 6.359947064584714482, -30.61063436033699503, 13.23987422101831690 ) ) ;
#1895 = VERTEX_POINT ( 'NONE', #183 ) ;
#1896 = AXIS2_PLACEMENT_3D ( 'NONE', #1597, #1134, #1429 ) ;
#1897 = EDGE_LOOP ( 'NONE', ( #742, #1229 ) ) ;
#1898 = VECTOR ( 'NONE', #1099, 999.9999999999998863 ) ;
#1899 = CARTESIAN_POINT ( 'NONE',  ( -67.74903311566335162, -41.82844239660320085, 79.94101779764667981 ) ) ;
#1900 = CARTESIAN_POINT ( 'NONE',  ( 14.15626171076390349, 101.8400099855916494, -44.44170702623798519 ) ) ;
#1901 = DIRECTION ( 'NONE',  ( 0.000000000000000000, 0.000000000000000000, 1.000000000000000000 ) ) ;
#1902 = ORIENTED_EDGE ( 'NONE', *, *, #1239, .F. ) ;
#1903 = PLANE ( 'NONE',  #581 ) ;
#1904 = ORIENTED_EDGE ( 'NONE', *, *, #732, .F. ) ;
#1905 = VERTEX_POINT ( 'NONE', #1212 ) ;
#1906 = EDGE_CURVE ( 'NONE', #1491, #1075, #959, .T. ) ;
#1907 = AXIS2_PLACEMENT_3D ( 'NONE', #523, #596, #1194 ) ;
ENDSEC;
END-ISO-10303-21;
